insert into card(id, name, manaCost, cmc, rarity_id, set_id, imageUrl, c_power, c_toughness, description) values ('1420','Bane of Bala Ged','{7}','10','2','1','//gatherer.wizards.com/Handlers/Image.ashx?multiverseid=401814&type=card','7','5','Whenever Bane of Bala Ged attacks, defending player exiles two permanents he or she controls.');
insert into card_color (id_card, id_color) values (1420,1);
insert into card_type (id_card, id_type) values (1420,1);
insert into card(id, name, manaCost, cmc, rarity_id, set_id, imageUrl, c_power, c_toughness, description) values ('1421','Blight Herder','{5}','10','3','1','//gatherer.wizards.com/Handlers/Image.ashx?multiverseid=401819&type=card','4','5','When you cast Blight Herder, you may put two cards your opponents own from exile into their owners§ graveyards. If you do, create three 1/1 colorless Eldrazi Scion creature tokens. They have "Sacrifice this creature: Add {C} to your mana pool."');
insert into card_color (id_card, id_color) values (1421,1);
insert into card_type (id_card, id_type) values (1421,1);
insert into card(id, name, manaCost, cmc, rarity_id, set_id, imageUrl, c_power, c_toughness, description) values ('1422','Breaker of Armies','{8}','10','2','1','//gatherer.wizards.com/Handlers/Image.ashx?multiverseid=401829&type=card','10','8','All creatures able to block Breaker of Armies do so.');
insert into card_color (id_card, id_color) values (1422,1);
insert into card_type (id_card, id_type) values (1422,1);
insert into card(id, name, manaCost, cmc, rarity_id, set_id, imageUrl, c_power, c_toughness, description) values ('1423','Conduit of Ruin','{6}','10','3','1','//gatherer.wizards.com/Handlers/Image.ashx?multiverseid=401847&type=card','5','5','When you cast Conduit of Ruin, you may search your library for a colorless creature card with converted mana cost 7 or greater, reveal it, then shuffle your library and put that card on top of it.
The first creature spell you cast each turn costs {2} less to cast.');
insert into card_color (id_card, id_color) values (1423,1);
insert into card_type (id_card, id_type) values (1423,1);
insert into card(id, name, manaCost, cmc, rarity_id, set_id, imageUrl, c_power, c_toughness, description) values ('1424','Deathless Behemoth','{6}','10','2','1','//gatherer.wizards.com/Handlers/Image.ashx?multiverseid=401854&type=card','6','6','Vigilance
Sacrifice two Eldrazi Scions: Return Deathless Behemoth from your graveyard to your hand. Activate this ability only any time you could cast a sorcery.');
insert into card_color (id_card, id_color) values (1424,1);
insert into card_type (id_card, id_type) values (1424,1);
insert into card(id, name, manaCost, cmc, rarity_id, set_id, imageUrl, c_power, c_toughness, description) values ('1425','Desolation Twin','{10}','10','3','1','//gatherer.wizards.com/Handlers/Image.ashx?multiverseid=401857&type=card','10','10','When you cast Desolation Twin, create a 10/10 colorless Eldrazi creature token.');
insert into card_color (id_card, id_color) values (1425,1);
insert into card_type (id_card, id_type) values (1425,1);
insert into card(id, name, manaCost, cmc, rarity_id, set_id, imageUrl, c_power, c_toughness, description) values ('1426','Eldrazi Devastator','{8}','10','1','1','//gatherer.wizards.com/Handlers/Image.ashx?multiverseid=401867&type=card','8','9','Trample');
insert into card_color (id_card, id_color) values (1426,1);
insert into card_type (id_card, id_type) values (1426,1);
insert into card(id, name, manaCost, cmc, rarity_id, set_id, imageUrl, c_power, c_toughness, description) values ('1427','Endless One','{X}','10','3','1','//gatherer.wizards.com/Handlers/Image.ashx?multiverseid=401871&type=card','0','0','Endless One enters the battlefield with X +1/+1 counters on it.');
insert into card_color (id_card, id_color) values (1427,1);
insert into card_type (id_card, id_type) values (1427,1);
insert into card(id, name, manaCost, cmc, rarity_id, set_id, imageUrl, c_power, c_toughness, description) values ('1428','Gruesome Slaughter','{6}','10','3','1','//gatherer.wizards.com/Handlers/Image.ashx?multiverseid=401905&type=card','none','none','Until end of turn, colorless creatures you control gain "{T}: This creature deals damage equal to its power to target creature."');
insert into card_color (id_card, id_color) values (1428,1);
insert into card_type (id_card, id_type) values (1428,6);
insert into card(id, name, manaCost, cmc, rarity_id, set_id, imageUrl, c_power, c_toughness, description) values ('1429','Kozilek§s Channeler','{5}','10','1','1','//gatherer.wizards.com/Handlers/Image.ashx?multiverseid=401936&type=card','4','4','{T}: Add {C}{C} to your mana pool.');
insert into card_color (id_card, id_color) values (1429,1);
insert into card_type (id_card, id_type) values (1429,1);
insert into card(id, name, manaCost, cmc, rarity_id, set_id, imageUrl, c_power, c_toughness, description) values ('1430','Oblivion Sower','{6}','10','4','1','//gatherer.wizards.com/Handlers/Image.ashx?multiverseid=401972&type=card','5','8','When you cast Oblivion Sower, target opponent exiles the top four cards of his or her library, then you may put any number of land cards that player owns from exile onto the battlefield under your control.');
insert into card_color (id_card, id_color) values (1430,1);
insert into card_type (id_card, id_type) values (1430,1);
insert into card(id, name, manaCost, cmc, rarity_id, set_id, imageUrl, c_power, c_toughness, description) values ('1431','Ruin Processor','{7}','10','1','1','//gatherer.wizards.com/Handlers/Image.ashx?multiverseid=402017&type=card','7','8','When you cast Ruin Processor, you may put a card an opponent owns from exile into that player§s graveyard. If you do, you gain 5 life.');
insert into card_color (id_card, id_color) values (1431,1);
insert into card_type (id_card, id_type) values (1431,1);
insert into card(id, name, manaCost, cmc, rarity_id, set_id, imageUrl, c_power, c_toughness, description) values ('1432','Scour from Existence','{7}','10','1','1','//gatherer.wizards.com/Handlers/Image.ashx?multiverseid=402025&type=card','none','none','Exile target permanent.');
insert into card_color (id_card, id_color) values (1432,1);
insert into card_type (id_card, id_type) values (1432,7);
insert into card(id, name, manaCost, cmc, rarity_id, set_id, imageUrl, c_power, c_toughness, description) values ('1433','Titan§s Presence','{3}','10','2','1','//gatherer.wizards.com/Handlers/Image.ashx?multiverseid=402073&type=card','none','none','As an additional cost to cast Titan§s Presence, reveal a colorless creature card from your hand.
Exile target creature if its power is less than or equal to the revealed card§s power.');
insert into card_color (id_card, id_color) values (1433,1);
insert into card_type (id_card, id_type) values (1433,7);
insert into card(id, name, manaCost, cmc, rarity_id, set_id, imageUrl, c_power, c_toughness, description) values ('1434','Ulamog, the Ceaseless Hunger','{10}','10','4','1','//gatherer.wizards.com/Handlers/Image.ashx?multiverseid=402079&type=card','10','10','When you cast Ulamog, the Ceaseless Hunger, exile two target permanents.
Indestructible
Whenever Ulamog attacks, defending player exiles the top twenty cards of his or her library.');
insert into card_color (id_card, id_color) values (1434,1);
insert into card_type (id_card, id_type) values (1434,1);
insert into card_supertype (id_card, id_supertype) values (1434,3);
insert into card(id, name, manaCost, cmc, rarity_id, set_id, imageUrl, c_power, c_toughness, description) values ('1435','Ulamog§s Despoiler','{6}','10','2','1','//gatherer.wizards.com/Handlers/Image.ashx?multiverseid=402080&type=card','5','5','As Ulamog§s Despoiler enters the battlefield, you may put two cards your opponents own from exile into their owners§ graveyards. If you do, Ulamog§s Despoiler enters the battlefield with four +1/+1 counters on it.');
insert into card_color (id_card, id_color) values (1435,1);
insert into card_type (id_card, id_type) values (1435,1);
insert into card(id, name, manaCost, cmc, rarity_id, set_id, imageUrl, c_power, c_toughness, description) values ('1436','Void Winnower','{9}','10','4','1','//gatherer.wizards.com/Handlers/Image.ashx?multiverseid=402093&type=card','11','9','Your opponents can§t cast spells with even converted mana costs. (Zero is even.)
Your opponents can§t block with creatures with even converted mana costs.');
insert into card_color (id_card, id_color) values (1436,1);
insert into card_type (id_card, id_type) values (1436,1);
insert into card(id, name, manaCost, cmc, rarity_id, set_id, imageUrl, c_power, c_toughness, description) values ('1437','Angel of Renewal','{5}{W}','10','2','1','//gatherer.wizards.com/Handlers/Image.ashx?multiverseid=401810&type=card','4','4','Flying
When Angel of Renewal enters the battlefield, you gain 1 life for each creature you control.');
insert into card_color (id_card, id_color) values (1437,2);
insert into card_type (id_card, id_type) values (1437,1);
insert into card(id, name, manaCost, cmc, rarity_id, set_id, imageUrl, c_power, c_toughness, description) values ('1438','Angelic Gift','{1}{W}','10','1','1','//gatherer.wizards.com/Handlers/Image.ashx?multiverseid=401812&type=card','none','none','Enchant creature
When Angelic Gift enters the battlefield, draw a card.
Enchanted creature has flying.');
insert into card_color (id_card, id_color) values (1438,2);
insert into card_type (id_card, id_type) values (1438,4);
insert into card(id, name, manaCost, cmc, rarity_id, set_id, imageUrl, c_power, c_toughness, description) values ('1439','Cliffside Lookout','{W}','10','1','1','//gatherer.wizards.com/Handlers/Image.ashx?multiverseid=401842&type=card','1','1','{4}{W}: Creatures you control get +1/+1 until end of turn.');
insert into card_color (id_card, id_color) values (1439,2);
insert into card_type (id_card, id_type) values (1439,1);
insert into card(id, name, manaCost, cmc, rarity_id, set_id, imageUrl, c_power, c_toughness, description) values ('1440','Courier Griffin','{3}{W}','10','1','1','//gatherer.wizards.com/Handlers/Image.ashx?multiverseid=401849&type=card','2','3','Flying
When Courier Griffin enters the battlefield, you gain 2 life.');
insert into card_color (id_card, id_color) values (1440,2);
insert into card_type (id_card, id_type) values (1440,1);
insert into card(id, name, manaCost, cmc, rarity_id, set_id, imageUrl, c_power, c_toughness, description) values ('1441','Emeria Shepherd','{5}{W}{W}','10','3','1','//gatherer.wizards.com/Handlers/Image.ashx?multiverseid=401869&type=card','4','4','Flying
Landfall — Whenever a land enters the battlefield under your control, you may return target nonland permanent card from your graveyard to your hand. If that land is a Plains, you may return that nonland permanent card to the battlefield instead.');
insert into card_color (id_card, id_color) values (1441,2);
insert into card_type (id_card, id_type) values (1441,1);
insert into card(id, name, manaCost, cmc, rarity_id, set_id, imageUrl, c_power, c_toughness, description) values ('1442','Encircling Fissure','{2}{W}','10','2','1','//gatherer.wizards.com/Handlers/Image.ashx?multiverseid=401870&type=card','none','none','Prevent all combat damage that would be dealt this turn by creatures target opponent controls.
Awaken 2—{4}{W} (If you cast this spell for {4}{W}, also put two +1/+1 counters on target land you control and it becomes a 0/0 Elemental creature with haste. It§s still a land.)');
insert into card_color (id_card, id_color) values (1442,2);
insert into card_type (id_card, id_type) values (1442,7);
insert into card(id, name, manaCost, cmc, rarity_id, set_id, imageUrl, c_power, c_toughness, description) values ('1443','Expedition Envoy','{W}','10','2','1','//gatherer.wizards.com/Handlers/Image.ashx?multiverseid=401874&type=card','2','1','null');
insert into card_color (id_card, id_color) values (1443,2);
insert into card_type (id_card, id_type) values (1443,1);
insert into card(id, name, manaCost, cmc, rarity_id, set_id, imageUrl, c_power, c_toughness, description) values ('1444','Felidar Cub','{1}{W}','10','1','1','//gatherer.wizards.com/Handlers/Image.ashx?multiverseid=401877&type=card','2','2','Sacrifice Felidar Cub: Destroy target enchantment.');
insert into card_color (id_card, id_color) values (1444,2);
insert into card_type (id_card, id_type) values (1444,1);
insert into card(id, name, manaCost, cmc, rarity_id, set_id, imageUrl, c_power, c_toughness, description) values ('1445','Felidar Sovereign','{4}{W}{W}','10','3','1','//gatherer.wizards.com/Handlers/Image.ashx?multiverseid=401878&type=card','4','6','Vigilance, lifelink
At the beginning of your upkeep, if you have 40 or more life, you win the game.');
insert into card_color (id_card, id_color) values (1445,2);
insert into card_type (id_card, id_type) values (1445,1);
insert into card(id, name, manaCost, cmc, rarity_id, set_id, imageUrl, c_power, c_toughness, description) values ('1446','Fortified Rampart','{1}{W}','10','1','1','//gatherer.wizards.com/Handlers/Image.ashx?multiverseid=401892&type=card','0','6','Defender');
insert into card_color (id_card, id_color) values (1446,2);
insert into card_type (id_card, id_type) values (1446,1);
insert into card(id, name, manaCost, cmc, rarity_id, set_id, imageUrl, c_power, c_toughness, description) values ('1447','Ghostly Sentinel','{4}{W}','10','1','1','//gatherer.wizards.com/Handlers/Image.ashx?multiverseid=401895&type=card','3','3','Flying, vigilance');
insert into card_color (id_card, id_color) values (1447,2);
insert into card_type (id_card, id_type) values (1447,1);
insert into card(id, name, manaCost, cmc, rarity_id, set_id, imageUrl, c_power, c_toughness, description) values ('1448','Gideon, Ally of Zendikar','{2}{W}{W}','10','4','1','//gatherer.wizards.com/Handlers/Image.ashx?multiverseid=401897&type=card','none','none','+1: Until end of turn, Gideon, Ally of Zendikar becomes a 5/5 Human Soldier Ally creature with indestructible that§s still a planeswalker. Prevent all damage that would be dealt to him this turn.
0: Create a 2/2 white Knight Ally creature token.
−4: You get an emblem with "Creatures you control get +1/+1."');
insert into card_color (id_card, id_color) values (1448,2);
insert into card_type (id_card, id_type) values (1448,5);
insert into card(id, name, manaCost, cmc, rarity_id, set_id, imageUrl, c_power, c_toughness, description) values ('1449','Gideon§s Reproach','{1}{W}','10','1','1','//gatherer.wizards.com/Handlers/Image.ashx?multiverseid=401898&type=card','none','none','Gideon§s Reproach deals 4 damage to target attacking or blocking creature.');
insert into card_color (id_card, id_color) values (1449,2);
insert into card_type (id_card, id_type) values (1449,7);
insert into card(id, name, manaCost, cmc, rarity_id, set_id, imageUrl, c_power, c_toughness, description) values ('1450','Hero of Goma Fada','{4}{W}','10','3','1','//gatherer.wizards.com/Handlers/Image.ashx?multiverseid=401913&type=card','4','3','Rally — Whenever Hero of Goma Fada or another Ally enters the battlefield under your control, creatures you control gain indestructible until end of turn.');
insert into card_color (id_card, id_color) values (1450,2);
insert into card_type (id_card, id_type) values (1450,1);
insert into card(id, name, manaCost, cmc, rarity_id, set_id, imageUrl, c_power, c_toughness, description) values ('1451','Inspired Charge','{2}{W}{W}','10','1','1','//gatherer.wizards.com/Handlers/Image.ashx?multiverseid=401917&type=card','none','none','Creatures you control get +2/+1 until end of turn.');
insert into card_color (id_card, id_color) values (1451,2);
insert into card_type (id_card, id_type) values (1451,7);
insert into card(id, name, manaCost, cmc, rarity_id, set_id, imageUrl, c_power, c_toughness, description) values ('1452','Kitesail Scout','{W}','10','1','1','//gatherer.wizards.com/Handlers/Image.ashx?multiverseid=401932&type=card','1','1','Flying');
insert into card_color (id_card, id_color) values (1452,2);
insert into card_type (id_card, id_type) values (1452,1);
insert into card(id, name, manaCost, cmc, rarity_id, set_id, imageUrl, c_power, c_toughness, description) values ('1453','Kor Bladewhirl','{1}{W}','10','2','1','//gatherer.wizards.com/Handlers/Image.ashx?multiverseid=401933&type=card','2','2','Rally — Whenever Kor Bladewhirl or another Ally enters the battlefield under your control, creatures you control gain first strike until end of turn.');
insert into card_color (id_card, id_color) values (1453,2);
insert into card_type (id_card, id_type) values (1453,1);
insert into card(id, name, manaCost, cmc, rarity_id, set_id, imageUrl, c_power, c_toughness, description) values ('1454','Kor Castigator','{1}{W}','10','1','1','//gatherer.wizards.com/Handlers/Image.ashx?multiverseid=401934&type=card','3','1','Kor Castigator can§t be blocked by Eldrazi Scions.');
insert into card_color (id_card, id_color) values (1454,2);
insert into card_type (id_card, id_type) values (1454,1);
insert into card(id, name, manaCost, cmc, rarity_id, set_id, imageUrl, c_power, c_toughness, description) values ('1455','Kor Entanglers','{4}{W}','10','2','1','//gatherer.wizards.com/Handlers/Image.ashx?multiverseid=401935&type=card','3','4','Rally — Whenever Kor Entanglers or another Ally enters the battlefield under your control, tap target creature an opponent controls.');
insert into card_color (id_card, id_color) values (1455,2);
insert into card_type (id_card, id_type) values (1455,1);
insert into card(id, name, manaCost, cmc, rarity_id, set_id, imageUrl, c_power, c_toughness, description) values ('1456','Lantern Scout','{2}{W}','10','3','1','//gatherer.wizards.com/Handlers/Image.ashx?multiverseid=401938&type=card','3','2','Rally — Whenever Lantern Scout or another Ally enters the battlefield under your control, creatures you control gain lifelink until end of turn.');
insert into card_color (id_card, id_color) values (1456,2);
insert into card_type (id_card, id_type) values (1456,1);
insert into card(id, name, manaCost, cmc, rarity_id, set_id, imageUrl, c_power, c_toughness, description) values ('1457','Lithomancer§s Focus','{W}','10','1','1','//gatherer.wizards.com/Handlers/Image.ashx?multiverseid=401941&type=card','none','none','Target creature gets +2/+2 until end of turn. Prevent all damage that would be dealt to that creature this turn by colorless sources.');
insert into card_color (id_card, id_color) values (1457,2);
insert into card_type (id_card, id_type) values (1457,7);
insert into card(id, name, manaCost, cmc, rarity_id, set_id, imageUrl, c_power, c_toughness, description) values ('1458','Makindi Patrol','{2}{W}','10','1','1','//gatherer.wizards.com/Handlers/Image.ashx?multiverseid=401944&type=card','2','3','Rally — Whenever Makindi Patrol or another Ally enters the battlefield under your control, creatures you control gain vigilance until end of turn.');
insert into card_color (id_card, id_color) values (1458,2);
insert into card_type (id_card, id_type) values (1458,1);
insert into card(id, name, manaCost, cmc, rarity_id, set_id, imageUrl, c_power, c_toughness, description) values ('1459','Ondu Greathorn','{3}{W}','10','1','1','//gatherer.wizards.com/Handlers/Image.ashx?multiverseid=401975&type=card','2','3','First strike
Landfall — Whenever a land enters the battlefield under your control, Ondu Greathorn gets +2/+2 until end of turn.');
insert into card_color (id_card, id_color) values (1459,2);
insert into card_type (id_card, id_type) values (1459,1);
insert into card(id, name, manaCost, cmc, rarity_id, set_id, imageUrl, c_power, c_toughness, description) values ('1460','Ondu Rising','{1}{W}','10','2','1','//gatherer.wizards.com/Handlers/Image.ashx?multiverseid=401976&type=card','none','none','Whenever a creature attacks this turn, it gains lifelink until end of turn.
Awaken 4—{4}{W} (If you cast this spell for {4}{W}, also put four +1/+1 counters on target land you control and it becomes a 0/0 Elemental creature with haste. It§s still a land.)');
insert into card_color (id_card, id_color) values (1460,2);
insert into card_type (id_card, id_type) values (1460,6);
insert into card(id, name, manaCost, cmc, rarity_id, set_id, imageUrl, c_power, c_toughness, description) values ('1461','Planar Outburst','{3}{W}{W}','10','3','1','//gatherer.wizards.com/Handlers/Image.ashx?multiverseid=401995&type=card','none','none','Destroy all nonland creatures.
Awaken 4—{5}{W}{W}{W} (If you cast this spell for {5}{W}{W}{W}, also put four +1/+1 counters on target land you control and it becomes a 0/0 Elemental creature with haste. It§s still a land.)');
insert into card_color (id_card, id_color) values (1461,2);
insert into card_type (id_card, id_type) values (1461,6);
insert into card(id, name, manaCost, cmc, rarity_id, set_id, imageUrl, c_power, c_toughness, description) values ('1462','Quarantine Field','{X}{X}{W}{W}','10','4','1','//gatherer.wizards.com/Handlers/Image.ashx?multiverseid=402001&type=card','none','none','Quarantine Field enters the battlefield with X isolation counters on it.
When Quarantine Field enters the battlefield, for each isolation counter on it, exile up to one target nonland permanent an opponent controls until Quarantine Field leaves the battlefield.');
insert into card_color (id_card, id_color) values (1462,2);
insert into card_type (id_card, id_type) values (1462,4);
insert into card(id, name, manaCost, cmc, rarity_id, set_id, imageUrl, c_power, c_toughness, description) values ('1463','Retreat to Emeria','{3}{W}','10','2','1','//gatherer.wizards.com/Handlers/Image.ashx?multiverseid=402007&type=card','none','none','Landfall — Whenever a land enters the battlefield under your control, choose one —
• Create a 1/1 white Kor Ally creature token.
• Creatures you control get +1/+1 until end of turn.');
insert into card_color (id_card, id_color) values (1463,2);
insert into card_type (id_card, id_type) values (1463,4);
insert into card(id, name, manaCost, cmc, rarity_id, set_id, imageUrl, c_power, c_toughness, description) values ('1464','Roil§s Retribution','{3}{W}{W}','10','2','1','//gatherer.wizards.com/Handlers/Image.ashx?multiverseid=402013&type=card','none','none','Roil§s Retribution deals 5 damage divided as you choose among any number of target attacking or blocking creatures.');
insert into card_color (id_card, id_color) values (1464,2);
insert into card_type (id_card, id_type) values (1464,7);
insert into card(id, name, manaCost, cmc, rarity_id, set_id, imageUrl, c_power, c_toughness, description) values ('1465','Serene Steward','{1}{W}','10','2','1','//gatherer.wizards.com/Handlers/Image.ashx?multiverseid=402028&type=card','2','2','Whenever you gain life, you may pay {W}. If you do, put a +1/+1 counter on target creature.');
insert into card_color (id_card, id_color) values (1465,2);
insert into card_type (id_card, id_type) values (1465,1);
insert into card(id, name, manaCost, cmc, rarity_id, set_id, imageUrl, c_power, c_toughness, description) values ('1466','Shadow Glider','{2}{W}','10','1','1','//gatherer.wizards.com/Handlers/Image.ashx?multiverseid=402030&type=card','2','2','Flying');
insert into card_color (id_card, id_color) values (1466,2);
insert into card_type (id_card, id_type) values (1466,1);
insert into card(id, name, manaCost, cmc, rarity_id, set_id, imageUrl, c_power, c_toughness, description) values ('1467','Sheer Drop','{2}{W}','10','1','1','//gatherer.wizards.com/Handlers/Image.ashx?multiverseid=402033&type=card','none','none','Destroy target tapped creature.
Awaken 3—{5}{W} (If you cast this spell for {5}{W}, also put three +1/+1 counters on target land you control and it becomes a 0/0 Elemental creature with haste. It§s still a land.)');
insert into card_color (id_card, id_color) values (1467,2);
insert into card_type (id_card, id_type) values (1467,6);
insert into card(id, name, manaCost, cmc, rarity_id, set_id, imageUrl, c_power, c_toughness, description) values ('1468','Smite the Monstrous','{3}{W}','10','1','1','//gatherer.wizards.com/Handlers/Image.ashx?multiverseid=402042&type=card','none','none','Destroy target creature with power 4 or greater.');
insert into card_color (id_card, id_color) values (1468,2);
insert into card_type (id_card, id_type) values (1468,7);
insert into card(id, name, manaCost, cmc, rarity_id, set_id, imageUrl, c_power, c_toughness, description) values ('1469','Stasis Snare','{1}{W}{W}','10','2','1','//gatherer.wizards.com/Handlers/Image.ashx?multiverseid=402048&type=card','none','none','Flash (You may cast this spell any time you could cast an instant.)
When Stasis Snare enters the battlefield, exile target creature an opponent controls until Stasis Snare leaves the battlefield. (That creature returns under its owner§s control.)');
insert into card_color (id_card, id_color) values (1469,2);
insert into card_type (id_card, id_type) values (1469,4);
insert into card(id, name, manaCost, cmc, rarity_id, set_id, imageUrl, c_power, c_toughness, description) values ('1470','Stone Haven Medic','{1}{W}','10','1','1','//gatherer.wizards.com/Handlers/Image.ashx?multiverseid=402049&type=card','1','3','{W}, {T}: You gain 1 life.');
insert into card_color (id_card, id_color) values (1470,2);
insert into card_type (id_card, id_type) values (1470,1);
insert into card(id, name, manaCost, cmc, rarity_id, set_id, imageUrl, c_power, c_toughness, description) values ('1471','Tandem Tactics','{1}{W}','10','1','1','//gatherer.wizards.com/Handlers/Image.ashx?multiverseid=402069&type=card','none','none','Up to two target creatures each get +1/+2 until end of turn. You gain 2 life.');
insert into card_color (id_card, id_color) values (1471,2);
insert into card_type (id_card, id_type) values (1471,7);
insert into card(id, name, manaCost, cmc, rarity_id, set_id, imageUrl, c_power, c_toughness, description) values ('1472','Unified Front','{3}{W}','10','2','1','//gatherer.wizards.com/Handlers/Image.ashx?multiverseid=402084&type=card','none','none','Converge — Create a 1/1 white Kor Ally creature token for each color of mana spent to cast Unified Front.');
insert into card_color (id_card, id_color) values (1472,2);
insert into card_type (id_card, id_type) values (1472,6);
insert into card(id, name, manaCost, cmc, rarity_id, set_id, imageUrl, c_power, c_toughness, description) values ('1473','Adverse Conditions','{3}{U}','10','2','1','//gatherer.wizards.com/Handlers/Image.ashx?multiverseid=401803&type=card','none','none','Devoid (This card has no color.)
Tap up to two target creatures. Those creatures don§t untap during their controller§s next untap step. Create a 1/1 colorless Eldrazi Scion creature token. It has "Sacrifice this creature: Add {C} to your mana pool."');
insert into card_color (id_card, id_color) values (1473,6);
insert into card_type (id_card, id_type) values (1473,7);
insert into card(id, name, manaCost, cmc, rarity_id, set_id, imageUrl, c_power, c_toughness, description) values ('1474','Benthic Infiltrator','{2}{U}','10','1','1','//gatherer.wizards.com/Handlers/Image.ashx?multiverseid=401818&type=card','1','4','Devoid (This card has no color.)
Ingest (Whenever this creature deals combat damage to a player, that player exiles the top card of his or her library.)
Benthic Infiltrator can§t be blocked.');
insert into card_color (id_card, id_color) values (1474,6);
insert into card_type (id_card, id_type) values (1474,1);
insert into card(id, name, manaCost, cmc, rarity_id, set_id, imageUrl, c_power, c_toughness, description) values ('1475','Cryptic Cruiser','{3}{U}','10','2','1','//gatherer.wizards.com/Handlers/Image.ashx?multiverseid=401851&type=card','3','3','Devoid (This card has no color.)
{2}{U}, Put a card an opponent owns from exile into that player§s graveyard: Tap target creature.');
insert into card_color (id_card, id_color) values (1475,6);
insert into card_type (id_card, id_type) values (1475,1);
insert into card(id, name, manaCost, cmc, rarity_id, set_id, imageUrl, c_power, c_toughness, description) values ('1476','Drowner of Hope','{5}{U}','10','3','1','//gatherer.wizards.com/Handlers/Image.ashx?multiverseid=401863&type=card','5','5','Devoid (This card has no color.)
When Drowner of Hope enters the battlefield, create two 1/1 colorless Eldrazi Scion creature tokens. They have "Sacrifice this creature: Add {C} to your mana pool."
Sacrifice an Eldrazi Scion: Tap target creature.');
insert into card_color (id_card, id_color) values (1476,6);
insert into card_type (id_card, id_type) values (1476,1);
insert into card(id, name, manaCost, cmc, rarity_id, set_id, imageUrl, c_power, c_toughness, description) values ('1477','Eldrazi Skyspawner','{2}{U}','10','1','1','//gatherer.wizards.com/Handlers/Image.ashx?multiverseid=401868&type=card','2','1','Devoid (This card has no color.)
Flying
When Eldrazi Skyspawner enters the battlefield, create a 1/1 colorless Eldrazi Scion creature token. It has "Sacrifice this creature: Add {C} to your mana pool."');
insert into card_color (id_card, id_color) values (1477,6);
insert into card_type (id_card, id_type) values (1477,1);
insert into card(id, name, manaCost, cmc, rarity_id, set_id, imageUrl, c_power, c_toughness, description) values ('1478','Horribly Awry','{1}{U}','10','2','1','//gatherer.wizards.com/Handlers/Image.ashx?multiverseid=401914&type=card','none','none','Devoid (This card has no color.)
Counter target creature spell with converted mana cost 4 or less. If that spell is countered this way, exile it instead of putting it into its owner§s graveyard.');
insert into card_color (id_card, id_color) values (1478,6);
insert into card_type (id_card, id_type) values (1478,7);
insert into card(id, name, manaCost, cmc, rarity_id, set_id, imageUrl, c_power, c_toughness, description) values ('1479','Incubator Drone','{3}{U}','10','1','1','//gatherer.wizards.com/Handlers/Image.ashx?multiverseid=401915&type=card','2','3','Devoid (This card has no color.)
When Incubator Drone enters the battlefield, create a 1/1 colorless Eldrazi Scion creature token. It has "Sacrifice this creature: Add {C} to your mana pool."');
insert into card_color (id_card, id_color) values (1479,6);
insert into card_type (id_card, id_type) values (1479,1);
insert into card(id, name, manaCost, cmc, rarity_id, set_id, imageUrl, c_power, c_toughness, description) values ('1480','Mist Intruder','{1}{U}','10','1','1','//gatherer.wizards.com/Handlers/Image.ashx?multiverseid=401950&type=card','1','2','Devoid (This card has no color.)
Flying
Ingest (Whenever this creature deals combat damage to a player, that player exiles the top card of his or her library.)');
insert into card_color (id_card, id_color) values (1480,6);
insert into card_type (id_card, id_type) values (1480,1);
insert into card(id, name, manaCost, cmc, rarity_id, set_id, imageUrl, c_power, c_toughness, description) values ('1481','Murk Strider','{3}{U}','10','1','1','//gatherer.wizards.com/Handlers/Image.ashx?multiverseid=401965&type=card','3','2','Devoid (This card has no color.)
When Murk Strider enters the battlefield, you may put a card an opponent owns from exile into that player§s graveyard. If you do, return target creature to its owner§s hand.');
insert into card_color (id_card, id_color) values (1481,6);
insert into card_type (id_card, id_type) values (1481,1);
insert into card(id, name, manaCost, cmc, rarity_id, set_id, imageUrl, c_power, c_toughness, description) values ('1482','Oracle of Dust','{4}{U}','10','1','1','//gatherer.wizards.com/Handlers/Image.ashx?multiverseid=401977&type=card','3','5','Devoid (This card has no color.)
{2}, Put a card an opponent owns from exile into that player§s graveyard: Draw a card, then discard a card.');
insert into card_color (id_card, id_color) values (1482,6);
insert into card_type (id_card, id_type) values (1482,1);
insert into card(id, name, manaCost, cmc, rarity_id, set_id, imageUrl, c_power, c_toughness, description) values ('1483','Ruination Guide','{2}{U}','10','2','1','//gatherer.wizards.com/Handlers/Image.ashx?multiverseid=402018&type=card','3','2','Devoid (This card has no color.)
Ingest (Whenever this creature deals combat damage to a player, that player exiles the top card of his or her library.)
Other colorless creatures you control get +1/+0.');
insert into card_color (id_card, id_color) values (1483,6);
insert into card_type (id_card, id_type) values (1483,1);
insert into card(id, name, manaCost, cmc, rarity_id, set_id, imageUrl, c_power, c_toughness, description) values ('1484','Salvage Drone','{U}','10','1','1','//gatherer.wizards.com/Handlers/Image.ashx?multiverseid=402021&type=card','1','1','Devoid (This card has no color.)
Ingest (Whenever this creature deals combat damage to a player, that player exiles the top card of his or her library.)
When Salvage Drone dies, you may draw a card. If you do, discard a card.');
insert into card_color (id_card, id_color) values (1484,6);
insert into card_type (id_card, id_type) values (1484,1);
insert into card(id, name, manaCost, cmc, rarity_id, set_id, imageUrl, c_power, c_toughness, description) values ('1485','Spell Shrivel','{2}{U}','10','1','1','//gatherer.wizards.com/Handlers/Image.ashx?multiverseid=402047&type=card','none','none','Devoid (This card has no color.)
Counter target spell unless its controller pays {4}. If that spell is countered this way, exile it instead of putting it into its owner§s graveyard.');
insert into card_color (id_card, id_color) values (1485,6);
insert into card_type (id_card, id_type) values (1485,7);
insert into card(id, name, manaCost, cmc, rarity_id, set_id, imageUrl, c_power, c_toughness, description) values ('1486','Tide Drifter','{1}{U}','10','2','1','//gatherer.wizards.com/Handlers/Image.ashx?multiverseid=402071&type=card','0','5','Devoid (This card has no color.)
Other colorless creatures you control get +0/+1.');
insert into card_color (id_card, id_color) values (1486,6);
insert into card_type (id_card, id_type) values (1486,1);
insert into card(id, name, manaCost, cmc, rarity_id, set_id, imageUrl, c_power, c_toughness, description) values ('1487','Ulamog§s Reclaimer','{4}{U}','10','2','1','//gatherer.wizards.com/Handlers/Image.ashx?multiverseid=402082&type=card','2','5','Devoid (This card has no color.)
When Ulamog§s Reclaimer enters the battlefield, you may put a card an opponent owns from exile into that player§s graveyard. If you do, return target instant or sorcery card from your graveyard to your hand.');
insert into card_color (id_card, id_color) values (1487,6);
insert into card_type (id_card, id_type) values (1487,1);
insert into card(id, name, manaCost, cmc, rarity_id, set_id, imageUrl, c_power, c_toughness, description) values ('1488','Anticipate','{1}{U}','10','1','1','//gatherer.wizards.com/Handlers/Image.ashx?multiverseid=401813&type=card','none','none','Look at the top three cards of your library. Put one of them into your hand and the rest on the bottom of your library in any order.');
insert into card_color (id_card, id_color) values (1488,6);
insert into card_type (id_card, id_type) values (1488,7);
insert into card(id, name, manaCost, cmc, rarity_id, set_id, imageUrl, c_power, c_toughness, description) values ('1489','Brilliant Spectrum','{3}{U}','10','1','1','//gatherer.wizards.com/Handlers/Image.ashx?multiverseid=401830&type=card','none','none','Converge — Draw X cards, where X is the number of colors of mana spent to cast Brilliant Spectrum. Then discard two cards.');
insert into card_color (id_card, id_color) values (1489,6);
insert into card_type (id_card, id_type) values (1489,6);
insert into card(id, name, manaCost, cmc, rarity_id, set_id, imageUrl, c_power, c_toughness, description) values ('1490','Cloud Manta','{3}{U}','10','1','1','//gatherer.wizards.com/Handlers/Image.ashx?multiverseid=401843&type=card','3','2','Flying');
insert into card_color (id_card, id_color) values (1490,6);
insert into card_type (id_card, id_type) values (1490,1);
insert into card(id, name, manaCost, cmc, rarity_id, set_id, imageUrl, c_power, c_toughness, description) values ('1491','Clutch of Currents','{U}','10','1','1','//gatherer.wizards.com/Handlers/Image.ashx?multiverseid=401844&type=card','none','none','Return target creature to its owner§s hand.
Awaken 3—{4}{U} (If you cast this spell for {4}{U}, also put three +1/+1 counters on target land you control and it becomes a 0/0 Elemental creature with haste. It§s still a land.)');
insert into card_color (id_card, id_color) values (1491,6);
insert into card_type (id_card, id_type) values (1491,6);
insert into card(id, name, manaCost, cmc, rarity_id, set_id, imageUrl, c_power, c_toughness, description) values ('1492','Coastal Discovery','{3}{U}','10','2','1','//gatherer.wizards.com/Handlers/Image.ashx?multiverseid=401845&type=card','none','none','Draw two cards.
Awaken 4—{5}{U} (If you cast this spell for {5}{U}, also put four +1/+1 counters on target land you control and it becomes a 0/0 Elemental creature with haste. It§s still a land.)');
insert into card_color (id_card, id_color) values (1492,6);
insert into card_type (id_card, id_type) values (1492,6);
insert into card(id, name, manaCost, cmc, rarity_id, set_id, imageUrl, c_power, c_toughness, description) values ('1493','Coralhelm Guide','{1}{U}','10','1','1','//gatherer.wizards.com/Handlers/Image.ashx?multiverseid=401848&type=card','2','1','{4}{U}: Target creature can§t be blocked this turn.');
insert into card_color (id_card, id_color) values (1493,6);
insert into card_type (id_card, id_type) values (1493,1);
insert into card(id, name, manaCost, cmc, rarity_id, set_id, imageUrl, c_power, c_toughness, description) values ('1494','Dampening Pulse','{3}{U}','10','2','1','//gatherer.wizards.com/Handlers/Image.ashx?multiverseid=401853&type=card','none','none','Creatures your opponents control get -1/-0.');
insert into card_color (id_card, id_color) values (1494,6);
insert into card_type (id_card, id_type) values (1494,4);
insert into card(id, name, manaCost, cmc, rarity_id, set_id, imageUrl, c_power, c_toughness, description) values ('1495','Dispel','{U}','10','1','1','//gatherer.wizards.com/Handlers/Image.ashx?multiverseid=401858&type=card','none','none','Counter target instant spell.');
insert into card_color (id_card, id_color) values (1495,6);
insert into card_type (id_card, id_type) values (1495,7);
insert into card(id, name, manaCost, cmc, rarity_id, set_id, imageUrl, c_power, c_toughness, description) values ('1496','Exert Influence','{4}{U}','10','3','1','//gatherer.wizards.com/Handlers/Image.ashx?multiverseid=401873&type=card','none','none','Converge — Gain control of target creature if its power is less than or equal to the number of colors of mana spent to cast Exert Influence.');
insert into card_color (id_card, id_color) values (1496,6);
insert into card_type (id_card, id_type) values (1496,6);
insert into card(id, name, manaCost, cmc, rarity_id, set_id, imageUrl, c_power, c_toughness, description) values ('1497','Guardian of Tazeem','{3}{U}{U}','10','3','1','//gatherer.wizards.com/Handlers/Image.ashx?multiverseid=401906&type=card','4','5','Flying
Landfall — Whenever a land enters the battlefield under your control, tap target creature an opponent controls. If that land is an Island, that creature doesn§t untap during its controller§s next untap step.');
insert into card_color (id_card, id_color) values (1497,6);
insert into card_type (id_card, id_type) values (1497,1);
insert into card(id, name, manaCost, cmc, rarity_id, set_id, imageUrl, c_power, c_toughness, description) values ('1498','Halimar Tidecaller','{2}{U}','10','2','1','//gatherer.wizards.com/Handlers/Image.ashx?multiverseid=401909&type=card','2','3','When Halimar Tidecaller enters the battlefield, you may return target card with awaken from your graveyard to your hand.
Land creatures you control have flying.');
insert into card_color (id_card, id_color) values (1498,6);
insert into card_type (id_card, id_type) values (1498,1);
insert into card(id, name, manaCost, cmc, rarity_id, set_id, imageUrl, c_power, c_toughness, description) values ('1499','Part the Waterveil','{4}{U}{U}','10','4','1','//gatherer.wizards.com/Handlers/Image.ashx?multiverseid=401982&type=card','none','none','Take an extra turn after this one. Exile Part the Waterveil.
Awaken 6—{6}{U}{U}{U} (If you cast this spell for {6}{U}{U}{U}, also put six +1/+1 counters on target land you control and it becomes a 0/0 Elemental creature with haste. It§s still a land.)');
insert into card_color (id_card, id_color) values (1499,6);
insert into card_type (id_card, id_type) values (1499,6);
insert into card(id, name, manaCost, cmc, rarity_id, set_id, imageUrl, c_power, c_toughness, description) values ('1500','Prism Array','{4}{U}','10','3','1','//gatherer.wizards.com/Handlers/Image.ashx?multiverseid=401999&type=card','none','none','Converge — Prism Array enters the battlefield with a crystal counter on it for each color of mana spent to cast it.
Remove a crystal counter from Prism Array: Tap target creature.
{W}{U}{B}{R}{G}: Scry 3. (Look at the top three cards of your library, then put any number of them on the bottom of your library and the rest on top in any order.)');
insert into card_color (id_card, id_color) values (1500,6);
insert into card_color (id_card, id_color) values (1500,2);
insert into card_color (id_card, id_color) values (1500,3);
insert into card_color (id_card, id_color) values (1500,4);
insert into card_color (id_card, id_color) values (1500,5);
insert into card_type (id_card, id_type) values (1500,4);
insert into card(id, name, manaCost, cmc, rarity_id, set_id, imageUrl, c_power, c_toughness, description) values ('1501','Retreat to Coralhelm','{2}{U}','10','2','1','//gatherer.wizards.com/Handlers/Image.ashx?multiverseid=402006&type=card','none','none','Landfall — Whenever a land enters the battlefield under your control, choose one —
• You may tap or untap target creature.
• Scry 1. (Look at the top card of your library. You may put that card on the bottom of your library.)');
insert into card_color (id_card, id_color) values (1501,6);
insert into card_type (id_card, id_type) values (1501,4);
insert into card(id, name, manaCost, cmc, rarity_id, set_id, imageUrl, c_power, c_toughness, description) values ('1502','Roilmage§s Trick','{3}{U}','10','1','1','//gatherer.wizards.com/Handlers/Image.ashx?multiverseid=402014&type=card','none','none','Converge — Creatures your opponents control get -X/-0 until end of turn, where X is the number of colors of mana spent to cast Roilmage§s Trick.
Draw a card.');
insert into card_color (id_card, id_color) values (1502,6);
insert into card_type (id_card, id_type) values (1502,7);
insert into card(id, name, manaCost, cmc, rarity_id, set_id, imageUrl, c_power, c_toughness, description) values ('1503','Rush of Ice','{U}','10','1','1','//gatherer.wizards.com/Handlers/Image.ashx?multiverseid=402020&type=card','none','none','Tap target creature. It doesn§t untap during its controller§s next untap step.
Awaken 3—{4}{U} (If you cast this spell for {4}{U}, also put three +1/+1 counters on target land you control and it becomes a 0/0 Elemental creature with haste. It§s still a land.)');
insert into card_color (id_card, id_color) values (1503,6);
insert into card_type (id_card, id_type) values (1503,6);
insert into card(id, name, manaCost, cmc, rarity_id, set_id, imageUrl, c_power, c_toughness, description) values ('1504','Scatter to the Winds','{1}{U}{U}','10','3','1','//gatherer.wizards.com/Handlers/Image.ashx?multiverseid=402024&type=card','none','none','Counter target spell.
Awaken 3—{4}{U}{U} (If you cast this spell for {4}{U}{U}, also put three +1/+1 counters on target land you control and it becomes a 0/0 Elemental creature with haste. It§s still a land.)');
insert into card_color (id_card, id_color) values (1504,6);
insert into card_type (id_card, id_type) values (1504,7);
insert into card(id, name, manaCost, cmc, rarity_id, set_id, imageUrl, c_power, c_toughness, description) values ('1505','Tightening Coils','{1}{U}','10','1','1','//gatherer.wizards.com/Handlers/Image.ashx?multiverseid=402072&type=card','none','none','Enchant creature
Enchanted creature gets -6/-0 and loses flying.');
insert into card_color (id_card, id_color) values (1505,6);
insert into card_type (id_card, id_type) values (1505,4);
insert into card(id, name, manaCost, cmc, rarity_id, set_id, imageUrl, c_power, c_toughness, description) values ('1506','Ugin§s Insight','{3}{U}{U}','10','3','1','//gatherer.wizards.com/Handlers/Image.ashx?multiverseid=402078&type=card','none','none','Scry X, where X is the highest converted mana cost among permanents you control, then draw three cards.');
insert into card_color (id_card, id_color) values (1506,6);
insert into card_type (id_card, id_type) values (1506,6);
insert into card(id, name, manaCost, cmc, rarity_id, set_id, imageUrl, c_power, c_toughness, description) values ('1507','Wave-Wing Elemental','{5}{U}','10','1','1','//gatherer.wizards.com/Handlers/Image.ashx?multiverseid=402097&type=card','3','4','Flying
Landfall — Whenever a land enters the battlefield under your control, Wave-Wing Elemental gets +2/+2 until end of turn.');
insert into card_color (id_card, id_color) values (1507,6);
insert into card_type (id_card, id_type) values (1507,1);
insert into card(id, name, manaCost, cmc, rarity_id, set_id, imageUrl, c_power, c_toughness, description) values ('1508','Windrider Patrol','{3}{U}{U}','10','2','1','//gatherer.wizards.com/Handlers/Image.ashx?multiverseid=402098&type=card','4','3','Flying
Whenever Windrider Patrol deals combat damage to a player, scry 2. (Look at the top two cards of your library, then put any number of them on the bottom of your library and the rest on top in any order.)');
insert into card_color (id_card, id_color) values (1508,6);
insert into card_type (id_card, id_type) values (1508,1);
insert into card(id, name, manaCost, cmc, rarity_id, set_id, imageUrl, c_power, c_toughness, description) values ('1509','Complete Disregard','{2}{B}','10','1','1','//gatherer.wizards.com/Handlers/Image.ashx?multiverseid=401846&type=card','none','none','Devoid (This card has no color.)
Exile target creature with power 3 or less.');
insert into card_color (id_card, id_color) values (1509,3);
insert into card_type (id_card, id_type) values (1509,7);
insert into card(id, name, manaCost, cmc, rarity_id, set_id, imageUrl, c_power, c_toughness, description) values ('1510','Culling Drone','{1}{B}','10','1','1','//gatherer.wizards.com/Handlers/Image.ashx?multiverseid=401852&type=card','2','2','Devoid (This card has no color.)
Ingest (Whenever this creature deals combat damage to a player, that player exiles the top card of his or her library.)');
insert into card_color (id_card, id_color) values (1510,3);
insert into card_type (id_card, id_type) values (1510,1);
insert into card(id, name, manaCost, cmc, rarity_id, set_id, imageUrl, c_power, c_toughness, description) values ('1511','Dominator Drone','{2}{B}','10','1','1','//gatherer.wizards.com/Handlers/Image.ashx?multiverseid=401859&type=card','3','2','Devoid (This card has no color.)
Ingest (Whenever this creature deals combat damage to a player, that player exiles the top card of his or her library.)
When Dominator Drone enters the battlefield, if you control another colorless creature, each opponent loses 2 life.');
insert into card_color (id_card, id_color) values (1511,3);
insert into card_type (id_card, id_type) values (1511,1);
insert into card(id, name, manaCost, cmc, rarity_id, set_id, imageUrl, c_power, c_toughness, description) values ('1512','Grave Birthing','{2}{B}','10','1','1','//gatherer.wizards.com/Handlers/Image.ashx?multiverseid=401900&type=card','none','none','Devoid (This card has no color.)
Target opponent exiles a card from his or her graveyard. You create a 1/1 colorless Eldrazi Scion creature token. It has "Sacrifice this creature: Add {C} to your mana pool."
Draw a card.');
insert into card_color (id_card, id_color) values (1512,3);
insert into card_type (id_card, id_type) values (1512,7);
insert into card(id, name, manaCost, cmc, rarity_id, set_id, imageUrl, c_power, c_toughness, description) values ('1513','Grip of Desolation','{4}{B}{B}','10','2','1','//gatherer.wizards.com/Handlers/Image.ashx?multiverseid=401902&type=card','none','none','Devoid (This card has no color.)
Exile target creature and target land.');
insert into card_color (id_card, id_color) values (1513,3);
insert into card_type (id_card, id_type) values (1513,7);
insert into card(id, name, manaCost, cmc, rarity_id, set_id, imageUrl, c_power, c_toughness, description) values ('1514','Mind Raker','{3}{B}','10','1','1','//gatherer.wizards.com/Handlers/Image.ashx?multiverseid=401948&type=card','3','3','Devoid (This card has no color.)
When Mind Raker enters the battlefield, you may put a card an opponent owns from exile into that player§s graveyard. If you do, each opponent discards a card.');
insert into card_color (id_card, id_color) values (1514,3);
insert into card_type (id_card, id_type) values (1514,1);
insert into card(id, name, manaCost, cmc, rarity_id, set_id, imageUrl, c_power, c_toughness, description) values ('1515','Silent Skimmer','{3}{B}','10','1','1','//gatherer.wizards.com/Handlers/Image.ashx?multiverseid=402035&type=card','0','4','Devoid (This card has no color.)
Flying
Whenever Silent Skimmer attacks, defending player loses 2 life.');
insert into card_color (id_card, id_color) values (1515,3);
insert into card_type (id_card, id_type) values (1515,1);
insert into card(id, name, manaCost, cmc, rarity_id, set_id, imageUrl, c_power, c_toughness, description) values ('1516','Skitterskin','{3}{B}','10','2','1','//gatherer.wizards.com/Handlers/Image.ashx?multiverseid=402037&type=card','4','3','Devoid (This card has no color.)
Skitterskin can§t block.
{1}{B}: Regenerate Skitterskin. Activate this ability only if you control another colorless creature.');
insert into card_color (id_card, id_color) values (1516,3);
insert into card_type (id_card, id_type) values (1516,1);
insert into card(id, name, manaCost, cmc, rarity_id, set_id, imageUrl, c_power, c_toughness, description) values ('1517','Sludge Crawler','{B}','10','1','1','//gatherer.wizards.com/Handlers/Image.ashx?multiverseid=402041&type=card','1','1','Devoid (This card has no color.)
Ingest (Whenever this creature deals combat damage to a player, that player exiles the top card of his or her library.)
{2}: Sludge Crawler gets +1/+1 until end of turn.');
insert into card_color (id_card, id_color) values (1517,3);
insert into card_type (id_card, id_type) values (1517,1);
insert into card(id, name, manaCost, cmc, rarity_id, set_id, imageUrl, c_power, c_toughness, description) values ('1518','Smothering Abomination','{2}{B}{B}','10','3','1','//gatherer.wizards.com/Handlers/Image.ashx?multiverseid=402044&type=card','4','3','Devoid (This card has no color.)
Flying
At the beginning of your upkeep, sacrifice a creature.
Whenever you sacrifice a creature, draw a card.');
insert into card_color (id_card, id_color) values (1518,3);
insert into card_type (id_card, id_type) values (1518,1);
insert into card(id, name, manaCost, cmc, rarity_id, set_id, imageUrl, c_power, c_toughness, description) values ('1519','Swarm Surge','{2}{B}','10','1','1','//gatherer.wizards.com/Handlers/Image.ashx?multiverseid=402063&type=card','none','none','Devoid (This card has no color.)
Creatures you control get +2/+0 until end of turn. Colorless creatures you control also gain first strike until end of turn.');
insert into card_color (id_card, id_color) values (1519,3);
insert into card_type (id_card, id_type) values (1519,6);
insert into card(id, name, manaCost, cmc, rarity_id, set_id, imageUrl, c_power, c_toughness, description) values ('1520','Transgress the Mind','{1}{B}','10','2','1','//gatherer.wizards.com/Handlers/Image.ashx?multiverseid=402075&type=card','none','none','Devoid (This card has no color.)
Target player reveals his or her hand. You choose a card from it with converted mana cost 3 or greater and exile that card.');
insert into card_color (id_card, id_color) values (1520,3);
insert into card_type (id_card, id_type) values (1520,6);
insert into card(id, name, manaCost, cmc, rarity_id, set_id, imageUrl, c_power, c_toughness, description) values ('1521','Wasteland Strangler','{2}{B}','10','3','1','//gatherer.wizards.com/Handlers/Image.ashx?multiverseid=402096&type=card','3','2','Devoid (This card has no color.)
When Wasteland Strangler enters the battlefield, you may put a card an opponent owns from exile into that player§s graveyard. If you do, target creature gets -3/-3 until end of turn.');
insert into card_color (id_card, id_color) values (1521,3);
insert into card_type (id_card, id_type) values (1521,1);
insert into card(id, name, manaCost, cmc, rarity_id, set_id, imageUrl, c_power, c_toughness, description) values ('1522','Altar§s Reap','{1}{B}','10','1','1','//gatherer.wizards.com/Handlers/Image.ashx?multiverseid=401809&type=card','none','none','As an additional cost to cast Altar§s Reap, sacrifice a creature.
Draw two cards.');
insert into card_color (id_card, id_color) values (1522,3);
insert into card_type (id_card, id_type) values (1522,7);
insert into card(id, name, manaCost, cmc, rarity_id, set_id, imageUrl, c_power, c_toughness, description) values ('1523','Bloodbond Vampire','{2}{B}{B}','10','2','1','//gatherer.wizards.com/Handlers/Image.ashx?multiverseid=401826&type=card','3','3','Whenever you gain life, put a +1/+1 counter on Bloodbond Vampire.');
insert into card_color (id_card, id_color) values (1523,3);
insert into card_type (id_card, id_type) values (1523,1);
insert into card(id, name, manaCost, cmc, rarity_id, set_id, imageUrl, c_power, c_toughness, description) values ('1524','Bone Splinters','{B}','10','1','1','//gatherer.wizards.com/Handlers/Image.ashx?multiverseid=401828&type=card','none','none','As an additional cost to cast Bone Splinters, sacrifice a creature.
Destroy target creature.');
insert into card_color (id_card, id_color) values (1524,3);
insert into card_type (id_card, id_type) values (1524,6);
insert into card(id, name, manaCost, cmc, rarity_id, set_id, imageUrl, c_power, c_toughness, description) values ('1525','Carrier Thrall','{1}{B}','10','2','1','//gatherer.wizards.com/Handlers/Image.ashx?multiverseid=401838&type=card','2','1','When Carrier Thrall dies, create a 1/1 colorless Eldrazi Scion creature token. It has "Sacrifice this creature: Add {C} to your mana pool."');
insert into card_color (id_card, id_color) values (1525,3);
insert into card_type (id_card, id_type) values (1525,1);
insert into card(id, name, manaCost, cmc, rarity_id, set_id, imageUrl, c_power, c_toughness, description) values ('1526','Defiant Bloodlord','{5}{B}{B}','10','3','1','//gatherer.wizards.com/Handlers/Image.ashx?multiverseid=401855&type=card','4','5','Flying
Whenever you gain life, target opponent loses that much life.');
insert into card_color (id_card, id_color) values (1526,3);
insert into card_type (id_card, id_type) values (1526,1);
insert into card(id, name, manaCost, cmc, rarity_id, set_id, imageUrl, c_power, c_toughness, description) values ('1527','Demon§s Grasp','{4}{B}','10','1','1','//gatherer.wizards.com/Handlers/Image.ashx?multiverseid=401856&type=card','none','none','Target creature gets -5/-5 until end of turn.');
insert into card_color (id_card, id_color) values (1527,3);
insert into card_type (id_card, id_type) values (1527,6);
insert into card(id, name, manaCost, cmc, rarity_id, set_id, imageUrl, c_power, c_toughness, description) values ('1528','Drana, Liberator of Malakir','{1}{B}{B}','10','4','1','//gatherer.wizards.com/Handlers/Image.ashx?multiverseid=401861&type=card','2','3','Flying, first strike
Whenever Drana, Liberator of Malakir deals combat damage to a player, put a +1/+1 counter on each attacking creature you control.');
insert into card_color (id_card, id_color) values (1528,3);
insert into card_type (id_card, id_type) values (1528,1);
insert into card_supertype (id_card, id_supertype) values (1528,3);
insert into card(id, name, manaCost, cmc, rarity_id, set_id, imageUrl, c_power, c_toughness, description) values ('1529','Dutiful Return','{3}{B}','10','1','1','//gatherer.wizards.com/Handlers/Image.ashx?multiverseid=401865&type=card','none','none','Return up to two target creature cards from your graveyard to your hand.');
insert into card_color (id_card, id_color) values (1529,3);
insert into card_type (id_card, id_type) values (1529,6);
insert into card(id, name, manaCost, cmc, rarity_id, set_id, imageUrl, c_power, c_toughness, description) values ('1530','Geyserfield Stalker','{4}{B}','10','1','1','//gatherer.wizards.com/Handlers/Image.ashx?multiverseid=401894&type=card','3','2','Menace (This creature can§t be blocked except by two or more creatures.)
Landfall — Whenever a land enters the battlefield under your control, Geyserfield Stalker gets +2/+2 until end of turn.');
insert into card_color (id_card, id_color) values (1530,3);
insert into card_type (id_card, id_type) values (1530,1);
insert into card(id, name, manaCost, cmc, rarity_id, set_id, imageUrl, c_power, c_toughness, description) values ('1531','Guul Draz Overseer','{4}{B}{B}','10','3','1','//gatherer.wizards.com/Handlers/Image.ashx?multiverseid=401907&type=card','3','4','Flying
Landfall — Whenever a land enters the battlefield under your control, other creatures you control get +1/+0 until end of turn. If that land is a Swamp, those creatures get +2/+0 until end of turn instead.');
insert into card_color (id_card, id_color) values (1531,3);
insert into card_type (id_card, id_type) values (1531,1);
insert into card(id, name, manaCost, cmc, rarity_id, set_id, imageUrl, c_power, c_toughness, description) values ('1532','Hagra Sharpshooter','{2}{B}','10','2','1','//gatherer.wizards.com/Handlers/Image.ashx?multiverseid=401908&type=card','2','2','{4}{B}: Target creature gets -1/-1 until end of turn.');
insert into card_color (id_card, id_color) values (1532,3);
insert into card_type (id_card, id_type) values (1532,1);
insert into card(id, name, manaCost, cmc, rarity_id, set_id, imageUrl, c_power, c_toughness, description) values ('1533','Kalastria Healer','{1}{B}','10','1','1','//gatherer.wizards.com/Handlers/Image.ashx?multiverseid=401929&type=card','1','2','Rally — Whenever Kalastria Healer or another Ally enters the battlefield under your control, each opponent loses 1 life and you gain 1 life.');
insert into card_color (id_card, id_color) values (1533,3);
insert into card_type (id_card, id_type) values (1533,1);
insert into card(id, name, manaCost, cmc, rarity_id, set_id, imageUrl, c_power, c_toughness, description) values ('1534','Kalastria Nightwatch','{4}{B}','10','1','1','//gatherer.wizards.com/Handlers/Image.ashx?multiverseid=401930&type=card','4','5','Whenever you gain life, Kalastria Nightwatch gains flying until end of turn.');
insert into card_color (id_card, id_color) values (1534,3);
insert into card_type (id_card, id_type) values (1534,1);
insert into card(id, name, manaCost, cmc, rarity_id, set_id, imageUrl, c_power, c_toughness, description) values ('1535','Malakir Familiar','{2}{B}','10','2','1','//gatherer.wizards.com/Handlers/Image.ashx?multiverseid=401946&type=card','2','1','Flying, deathtouch
Whenever you gain life, Malakir Familiar gets +1/+1 until end of turn.');
insert into card_color (id_card, id_color) values (1535,3);
insert into card_type (id_card, id_type) values (1535,1);
insert into card(id, name, manaCost, cmc, rarity_id, set_id, imageUrl, c_power, c_toughness, description) values ('1536','Mire§s Malice','{3}{B}','10','1','1','//gatherer.wizards.com/Handlers/Image.ashx?multiverseid=401949&type=card','none','none','Target opponent discards two cards.
Awaken 3—{5}{B} (If you cast this spell for {5}{B}, also put three +1/+1 counters on target land you control and it becomes a 0/0 Elemental creature with haste. It§s still a land.)');
insert into card_color (id_card, id_color) values (1536,3);
insert into card_type (id_card, id_type) values (1536,6);
insert into card(id, name, manaCost, cmc, rarity_id, set_id, imageUrl, c_power, c_toughness, description) values ('1537','Nirkana Assassin','{2}{B}','10','1','1','//gatherer.wizards.com/Handlers/Image.ashx?multiverseid=401968&type=card','2','3','Whenever you gain life, Nirkana Assassin gains deathtouch until end of turn. (Any amount of damage it deals to a creature is enough to destroy it.)');
insert into card_color (id_card, id_color) values (1537,3);
insert into card_type (id_card, id_type) values (1537,1);
insert into card(id, name, manaCost, cmc, rarity_id, set_id, imageUrl, c_power, c_toughness, description) values ('1538','Ob Nixilis Reignited','{3}{B}{B}','10','4','1','//gatherer.wizards.com/Handlers/Image.ashx?multiverseid=401971&type=card','none','none','+1: You draw a card and you lose 1 life.
−3: Destroy target creature.
−8: Target opponent gets an emblem with "Whenever a player draws a card, you lose 2 life."');
insert into card_color (id_card, id_color) values (1538,3);
insert into card_type (id_card, id_type) values (1538,5);
insert into card(id, name, manaCost, cmc, rarity_id, set_id, imageUrl, c_power, c_toughness, description) values ('1539','Painful Truths','{2}{B}','10','3','1','//gatherer.wizards.com/Handlers/Image.ashx?multiverseid=401981&type=card','none','none','Converge — You draw X cards and you lose X life, where X is the number of colors of mana spent to cast Painful Truths.');
insert into card_color (id_card, id_color) values (1539,3);
insert into card_type (id_card, id_type) values (1539,6);
insert into card(id, name, manaCost, cmc, rarity_id, set_id, imageUrl, c_power, c_toughness, description) values ('1540','Retreat to Hagra','{2}{B}','10','2','1','//gatherer.wizards.com/Handlers/Image.ashx?multiverseid=402008&type=card','none','none','Landfall — Whenever a land enters the battlefield under your control, choose one —
• Target creature gets +1/+0 and gains deathtouch until end of turn.
• Each opponent loses 1 life and you gain 1 life.');
insert into card_color (id_card, id_color) values (1540,3);
insert into card_type (id_card, id_type) values (1540,4);
insert into card(id, name, manaCost, cmc, rarity_id, set_id, imageUrl, c_power, c_toughness, description) values ('1541','Rising Miasma','{3}{B}','10','2','1','//gatherer.wizards.com/Handlers/Image.ashx?multiverseid=402011&type=card','none','none','All creatures get -2/-2 until end of turn.
Awaken 3—{5}{B}{B} (If you cast this spell for {5}{B}{B}, also put three +1/+1 counters on target land you control and it becomes a 0/0 Elemental creature with haste. It§s still a land.)');
insert into card_color (id_card, id_color) values (1541,3);
insert into card_type (id_card, id_type) values (1541,6);
insert into card(id, name, manaCost, cmc, rarity_id, set_id, imageUrl, c_power, c_toughness, description) values ('1542','Ruinous Path','{1}{B}{B}','10','3','1','//gatherer.wizards.com/Handlers/Image.ashx?multiverseid=402019&type=card','none','none','Destroy target creature or planeswalker.
Awaken 4—{5}{B}{B} (If you cast this spell for {5}{B}{B}, also put four +1/+1 counters on target land you control and it becomes a 0/0 Elemental creature with haste. It§s still a land.)');
insert into card_color (id_card, id_color) values (1542,3);
insert into card_type (id_card, id_type) values (1542,6);
insert into card(id, name, manaCost, cmc, rarity_id, set_id, imageUrl, c_power, c_toughness, description) values ('1543','Vampiric Rites','{B}','10','2','1','//gatherer.wizards.com/Handlers/Image.ashx?multiverseid=402088&type=card','none','none','{1}{B}, Sacrifice a creature: You gain 1 life and draw a card.');
insert into card_color (id_card, id_color) values (1543,3);
insert into card_type (id_card, id_type) values (1543,4);
insert into card(id, name, manaCost, cmc, rarity_id, set_id, imageUrl, c_power, c_toughness, description) values ('1544','Voracious Null','{2}{B}','10','1','1','//gatherer.wizards.com/Handlers/Image.ashx?multiverseid=402095&type=card','2','2','{1}{B}, Sacrifice another creature: Put two +1/+1 counters on Voracious Null. Activate this ability only any time you could cast a sorcery.');
insert into card_color (id_card, id_color) values (1544,3);
insert into card_type (id_card, id_type) values (1544,1);
insert into card(id, name, manaCost, cmc, rarity_id, set_id, imageUrl, c_power, c_toughness, description) values ('1545','Zulaport Cutthroat','{1}{B}','10','2','1','//gatherer.wizards.com/Handlers/Image.ashx?multiverseid=402101&type=card','1','1','Whenever Zulaport Cutthroat or another creature you control dies, each opponent loses 1 life and you gain 1 life.');
insert into card_color (id_card, id_color) values (1545,3);
insert into card_type (id_card, id_type) values (1545,1);
insert into card(id, name, manaCost, cmc, rarity_id, set_id, imageUrl, c_power, c_toughness, description) values ('1546','Barrage Tyrant','{4}{R}','10','3','1','//gatherer.wizards.com/Handlers/Image.ashx?multiverseid=401815&type=card','5','3','Devoid (This card has no color.)
{2}{R}, Sacrifice another colorless creature: Barrage Tyrant deals damage equal to the sacrificed creature§s power to target creature or player.');
insert into card_color (id_card, id_color) values (1546,4);
insert into card_type (id_card, id_type) values (1546,1);
insert into card(id, name, manaCost, cmc, rarity_id, set_id, imageUrl, c_power, c_toughness, description) values ('1547','Crumble to Dust','{3}{R}','10','2','1','//gatherer.wizards.com/Handlers/Image.ashx?multiverseid=401850&type=card','none','none','Devoid (This card has no color.)
Exile target nonbasic land. Search its controller§s graveyard, hand, and library for any number of cards with the same name as that land and exile them. Then that player shuffles his or her library.');
insert into card_color (id_card, id_color) values (1547,4);
insert into card_type (id_card, id_type) values (1547,6);
insert into card(id, name, manaCost, cmc, rarity_id, set_id, imageUrl, c_power, c_toughness, description) values ('1548','Kozilek§s Sentinel','{1}{R}','10','1','1','//gatherer.wizards.com/Handlers/Image.ashx?multiverseid=401937&type=card','1','4','Devoid (This card has no color.)
Whenever you cast a colorless spell, Kozilek§s Sentinel gets +1/+0 until end of turn.');
insert into card_color (id_card, id_color) values (1548,4);
insert into card_type (id_card, id_type) values (1548,1);
insert into card(id, name, manaCost, cmc, rarity_id, set_id, imageUrl, c_power, c_toughness, description) values ('1549','Molten Nursery','{2}{R}','10','2','1','//gatherer.wizards.com/Handlers/Image.ashx?multiverseid=401951&type=card','none','none','Devoid (This card has no color.)
Whenever you cast a colorless spell, Molten Nursery deals 1 damage to target creature or player.');
insert into card_color (id_card, id_color) values (1549,4);
insert into card_type (id_card, id_type) values (1549,4);
insert into card(id, name, manaCost, cmc, rarity_id, set_id, imageUrl, c_power, c_toughness, description) values ('1550','Nettle Drone','{2}{R}','10','1','1','//gatherer.wizards.com/Handlers/Image.ashx?multiverseid=401967&type=card','3','1','Devoid (This card has no color.)
{T}: Nettle Drone deals 1 damage to each opponent.
Whenever you cast a colorless spell, untap Nettle Drone.');
insert into card_color (id_card, id_color) values (1550,4);
insert into card_type (id_card, id_type) values (1550,1);
insert into card(id, name, manaCost, cmc, rarity_id, set_id, imageUrl, c_power, c_toughness, description) values ('1551','Processor Assault','{1}{R}','10','2','1','//gatherer.wizards.com/Handlers/Image.ashx?multiverseid=402000&type=card','none','none','Devoid (This card has no color.)
As an additional cost to cast Processor Assault, put a card an opponent owns from exile into that player§s graveyard.
Processor Assault deals 5 damage to target creature.');
insert into card_color (id_card, id_color) values (1551,4);
insert into card_type (id_card, id_type) values (1551,6);
insert into card(id, name, manaCost, cmc, rarity_id, set_id, imageUrl, c_power, c_toughness, description) values ('1552','Serpentine Spike','{5}{R}{R}','10','3','1','//gatherer.wizards.com/Handlers/Image.ashx?multiverseid=402029&type=card','none','none','Devoid (This card has no color.)
Serpentine Spike deals 2 damage to target creature, 3 damage to another target creature, and 4 damage to a third target creature. If a creature dealt damage this way would die this turn, exile it instead.');
insert into card_color (id_card, id_color) values (1552,4);
insert into card_type (id_card, id_type) values (1552,6);
insert into card(id, name, manaCost, cmc, rarity_id, set_id, imageUrl, c_power, c_toughness, description) values ('1553','Touch of the Void','{2}{R}','10','1','1','//gatherer.wizards.com/Handlers/Image.ashx?multiverseid=402074&type=card','none','none','Devoid (This card has no color.)
Touch of the Void deals 3 damage to target creature or player. If a creature dealt damage this way would die this turn, exile it instead.');
insert into card_color (id_card, id_color) values (1553,4);
insert into card_type (id_card, id_type) values (1553,6);
insert into card(id, name, manaCost, cmc, rarity_id, set_id, imageUrl, c_power, c_toughness, description) values ('1554','Turn Against','{4}{R}','10','2','1','//gatherer.wizards.com/Handlers/Image.ashx?multiverseid=402077&type=card','none','none','Devoid (This card has no color.)
Gain control of target creature until end of turn. Untap that creature. It gains haste until end of turn.');
insert into card_color (id_card, id_color) values (1554,4);
insert into card_type (id_card, id_type) values (1554,7);
insert into card(id, name, manaCost, cmc, rarity_id, set_id, imageUrl, c_power, c_toughness, description) values ('1555','Vestige of Emrakul','{3}{R}','10','1','1','//gatherer.wizards.com/Handlers/Image.ashx?multiverseid=402089&type=card','3','4','Devoid (This card has no color.)
Trample');
insert into card_color (id_card, id_color) values (1555,4);
insert into card_type (id_card, id_type) values (1555,1);
insert into card(id, name, manaCost, cmc, rarity_id, set_id, imageUrl, c_power, c_toughness, description) values ('1556','Vile Aggregate','{2}{R}','10','2','1','//gatherer.wizards.com/Handlers/Image.ashx?multiverseid=402091&type=card','*','5','Devoid (This card has no color.)
Vile Aggregate§s power is equal to the number of colorless creatures you control.
Trample
Ingest (Whenever this creature deals combat damage to a player, that player exiles the top card of his or her library.)');
insert into card_color (id_card, id_color) values (1556,4);
insert into card_type (id_card, id_type) values (1556,1);
insert into card(id, name, manaCost, cmc, rarity_id, set_id, imageUrl, c_power, c_toughness, description) values ('1557','Akoum Firebird','{2}{R}{R}','10','4','1','//gatherer.wizards.com/Handlers/Image.ashx?multiverseid=401804&type=card','3','3','Flying, haste
Akoum Firebird attacks each turn if able.
Landfall — Whenever a land enters the battlefield under your control, you may pay {4}{R}{R}. If you do, return Akoum Firebird from your graveyard to the battlefield.');
insert into card_color (id_card, id_color) values (1557,4);
insert into card_type (id_card, id_type) values (1557,1);
insert into card(id, name, manaCost, cmc, rarity_id, set_id, imageUrl, c_power, c_toughness, description) values ('1558','Akoum Hellkite','{4}{R}{R}','10','3','1','//gatherer.wizards.com/Handlers/Image.ashx?multiverseid=401805&type=card','4','4','Flying
Landfall — Whenever a land enters the battlefield under your control, Akoum Hellkite deals 1 damage to target creature or player. If that land is a Mountain, Akoum Hellkite deals 2 damage to that creature or player instead.');
insert into card_color (id_card, id_color) values (1558,4);
insert into card_type (id_card, id_type) values (1558,1);
insert into card(id, name, manaCost, cmc, rarity_id, set_id, imageUrl, c_power, c_toughness, description) values ('1559','Akoum Stonewaker','{1}{R}','10','2','1','//gatherer.wizards.com/Handlers/Image.ashx?multiverseid=401806&type=card','2','1','Landfall — Whenever a land enters the battlefield under your control, you may pay {2}{R}. If you do, create a 3/1 red Elemental creature token with trample and haste. Exile that token at the beginning of the next end step.');
insert into card_color (id_card, id_color) values (1559,4);
insert into card_type (id_card, id_type) values (1559,1);
insert into card(id, name, manaCost, cmc, rarity_id, set_id, imageUrl, c_power, c_toughness, description) values ('1560','Belligerent Whiptail','{3}{R}','10','1','1','//gatherer.wizards.com/Handlers/Image.ashx?multiverseid=401817&type=card','4','2','Landfall — Whenever a land enters the battlefield under your control, Belligerent Whiptail gains first strike until end of turn.');
insert into card_color (id_card, id_color) values (1560,4);
insert into card_type (id_card, id_type) values (1560,1);
insert into card(id, name, manaCost, cmc, rarity_id, set_id, imageUrl, c_power, c_toughness, description) values ('1561','Boiling Earth','{1}{R}','10','1','1','//gatherer.wizards.com/Handlers/Image.ashx?multiverseid=401827&type=card','none','none','Boiling Earth deals 1 damage to each creature your opponents control.
Awaken 4—{6}{R} (If you cast this spell for {6}{R}, also put four +1/+1 counters on target land you control and it becomes a 0/0 Elemental creature with haste. It§s still a land.)');
insert into card_color (id_card, id_color) values (1561,4);
insert into card_type (id_card, id_type) values (1561,6);
insert into card(id, name, manaCost, cmc, rarity_id, set_id, imageUrl, c_power, c_toughness, description) values ('1562','Chasm Guide','{3}{R}','10','2','1','//gatherer.wizards.com/Handlers/Image.ashx?multiverseid=401840&type=card','3','2','Rally — Whenever Chasm Guide or another Ally enters the battlefield under your control, creatures you control gain haste until end of turn.');
insert into card_color (id_card, id_color) values (1562,4);
insert into card_type (id_card, id_type) values (1562,1);
insert into card(id, name, manaCost, cmc, rarity_id, set_id, imageUrl, c_power, c_toughness, description) values ('1563','Dragonmaster Outcast','{R}','10','4','1','//gatherer.wizards.com/Handlers/Image.ashx?multiverseid=401860&type=card','1','1','At the beginning of your upkeep, if you control six or more lands, create a 5/5 red Dragon creature token with flying.');
insert into card_color (id_card, id_color) values (1563,4);
insert into card_type (id_card, id_type) values (1563,1);
insert into card(id, name, manaCost, cmc, rarity_id, set_id, imageUrl, c_power, c_toughness, description) values ('1564','Firemantle Mage','{2}{R}','10','2','1','//gatherer.wizards.com/Handlers/Image.ashx?multiverseid=401880&type=card','2','2','Rally — Whenever Firemantle Mage or another Ally enters the battlefield under your control, creatures you control gain menace until end of turn. (A creature with menace can§t be blocked except by two or more creatures.)');
insert into card_color (id_card, id_color) values (1564,4);
insert into card_type (id_card, id_type) values (1564,1);
insert into card(id, name, manaCost, cmc, rarity_id, set_id, imageUrl, c_power, c_toughness, description) values ('1565','Goblin War Paint','{1}{R}','10','1','1','//gatherer.wizards.com/Handlers/Image.ashx?multiverseid=401899&type=card','none','none','Enchant creature
Enchanted creature gets +2/+2 and has haste.');
insert into card_color (id_card, id_color) values (1565,4);
insert into card_type (id_card, id_type) values (1565,4);
insert into card(id, name, manaCost, cmc, rarity_id, set_id, imageUrl, c_power, c_toughness, description) values ('1566','Lavastep Raider','{R}','10','1','1','//gatherer.wizards.com/Handlers/Image.ashx?multiverseid=401939&type=card','1','2','{2}{R}: Lavastep Raider gets +2/+0 until end of turn.');
insert into card_color (id_card, id_color) values (1566,4);
insert into card_type (id_card, id_type) values (1566,1);
insert into card(id, name, manaCost, cmc, rarity_id, set_id, imageUrl, c_power, c_toughness, description) values ('1567','Makindi Sliderunner','{1}{R}','10','1','1','//gatherer.wizards.com/Handlers/Image.ashx?multiverseid=401945&type=card','2','1','Trample
Landfall — Whenever a land enters the battlefield under your control, Makindi Sliderunner gets +1/+1 until end of turn.');
insert into card_color (id_card, id_color) values (1567,4);
insert into card_type (id_card, id_type) values (1567,1);
insert into card(id, name, manaCost, cmc, rarity_id, set_id, imageUrl, c_power, c_toughness, description) values ('1568','Ondu Champion','{2}{R}{R}','10','1','1','//gatherer.wizards.com/Handlers/Image.ashx?multiverseid=401974&type=card','4','3','Rally — Whenever Ondu Champion or another Ally enters the battlefield under your control, creatures you control gain trample until end of turn.');
insert into card_color (id_card, id_color) values (1568,4);
insert into card_type (id_card, id_type) values (1568,1);
insert into card(id, name, manaCost, cmc, rarity_id, set_id, imageUrl, c_power, c_toughness, description) values ('1569','Outnumber','{R}','10','1','1','//gatherer.wizards.com/Handlers/Image.ashx?multiverseid=401980&type=card','none','none','Outnumber deals damage to target creature equal to the number of creatures you control.');
insert into card_color (id_card, id_color) values (1569,4);
insert into card_type (id_card, id_type) values (1569,7);
insert into card(id, name, manaCost, cmc, rarity_id, set_id, imageUrl, c_power, c_toughness, description) values ('1570','Radiant Flames','{2}{R}','10','3','1','//gatherer.wizards.com/Handlers/Image.ashx?multiverseid=402002&type=card','none','none','Converge — Radiant Flames deals X damage to each creature, where X is the number of colors of mana spent to cast Radiant Flames.');
insert into card_color (id_card, id_color) values (1570,4);
insert into card_type (id_card, id_type) values (1570,6);
insert into card(id, name, manaCost, cmc, rarity_id, set_id, imageUrl, c_power, c_toughness, description) values ('1571','Reckless Cohort','{1}{R}','10','1','1','//gatherer.wizards.com/Handlers/Image.ashx?multiverseid=402003&type=card','2','2','Reckless Cohort attacks each combat if able unless you control another Ally.');
insert into card_color (id_card, id_color) values (1571,4);
insert into card_type (id_card, id_type) values (1571,1);
insert into card(id, name, manaCost, cmc, rarity_id, set_id, imageUrl, c_power, c_toughness, description) values ('1572','Retreat to Valakut','{2}{R}','10','2','1','//gatherer.wizards.com/Handlers/Image.ashx?multiverseid=402010&type=card','none','none','Landfall — Whenever a land enters the battlefield under your control, choose one —
• Target creature gets +2/+0 until end of turn.
• Target creature can§t block this turn.');
insert into card_color (id_card, id_color) values (1572,4);
insert into card_type (id_card, id_type) values (1572,4);
insert into card(id, name, manaCost, cmc, rarity_id, set_id, imageUrl, c_power, c_toughness, description) values ('1573','Rolling Thunder','{X}{R}{R}','10','2','1','//gatherer.wizards.com/Handlers/Image.ashx?multiverseid=402015&type=card','none','none','Rolling Thunder deals X damage divided as you choose among any number of target creatures and/or players.');
insert into card_color (id_card, id_color) values (1573,4);
insert into card_type (id_card, id_type) values (1573,6);
insert into card(id, name, manaCost, cmc, rarity_id, set_id, imageUrl, c_power, c_toughness, description) values ('1574','Shatterskull Recruit','{3}{R}{R}','10','1','1','//gatherer.wizards.com/Handlers/Image.ashx?multiverseid=402032&type=card','4','4','Menace (This creature can§t be blocked except by two or more creatures.)');
insert into card_color (id_card, id_color) values (1574,4);
insert into card_type (id_card, id_type) values (1574,1);
insert into card(id, name, manaCost, cmc, rarity_id, set_id, imageUrl, c_power, c_toughness, description) values ('1575','Stonefury','{3}{R}{R}','10','1','1','//gatherer.wizards.com/Handlers/Image.ashx?multiverseid=402050&type=card','none','none','Stonefury deals damage to target creature equal to the number of lands you control.');
insert into card_color (id_card, id_color) values (1575,4);
insert into card_type (id_card, id_type) values (1575,7);
insert into card(id, name, manaCost, cmc, rarity_id, set_id, imageUrl, c_power, c_toughness, description) values ('1576','Sure Strike','{1}{R}','10','1','1','//gatherer.wizards.com/Handlers/Image.ashx?multiverseid=402052&type=card','none','none','Target creature gets +3/+0 and gains first strike until end of turn.');
insert into card_color (id_card, id_color) values (1576,4);
insert into card_type (id_card, id_type) values (1576,7);
insert into card(id, name, manaCost, cmc, rarity_id, set_id, imageUrl, c_power, c_toughness, description) values ('1577','Tunneling Geopede','{2}{R}','10','2','1','//gatherer.wizards.com/Handlers/Image.ashx?multiverseid=402076&type=card','3','2','Landfall — Whenever a land enters the battlefield under your control, Tunneling Geopede deals 1 damage to each opponent.');
insert into card_color (id_card, id_color) values (1577,4);
insert into card_type (id_card, id_type) values (1577,1);
insert into card(id, name, manaCost, cmc, rarity_id, set_id, imageUrl, c_power, c_toughness, description) values ('1578','Valakut Invoker','{2}{R}','10','1','1','//gatherer.wizards.com/Handlers/Image.ashx?multiverseid=402086&type=card','2','3','{8}: Valakut Invoker deals 3 damage to target creature or player.');
insert into card_color (id_card, id_color) values (1578,4);
insert into card_type (id_card, id_type) values (1578,1);
insert into card(id, name, manaCost, cmc, rarity_id, set_id, imageUrl, c_power, c_toughness, description) values ('1579','Valakut Predator','{2}{R}','10','1','1','//gatherer.wizards.com/Handlers/Image.ashx?multiverseid=402087&type=card','2','2','Landfall — Whenever a land enters the battlefield under your control, Valakut Predator gets +2/+2 until end of turn.');
insert into card_color (id_card, id_color) values (1579,4);
insert into card_type (id_card, id_type) values (1579,1);
insert into card(id, name, manaCost, cmc, rarity_id, set_id, imageUrl, c_power, c_toughness, description) values ('1580','Volcanic Upheaval','{3}{R}','10','1','1','//gatherer.wizards.com/Handlers/Image.ashx?multiverseid=402094&type=card','none','none','Destroy target land.');
insert into card_color (id_card, id_color) values (1580,4);
insert into card_type (id_card, id_type) values (1580,7);
insert into card(id, name, manaCost, cmc, rarity_id, set_id, imageUrl, c_power, c_toughness, description) values ('1581','Zada, Hedron Grinder','{3}{R}','10','3','1','//gatherer.wizards.com/Handlers/Image.ashx?multiverseid=402100&type=card','3','3','Whenever you cast an instant or sorcery spell that targets only Zada, Hedron Grinder, copy that spell for each other creature you control that the spell could target. Each copy targets a different one of those creatures.');
insert into card_color (id_card, id_color) values (1581,4);
insert into card_type (id_card, id_type) values (1581,1);
insert into card_supertype (id_card, id_supertype) values (1581,3);
insert into card(id, name, manaCost, cmc, rarity_id, set_id, imageUrl, c_power, c_toughness, description) values ('1582','Blisterpod','{G}','10','1','1','//gatherer.wizards.com/Handlers/Image.ashx?multiverseid=401825&type=card','1','1','Devoid (This card has no color.)
When Blisterpod dies, create a 1/1 colorless Eldrazi Scion creature token. It has "Sacrifice this creature: Add {C} to your mana pool."');
insert into card_color (id_card, id_color) values (1582,5);
insert into card_type (id_card, id_type) values (1582,1);
insert into card(id, name, manaCost, cmc, rarity_id, set_id, imageUrl, c_power, c_toughness, description) values ('1583','Brood Monitor','{4}{G}{G}','10','2','1','//gatherer.wizards.com/Handlers/Image.ashx?multiverseid=401833&type=card','3','3','Devoid (This card has no color.)
When Brood Monitor enters the battlefield, create three 1/1 colorless Eldrazi Scion creature tokens. They have "Sacrifice this creature: Add {C} to your mana pool."');
insert into card_color (id_card, id_color) values (1583,5);
insert into card_type (id_card, id_type) values (1583,1);
insert into card(id, name, manaCost, cmc, rarity_id, set_id, imageUrl, c_power, c_toughness, description) values ('1584','Call the Scions','{2}{G}','10','1','1','//gatherer.wizards.com/Handlers/Image.ashx?multiverseid=401836&type=card','none','none','Devoid (This card has no color.)
Create two 1/1 colorless Eldrazi Scion creature tokens. They have "Sacrifice this creature: Add {C} to your mana pool."');
insert into card_color (id_card, id_color) values (1584,5);
insert into card_type (id_card, id_type) values (1584,6);
insert into card(id, name, manaCost, cmc, rarity_id, set_id, imageUrl, c_power, c_toughness, description) values ('1585','Eyeless Watcher','{3}{G}','10','1','1','//gatherer.wizards.com/Handlers/Image.ashx?multiverseid=401875&type=card','1','1','Devoid (This card has no color.)
When Eyeless Watcher enters the battlefield, create two 1/1 colorless Eldrazi Scion creature tokens. They have "Sacrifice this creature: Add {C} to your mana pool."');
insert into card_color (id_card, id_color) values (1585,5);
insert into card_type (id_card, id_type) values (1585,1);
insert into card(id, name, manaCost, cmc, rarity_id, set_id, imageUrl, c_power, c_toughness, description) values ('1586','From Beyond','{3}{G}','10','3','1','//gatherer.wizards.com/Handlers/Image.ashx?multiverseid=401893&type=card','none','none','Devoid (This card has no color.)
At the beginning of your upkeep, create a 1/1 colorless Eldrazi Scion creature token. It has "Sacrifice this creature: Add {C} to your mana pool."
{1}{G}, Sacrifice From Beyond: Search your library for an Eldrazi card, reveal it, put it into your hand, then shuffle your library.');
insert into card_color (id_card, id_color) values (1586,5);
insert into card_type (id_card, id_type) values (1586,4);
insert into card(id, name, manaCost, cmc, rarity_id, set_id, imageUrl, c_power, c_toughness, description) values ('1587','Unnatural Aggression','{2}{G}','10','1','1','//gatherer.wizards.com/Handlers/Image.ashx?multiverseid=402085&type=card','none','none','Devoid (This card has no color.)
Target creature you control fights target creature an opponent controls. If the creature an opponent controls would die this turn, exile it instead.');
insert into card_color (id_card, id_color) values (1587,5);
insert into card_type (id_card, id_type) values (1587,7);
insert into card(id, name, manaCost, cmc, rarity_id, set_id, imageUrl, c_power, c_toughness, description) values ('1588','Void Attendant','{2}{G}','10','2','1','//gatherer.wizards.com/Handlers/Image.ashx?multiverseid=402092&type=card','2','3','Devoid (This card has no color.)
{1}{G}, Put a card an opponent owns from exile into that player§s graveyard: Create a 1/1 colorless Eldrazi Scion creature token. It has "Sacrifice this creature: Add {C} to your mana pool."');
insert into card_color (id_card, id_color) values (1588,5);
insert into card_type (id_card, id_type) values (1588,1);
insert into card(id, name, manaCost, cmc, rarity_id, set_id, imageUrl, c_power, c_toughness, description) values ('1589','Beastcaller Savant','{1}{G}','10','3','1','//gatherer.wizards.com/Handlers/Image.ashx?multiverseid=401816&type=card','1','1','Haste
{T}: Add one mana of any color to your mana pool. Spend this mana only to cast a creature spell.');
insert into card_color (id_card, id_color) values (1589,5);
insert into card_type (id_card, id_type) values (1589,1);
insert into card(id, name, manaCost, cmc, rarity_id, set_id, imageUrl, c_power, c_toughness, description) values ('1590','Broodhunter Wurm','{3}{G}','10','1','1','//gatherer.wizards.com/Handlers/Image.ashx?multiverseid=401834&type=card','4','3','null');
insert into card_color (id_card, id_color) values (1590,5);
insert into card_type (id_card, id_type) values (1590,1);
insert into card(id, name, manaCost, cmc, rarity_id, set_id, imageUrl, c_power, c_toughness, description) values ('1591','Earthen Arms','{1}{G}','10','1','1','//gatherer.wizards.com/Handlers/Image.ashx?multiverseid=401866&type=card','none','none','Put two +1/+1 counters on target permanent.
Awaken 4—{6}{G} (If you cast this spell for {6}{G}, also put four +1/+1 counters on target land you control and it becomes a 0/0 Elemental creature with haste. It§s still a land.)');
insert into card_color (id_card, id_color) values (1591,5);
insert into card_type (id_card, id_type) values (1591,6);
insert into card(id, name, manaCost, cmc, rarity_id, set_id, imageUrl, c_power, c_toughness, description) values ('1592','Giant Mantis','{3}{G}','10','1','1','//gatherer.wizards.com/Handlers/Image.ashx?multiverseid=401896&type=card','2','4','Reach (This creature can block creatures with flying.)');
insert into card_color (id_card, id_color) values (1592,5);
insert into card_type (id_card, id_type) values (1592,1);
insert into card(id, name, manaCost, cmc, rarity_id, set_id, imageUrl, c_power, c_toughness, description) values ('1593','Greenwarden of Murasa','{4}{G}{G}','10','4','1','//gatherer.wizards.com/Handlers/Image.ashx?multiverseid=401901&type=card','5','4','When Greenwarden of Murasa enters the battlefield, you may return target card from your graveyard to your hand.
When Greenwarden of Murasa dies, you may exile it. If you do, return target card from your graveyard to your hand.');
insert into card_color (id_card, id_color) values (1593,5);
insert into card_type (id_card, id_type) values (1593,1);
insert into card(id, name, manaCost, cmc, rarity_id, set_id, imageUrl, c_power, c_toughness, description) values ('1594','Infuse with the Elements','{3}{G}','10','2','1','//gatherer.wizards.com/Handlers/Image.ashx?multiverseid=401916&type=card','none','none','Converge — Put X +1/+1 counters on target creature, where X is the number of colors of mana spent to cast Infuse with the Elements. That creature gains trample until end of turn.');
insert into card_color (id_card, id_color) values (1594,5);
insert into card_type (id_card, id_type) values (1594,7);
insert into card(id, name, manaCost, cmc, rarity_id, set_id, imageUrl, c_power, c_toughness, description) values ('1595','Jaddi Offshoot','{G}','10','2','1','//gatherer.wizards.com/Handlers/Image.ashx?multiverseid=401928&type=card','0','3','Defender
Landfall — Whenever a land enters the battlefield under your control, you gain 1 life.');
insert into card_color (id_card, id_color) values (1595,5);
insert into card_type (id_card, id_type) values (1595,1);
insert into card(id, name, manaCost, cmc, rarity_id, set_id, imageUrl, c_power, c_toughness, description) values ('1596','Lifespring Druid','{2}{G}','10','1','1','//gatherer.wizards.com/Handlers/Image.ashx?multiverseid=401940&type=card','2','1','{T}: Add one mana of any color to your mana pool.');
insert into card_color (id_card, id_color) values (1596,5);
insert into card_type (id_card, id_type) values (1596,1);
insert into card(id, name, manaCost, cmc, rarity_id, set_id, imageUrl, c_power, c_toughness, description) values ('1597','Murasa Ranger','{3}{G}','10','2','1','//gatherer.wizards.com/Handlers/Image.ashx?multiverseid=401964&type=card','3','3','Landfall — Whenever a land enters the battlefield under your control, you may pay {3}{G}. If you do, put two +1/+1 counters on Murasa Ranger.');
insert into card_color (id_card, id_color) values (1597,5);
insert into card_type (id_card, id_type) values (1597,1);
insert into card(id, name, manaCost, cmc, rarity_id, set_id, imageUrl, c_power, c_toughness, description) values ('1598','Natural Connection','{2}{G}','10','1','1','//gatherer.wizards.com/Handlers/Image.ashx?multiverseid=401966&type=card','none','none','Search your library for a basic land card, put it onto the battlefield tapped, then shuffle your library.');
insert into card_color (id_card, id_color) values (1598,5);
insert into card_type (id_card, id_type) values (1598,7);
insert into card(id, name, manaCost, cmc, rarity_id, set_id, imageUrl, c_power, c_toughness, description) values ('1599','Nissa§s Renewal','{5}{G}','10','3','1','//gatherer.wizards.com/Handlers/Image.ashx?multiverseid=401969&type=card','none','none','Search your library for up to three basic land cards, put them onto the battlefield tapped, then shuffle your library. You gain 7 life.');
insert into card_color (id_card, id_color) values (1599,5);
insert into card_type (id_card, id_type) values (1599,6);
insert into card(id, name, manaCost, cmc, rarity_id, set_id, imageUrl, c_power, c_toughness, description) values ('1600','Oran-Rief Hydra','{4}{G}{G}','10','3','1','//gatherer.wizards.com/Handlers/Image.ashx?multiverseid=401978&type=card','5','5','Trample
Landfall — Whenever a land enters the battlefield under your control, put a +1/+1 counter on Oran-Rief Hydra. If that land is a Forest, put two +1/+1 counters on Oran-Rief Hydra instead.');
insert into card_color (id_card, id_color) values (1600,5);
insert into card_type (id_card, id_type) values (1600,1);
insert into card(id, name, manaCost, cmc, rarity_id, set_id, imageUrl, c_power, c_toughness, description) values ('1601','Oran-Rief Invoker','{1}{G}','10','1','1','//gatherer.wizards.com/Handlers/Image.ashx?multiverseid=401979&type=card','2','2','{8}: Oran-Rief Invoker gets +5/+5 and gains trample until end of turn.');
insert into card_color (id_card, id_color) values (1601,5);
insert into card_type (id_card, id_type) values (1601,1);
insert into card(id, name, manaCost, cmc, rarity_id, set_id, imageUrl, c_power, c_toughness, description) values ('1602','Plated Crusher','{4}{G}{G}{G}','10','2','1','//gatherer.wizards.com/Handlers/Image.ashx?multiverseid=401996&type=card','7','6','Trample, hexproof');
insert into card_color (id_card, id_color) values (1602,5);
insert into card_type (id_card, id_type) values (1602,1);
insert into card(id, name, manaCost, cmc, rarity_id, set_id, imageUrl, c_power, c_toughness, description) values ('1603','Plummet','{1}{G}','10','1','1','//gatherer.wizards.com/Handlers/Image.ashx?multiverseid=401997&type=card','none','none','Destroy target creature with flying.');
insert into card_color (id_card, id_color) values (1603,5);
insert into card_type (id_card, id_type) values (1603,7);
insert into card(id, name, manaCost, cmc, rarity_id, set_id, imageUrl, c_power, c_toughness, description) values ('1604','Reclaiming Vines','{2}{G}{G}','10','1','1','//gatherer.wizards.com/Handlers/Image.ashx?multiverseid=402004&type=card','none','none','Destroy target artifact, enchantment, or land.');
insert into card_color (id_card, id_color) values (1604,5);
insert into card_type (id_card, id_type) values (1604,6);
insert into card(id, name, manaCost, cmc, rarity_id, set_id, imageUrl, c_power, c_toughness, description) values ('1605','Retreat to Kazandu','{2}{G}','10','2','1','//gatherer.wizards.com/Handlers/Image.ashx?multiverseid=402009&type=card','none','none','Landfall — Whenever a land enters the battlefield under your control, choose one —
• Put a +1/+1 counter on target creature.
• You gain 2 life.');
insert into card_color (id_card, id_color) values (1605,5);
insert into card_type (id_card, id_type) values (1605,4);
insert into card(id, name, manaCost, cmc, rarity_id, set_id, imageUrl, c_power, c_toughness, description) values ('1606','Rot Shambler','{1}{G}','10','2','1','//gatherer.wizards.com/Handlers/Image.ashx?multiverseid=402016&type=card','1','1','Whenever another creature you control dies, put a +1/+1 counter on Rot Shambler.');
insert into card_color (id_card, id_color) values (1606,5);
insert into card_type (id_card, id_type) values (1606,1);
insert into card(id, name, manaCost, cmc, rarity_id, set_id, imageUrl, c_power, c_toughness, description) values ('1607','Scythe Leopard','{G}','10','2','1','//gatherer.wizards.com/Handlers/Image.ashx?multiverseid=402026&type=card','1','1','Landfall — Whenever a land enters the battlefield under your control, Scythe Leopard gets +1/+1 until end of turn.');
insert into card_color (id_card, id_color) values (1607,5);
insert into card_type (id_card, id_type) values (1607,1);
insert into card(id, name, manaCost, cmc, rarity_id, set_id, imageUrl, c_power, c_toughness, description) values ('1608','Seek the Wilds','{1}{G}','10','1','1','//gatherer.wizards.com/Handlers/Image.ashx?multiverseid=402027&type=card','none','none','Look at the top four cards of your library. You may reveal a creature or land card from among them and put it into your hand. Put the rest on the bottom of your library in any order.');
insert into card_color (id_card, id_color) values (1608,5);
insert into card_type (id_card, id_type) values (1608,6);
insert into card(id, name, manaCost, cmc, rarity_id, set_id, imageUrl, c_power, c_toughness, description) values ('1609','Snapping Gnarlid','{1}{G}','10','1','1','//gatherer.wizards.com/Handlers/Image.ashx?multiverseid=402045&type=card','2','2','Landfall — Whenever a land enters the battlefield under your control, Snapping Gnarlid gets +1/+1 until end of turn.');
insert into card_color (id_card, id_color) values (1609,5);
insert into card_type (id_card, id_type) values (1609,1);
insert into card(id, name, manaCost, cmc, rarity_id, set_id, imageUrl, c_power, c_toughness, description) values ('1610','Swell of Growth','{1}{G}','10','1','1','//gatherer.wizards.com/Handlers/Image.ashx?multiverseid=402064&type=card','none','none','Target creature gets +2/+2 until end of turn. You may put a land card from your hand onto the battlefield.');
insert into card_color (id_card, id_color) values (1610,5);
insert into card_type (id_card, id_type) values (1610,7);
insert into card(id, name, manaCost, cmc, rarity_id, set_id, imageUrl, c_power, c_toughness, description) values ('1611','Sylvan Scrying','{1}{G}','10','2','1','//gatherer.wizards.com/Handlers/Image.ashx?multiverseid=402065&type=card','none','none','Search your library for a land card, reveal it, and put it into your hand. Then shuffle your library.');
insert into card_color (id_card, id_color) values (1611,5);
insert into card_type (id_card, id_type) values (1611,6);
insert into card(id, name, manaCost, cmc, rarity_id, set_id, imageUrl, c_power, c_toughness, description) values ('1612','Tajuru Beastmaster','{5}{G}','10','1','1','//gatherer.wizards.com/Handlers/Image.ashx?multiverseid=402066&type=card','5','5','Rally — Whenever Tajuru Beastmaster or another Ally enters the battlefield under your control, creatures you control get +1/+1 until end of turn.');
insert into card_color (id_card, id_color) values (1612,5);
insert into card_type (id_card, id_type) values (1612,1);
insert into card(id, name, manaCost, cmc, rarity_id, set_id, imageUrl, c_power, c_toughness, description) values ('1613','Tajuru Stalwart','{2}{G}','10','1','1','//gatherer.wizards.com/Handlers/Image.ashx?multiverseid=402067&type=card','0','1','Converge — Tajuru Stalwart enters the battlefield with a +1/+1 counter on it for each color of mana spent to cast it.');
insert into card_color (id_card, id_color) values (1613,5);
insert into card_type (id_card, id_type) values (1613,1);
insert into card(id, name, manaCost, cmc, rarity_id, set_id, imageUrl, c_power, c_toughness, description) values ('1614','Tajuru Warcaller','{3}{G}{G}','10','2','1','//gatherer.wizards.com/Handlers/Image.ashx?multiverseid=402068&type=card','2','1','Rally — Whenever Tajuru Warcaller or another Ally enters the battlefield under your control, creatures you control get +2/+2 until end of turn.');
insert into card_color (id_card, id_color) values (1614,5);
insert into card_type (id_card, id_type) values (1614,1);
insert into card(id, name, manaCost, cmc, rarity_id, set_id, imageUrl, c_power, c_toughness, description) values ('1615','Territorial Baloth','{4}{G}','10','1','1','//gatherer.wizards.com/Handlers/Image.ashx?multiverseid=402070&type=card','4','4','Landfall — Whenever a land enters the battlefield under your control, Territorial Baloth gets +2/+2 until end of turn.');
insert into card_color (id_card, id_color) values (1615,5);
insert into card_type (id_card, id_type) values (1615,1);
insert into card(id, name, manaCost, cmc, rarity_id, set_id, imageUrl, c_power, c_toughness, description) values ('1616','Undergrowth Champion','{1}{G}{G}','10','4','1','//gatherer.wizards.com/Handlers/Image.ashx?multiverseid=402083&type=card','2','2','If damage would be dealt to Undergrowth Champion while it has a +1/+1 counter on it, prevent that damage and remove a +1/+1 counter from Undergrowth Champion.
Landfall — Whenever a land enters the battlefield under your control, put a +1/+1 counter on Undergrowth Champion.');
insert into card_color (id_card, id_color) values (1616,5);
insert into card_type (id_card, id_type) values (1616,1);
insert into card(id, name, manaCost, cmc, rarity_id, set_id, imageUrl, c_power, c_toughness, description) values ('1617','Woodland Wanderer','{3}{G}','10','3','1','//gatherer.wizards.com/Handlers/Image.ashx?multiverseid=402099&type=card','2','2','Vigilance, trample
Converge — Woodland Wanderer enters the battlefield with a +1/+1 counter on it for each color of mana spent to cast it.');
insert into card_color (id_card, id_color) values (1617,5);
insert into card_type (id_card, id_type) values (1617,1);
insert into card(id, name, manaCost, cmc, rarity_id, set_id, imageUrl, c_power, c_toughness, description) values ('1618','Brood Butcher','{3}{B}{G}','10','3','1','//gatherer.wizards.com/Handlers/Image.ashx?multiverseid=401832&type=card','3','3','Devoid (This card has no color.)
When Brood Butcher enters the battlefield, create a 1/1 colorless Eldrazi Scion creature token. It has "Sacrifice this creature: Add {C} to your mana pool."
{B}{G}, Sacrifice a creature: Target creature gets -2/-2 until end of turn.');
insert into card_color (id_card, id_color) values (1618,3);
insert into card_color (id_card, id_color) values (1618,5);
insert into card_type (id_card, id_type) values (1618,1);
insert into card(id, name, manaCost, cmc, rarity_id, set_id, imageUrl, c_power, c_toughness, description) values ('1619','Brutal Expulsion','{2}{U}{R}','10','3','1','//gatherer.wizards.com/Handlers/Image.ashx?multiverseid=401835&type=card','none','none','Devoid (This card has no color.)
Choose one or both —
• Return target spell or creature to its owner§s hand.
• Brutal Expulsion deals 2 damage to target creature or planeswalker. If that permanent would be put into a graveyard this turn, exile it instead.');
insert into card_color (id_card, id_color) values (1619,6);
insert into card_color (id_card, id_color) values (1619,4);
insert into card_type (id_card, id_type) values (1619,7);
insert into card(id, name, manaCost, cmc, rarity_id, set_id, imageUrl, c_power, c_toughness, description) values ('1620','Catacomb Sifter','{1}{B}{G}','10','2','1','//gatherer.wizards.com/Handlers/Image.ashx?multiverseid=401839&type=card','2','3','Devoid (This card has no color.)
When Catacomb Sifter enters the battlefield, create a 1/1 colorless Eldrazi Scion creature token. It has "Sacrifice this creature: Add {C} to your mana pool."
Whenever another creature you control dies, scry 1. (Look at the top card of your library. You may put that card on the bottom of your library.)');
insert into card_color (id_card, id_color) values (1620,3);
insert into card_color (id_card, id_color) values (1620,5);
insert into card_type (id_card, id_type) values (1620,1);
insert into card(id, name, manaCost, cmc, rarity_id, set_id, imageUrl, c_power, c_toughness, description) values ('1621','Dust Stalker','{2}{B}{R}','10','3','1','//gatherer.wizards.com/Handlers/Image.ashx?multiverseid=401864&type=card','5','3','Devoid (This card has no color.)
Haste
At the beginning of each end step, if you control no other colorless creatures, return Dust Stalker to its owner§s hand.');
insert into card_color (id_card, id_color) values (1621,3);
insert into card_color (id_card, id_color) values (1621,4);
insert into card_type (id_card, id_type) values (1621,1);
insert into card(id, name, manaCost, cmc, rarity_id, set_id, imageUrl, c_power, c_toughness, description) values ('1622','Fathom Feeder','{U}{B}','10','3','1','//gatherer.wizards.com/Handlers/Image.ashx?multiverseid=401876&type=card','1','1','Devoid (This card has no color.)
Deathtouch
Ingest (Whenever this creature deals combat damage to a player, that player exiles the top card of his or her library.)
{3}{U}{B}: Draw a card. Each opponent exiles the top card of his or her library.');
insert into card_color (id_card, id_color) values (1622,6);
insert into card_color (id_card, id_color) values (1622,3);
insert into card_type (id_card, id_type) values (1622,1);
insert into card(id, name, manaCost, cmc, rarity_id, set_id, imageUrl, c_power, c_toughness, description) values ('1623','Forerunner of Slaughter','{B}{R}','10','2','1','//gatherer.wizards.com/Handlers/Image.ashx?multiverseid=401881&type=card','3','2','Devoid (This card has no color.)
{1}: Target colorless creature gains haste until end of turn.');
insert into card_color (id_card, id_color) values (1623,3);
insert into card_color (id_card, id_color) values (1623,4);
insert into card_type (id_card, id_type) values (1623,1);
insert into card(id, name, manaCost, cmc, rarity_id, set_id, imageUrl, c_power, c_toughness, description) values ('1624','Herald of Kozilek','{1}{U}{R}','10','2','1','//gatherer.wizards.com/Handlers/Image.ashx?multiverseid=401912&type=card','2','4','Devoid (This card has no color.)
Colorless spells you cast cost {1} less to cast.');
insert into card_color (id_card, id_color) values (1624,6);
insert into card_color (id_card, id_color) values (1624,4);
insert into card_type (id_card, id_type) values (1624,1);
insert into card(id, name, manaCost, cmc, rarity_id, set_id, imageUrl, c_power, c_toughness, description) values ('1625','Sire of Stagnation','{4}{U}{B}','10','4','1','//gatherer.wizards.com/Handlers/Image.ashx?multiverseid=402036&type=card','5','7','Devoid (This card has no color.)
Whenever a land enters the battlefield under an opponent§s control, that player exiles the top two cards of his or her library and you draw two cards.');
insert into card_color (id_card, id_color) values (1625,6);
insert into card_color (id_card, id_color) values (1625,3);
insert into card_type (id_card, id_type) values (1625,1);
insert into card(id, name, manaCost, cmc, rarity_id, set_id, imageUrl, c_power, c_toughness, description) values ('1626','Ulamog§s Nullifier','{2}{U}{B}','10','2','1','//gatherer.wizards.com/Handlers/Image.ashx?multiverseid=402081&type=card','2','3','Devoid (This card has no color.)
Flash
Flying
When Ulamog§s Nullifier enters the battlefield, you may put two cards your opponents own from exile into their owners§ graveyards. If you do, counter target spell.');
insert into card_color (id_card, id_color) values (1626,6);
insert into card_color (id_card, id_color) values (1626,3);
insert into card_type (id_card, id_type) values (1626,1);
insert into card(id, name, manaCost, cmc, rarity_id, set_id, imageUrl, c_power, c_toughness, description) values ('1627','Angelic Captain','{3}{R}{W}','10','3','1','//gatherer.wizards.com/Handlers/Image.ashx?multiverseid=401811&type=card','4','3','Flying
Whenever Angelic Captain attacks, it gets +1/+1 until end of turn for each other attacking Ally.');
insert into card_color (id_card, id_color) values (1627,2);
insert into card_color (id_card, id_color) values (1627,4);
insert into card_type (id_card, id_type) values (1627,1);
insert into card(id, name, manaCost, cmc, rarity_id, set_id, imageUrl, c_power, c_toughness, description) values ('1628','Bring to Light','{3}{G}{U}','10','3','1','//gatherer.wizards.com/Handlers/Image.ashx?multiverseid=401831&type=card','none','none','Converge — Search your library for a creature, instant, or sorcery card with converted mana cost less than or equal to the number of colors of mana spent to cast Bring to Light, exile that card, then shuffle your library. You may cast that card without paying its mana cost.');
insert into card_color (id_card, id_color) values (1628,6);
insert into card_color (id_card, id_color) values (1628,5);
insert into card_type (id_card, id_type) values (1628,6);
insert into card(id, name, manaCost, cmc, rarity_id, set_id, imageUrl, c_power, c_toughness, description) values ('1629','Drana§s Emissary','{1}{W}{B}','10','2','1','//gatherer.wizards.com/Handlers/Image.ashx?multiverseid=401862&type=card','2','2','Flying
At the beginning of your upkeep, each opponent loses 1 life and you gain 1 life.');
insert into card_color (id_card, id_color) values (1629,2);
insert into card_color (id_card, id_color) values (1629,3);
insert into card_type (id_card, id_type) values (1629,1);
insert into card(id, name, manaCost, cmc, rarity_id, set_id, imageUrl, c_power, c_toughness, description) values ('1630','Grove Rumbler','{2}{R}{G}','10','2','1','//gatherer.wizards.com/Handlers/Image.ashx?multiverseid=401903&type=card','3','3','Trample
Landfall — Whenever a land enters the battlefield under your control, Grove Rumbler gets +2/+2 until end of turn.');
insert into card_color (id_card, id_color) values (1630,4);
insert into card_color (id_card, id_color) values (1630,5);
insert into card_type (id_card, id_type) values (1630,1);
insert into card(id, name, manaCost, cmc, rarity_id, set_id, imageUrl, c_power, c_toughness, description) values ('1631','Grovetender Druids','{2}{G}{W}','10','2','1','//gatherer.wizards.com/Handlers/Image.ashx?multiverseid=401904&type=card','3','3','Rally — Whenever Grovetender Druids or another Ally enters the battlefield under your control, you may pay {1}. If you do, create a 1/1 green Plant creature token.');
insert into card_color (id_card, id_color) values (1631,2);
insert into card_color (id_card, id_color) values (1631,5);
insert into card_type (id_card, id_type) values (1631,1);
insert into card(id, name, manaCost, cmc, rarity_id, set_id, imageUrl, c_power, c_toughness, description) values ('1632','Kiora, Master of the Depths','{2}{G}{U}','10','4','1','//gatherer.wizards.com/Handlers/Image.ashx?multiverseid=401931&type=card','none','none','+1: Untap up to one target creature and up to one target land.
−2: Reveal the top four cards of your library. You may put a creature card and/or a land card from among them into your hand. Put the rest into your graveyard.
−8: You get an emblem with "Whenever a creature enters the battlefield under your control, you may have it fight target creature." Then create three 8/8 blue Octopus creature tokens.');
insert into card_color (id_card, id_color) values (1632,6);
insert into card_color (id_card, id_color) values (1632,5);
insert into card_type (id_card, id_type) values (1632,5);
insert into card(id, name, manaCost, cmc, rarity_id, set_id, imageUrl, c_power, c_toughness, description) values ('1633','March from the Tomb','{3}{W}{B}','10','3','1','//gatherer.wizards.com/Handlers/Image.ashx?multiverseid=401947&type=card','none','none','Return any number of target Ally creature cards with total converted mana cost 8 or less from your graveyard to the battlefield.');
insert into card_color (id_card, id_color) values (1633,2);
insert into card_color (id_card, id_color) values (1633,3);
insert into card_type (id_card, id_type) values (1633,6);
insert into card(id, name, manaCost, cmc, rarity_id, set_id, imageUrl, c_power, c_toughness, description) values ('1634','Munda, Ambush Leader','{2}{R}{W}','10','3','1','//gatherer.wizards.com/Handlers/Image.ashx?multiverseid=401963&type=card','3','4','Haste
Rally — Whenever Munda, Ambush Leader or another Ally enters the battlefield under your control, you may look at the top four cards of your library. If you do, reveal any number of Ally cards from among them, then put those cards on top of your library in any order and the rest on the bottom in any order.');
insert into card_color (id_card, id_color) values (1634,2);
insert into card_color (id_card, id_color) values (1634,4);
insert into card_type (id_card, id_type) values (1634,1);
insert into card_supertype (id_card, id_supertype) values (1634,3);
insert into card(id, name, manaCost, cmc, rarity_id, set_id, imageUrl, c_power, c_toughness, description) values ('1635','Noyan Dar, Roil Shaper','{3}{W}{U}','10','3','1','//gatherer.wizards.com/Handlers/Image.ashx?multiverseid=401970&type=card','4','4','Whenever you cast an instant or sorcery spell, you may put three +1/+1 counters on target land you control. If you do, that land becomes a 0/0 Elemental creature with haste that§s still a land.');
insert into card_color (id_card, id_color) values (1635,2);
insert into card_color (id_card, id_color) values (1635,6);
insert into card_type (id_card, id_type) values (1635,1);
insert into card_supertype (id_card, id_supertype) values (1635,3);
insert into card(id, name, manaCost, cmc, rarity_id, set_id, imageUrl, c_power, c_toughness, description) values ('1636','Omnath, Locus of Rage','{3}{R}{R}{G}{G}','10','4','1','//gatherer.wizards.com/Handlers/Image.ashx?multiverseid=401973&type=card','5','5','Landfall — Whenever a land enters the battlefield under your control, create a 5/5 red and green Elemental creature token.
Whenever Omnath, Locus of Rage or another Elemental you control dies, Omnath deals 3 damage to target creature or player.');
insert into card_color (id_card, id_color) values (1636,4);
insert into card_color (id_card, id_color) values (1636,5);
insert into card_type (id_card, id_type) values (1636,1);
insert into card_supertype (id_card, id_supertype) values (1636,3);
insert into card(id, name, manaCost, cmc, rarity_id, set_id, imageUrl, c_power, c_toughness, description) values ('1637','Resolute Blademaster','{3}{R}{W}','10','2','1','//gatherer.wizards.com/Handlers/Image.ashx?multiverseid=402005&type=card','2','2','Rally — Whenever Resolute Blademaster or another Ally enters the battlefield under your control, creatures you control gain double strike until end of turn.');
insert into card_color (id_card, id_color) values (1637,2);
insert into card_color (id_card, id_color) values (1637,4);
insert into card_type (id_card, id_type) values (1637,1);
insert into card(id, name, manaCost, cmc, rarity_id, set_id, imageUrl, c_power, c_toughness, description) values ('1638','Roil Spout','{1}{W}{U}','10','2','1','//gatherer.wizards.com/Handlers/Image.ashx?multiverseid=402012&type=card','none','none','Put target creature on top of its owner§s library.
Awaken 4—{4}{W}{U} (If you cast this spell for {4}{W}{U}, also put four +1/+1 counters on target land you control and it becomes a 0/0 Elemental creature with haste. It§s still a land.)');
insert into card_color (id_card, id_color) values (1638,2);
insert into card_color (id_card, id_color) values (1638,6);
insert into card_type (id_card, id_type) values (1638,6);
insert into card(id, name, manaCost, cmc, rarity_id, set_id, imageUrl, c_power, c_toughness, description) values ('1639','Skyrider Elf','{X}{G}{U}','10','2','1','//gatherer.wizards.com/Handlers/Image.ashx?multiverseid=402039&type=card','0','0','Flying
Converge — Skyrider Elf enters the battlefield with a +1/+1 counter on it for each color of mana spent to cast it.');
insert into card_color (id_card, id_color) values (1639,6);
insert into card_color (id_card, id_color) values (1639,5);
insert into card_type (id_card, id_type) values (1639,1);
insert into card(id, name, manaCost, cmc, rarity_id, set_id, imageUrl, c_power, c_toughness, description) values ('1640','Veteran Warleader','{1}{G}{W}','10','3','1','//gatherer.wizards.com/Handlers/Image.ashx?multiverseid=402090&type=card','*','*','Veteran Warleader§s power and toughness are each equal to the number of creatures you control.
Tap another untapped Ally you control: Veteran Warleader gains your choice of first strike, vigilance, or trample until end of turn.');
insert into card_color (id_card, id_color) values (1640,2);
insert into card_color (id_card, id_color) values (1640,5);
insert into card_type (id_card, id_type) values (1640,1);
insert into card(id, name, manaCost, cmc, rarity_id, set_id, imageUrl, c_power, c_toughness, description) values ('1641','Aligned Hedron Network','{4}','10','3','1','//gatherer.wizards.com/Handlers/Image.ashx?multiverseid=401807&type=card','none','none','When Aligned Hedron Network enters the battlefield, exile all creatures with power 5 or greater until Aligned Hedron Network leaves the battlefield. (Those creatures return under their owners§ control.)');
insert into card_color (id_card, id_color) values (1641,1);
insert into card_type (id_card, id_type) values (1641,3);
insert into card(id, name, manaCost, cmc, rarity_id, set_id, imageUrl, c_power, c_toughness, description) values ('1642','Hedron Archive','{4}','10','2','1','//gatherer.wizards.com/Handlers/Image.ashx?multiverseid=401910&type=card','none','none','{T}: Add {C}{C} to your mana pool.
{2}, {T}, Sacrifice Hedron Archive: Draw two cards.');
insert into card_color (id_card, id_color) values (1642,1);
insert into card_type (id_card, id_type) values (1642,3);
insert into card(id, name, manaCost, cmc, rarity_id, set_id, imageUrl, c_power, c_toughness, description) values ('1643','Hedron Blade','{1}','10','1','1','//gatherer.wizards.com/Handlers/Image.ashx?multiverseid=401911&type=card','none','none','Equipped creature gets +1/+1.
Whenever equipped creature becomes blocked by one or more colorless creatures, it gains deathtouch until end of turn. (Any amount of damage it deals to a creature is enough to destroy it.)
Equip {2} ({2}: Attach to target creature you control. Equip only as a sorcery.)');
insert into card_color (id_card, id_color) values (1643,1);
insert into card_type (id_card, id_type) values (1643,3);
insert into card(id, name, manaCost, cmc, rarity_id, set_id, imageUrl, c_power, c_toughness, description) values ('1644','Pathway Arrows','{1}','10','2','1','//gatherer.wizards.com/Handlers/Image.ashx?multiverseid=401983&type=card','none','none','Equipped creature has "{2}, {T}: This creature deals 1 damage to target creature. If a colorless creature is dealt damage this way, tap it."
Equip {2}');
insert into card_color (id_card, id_color) values (1644,1);
insert into card_type (id_card, id_type) values (1644,3);
insert into card(id, name, manaCost, cmc, rarity_id, set_id, imageUrl, c_power, c_toughness, description) values ('1645','Pilgrim§s Eye','{3}','10','2','1','//gatherer.wizards.com/Handlers/Image.ashx?multiverseid=401984&type=card','1','1','Flying
When Pilgrim§s Eye enters the battlefield, you may search your library for a basic land card, reveal it, put it into your hand, then shuffle your library.');
insert into card_color (id_card, id_color) values (1645,1);
insert into card_type (id_card, id_type) values (1645,3);
insert into card_type (id_card, id_type) values (1645,1);
insert into card(id, name, manaCost, cmc, rarity_id, set_id, imageUrl, c_power, c_toughness, description) values ('1646','Slab Hammer','{2}','10','2','1','//gatherer.wizards.com/Handlers/Image.ashx?multiverseid=402040&type=card','none','none','Whenever equipped creature attacks, you may return a land you control to its owner§s hand. If you do, the creature gets +2/+2 until end of turn.
Equip {2}');
insert into card_color (id_card, id_color) values (1646,1);
insert into card_type (id_card, id_type) values (1646,3);
insert into card(id, name, manaCost, cmc, rarity_id, set_id, imageUrl, c_power, c_toughness, description) values ('1647','Ally Encampment','null','10','3','1','//gatherer.wizards.com/Handlers/Image.ashx?multiverseid=401808&type=card','none','none','{T}: Add {C} to your mana pool.
{T}: Add one mana of any color to your mana pool. Spend this mana only to cast an Ally spell.
{1}, {T}, Sacrifice Ally Encampment: Return target Ally you control to its owner§s hand.');
insert into card_color (id_card, id_color) values (1647,1);
insert into card_type (id_card, id_type) values (1647,2);
insert into card(id, name, manaCost, cmc, rarity_id, set_id, imageUrl, c_power, c_toughness, description) values ('1648','Blighted Cataract','null','10','2','1','//gatherer.wizards.com/Handlers/Image.ashx?multiverseid=401820&type=card','none','none','{T}: Add {C} to your mana pool.
{5}{U}, {T}, Sacrifice Blighted Cataract: Draw two cards.');
insert into card_color (id_card, id_color) values (1648,6);
insert into card_type (id_card, id_type) values (1648,2);
insert into card(id, name, manaCost, cmc, rarity_id, set_id, imageUrl, c_power, c_toughness, description) values ('1649','Blighted Fen','null','10','2','1','//gatherer.wizards.com/Handlers/Image.ashx?multiverseid=401821&type=card','none','none','{T}: Add {C} to your mana pool.
{4}{B}, {T}, Sacrifice Blighted Fen: Target opponent sacrifices a creature.');
insert into card_color (id_card, id_color) values (1649,3);
insert into card_type (id_card, id_type) values (1649,2);
insert into card(id, name, manaCost, cmc, rarity_id, set_id, imageUrl, c_power, c_toughness, description) values ('1650','Blighted Gorge','null','10','2','1','//gatherer.wizards.com/Handlers/Image.ashx?multiverseid=401822&type=card','none','none','{T}: Add {C} to your mana pool.
{4}{R}, {T}, Sacrifice Blighted Gorge: Blighted Gorge deals 2 damage to target creature or player.');
insert into card_color (id_card, id_color) values (1650,4);
insert into card_type (id_card, id_type) values (1650,2);
insert into card(id, name, manaCost, cmc, rarity_id, set_id, imageUrl, c_power, c_toughness, description) values ('1651','Blighted Steppe','null','10','2','1','//gatherer.wizards.com/Handlers/Image.ashx?multiverseid=401823&type=card','none','none','{T}: Add {C} to your mana pool.
{3}{W}, {T}, Sacrifice Blighted Steppe: You gain 2 life for each creature you control.');
insert into card_color (id_card, id_color) values (1651,2);
insert into card_type (id_card, id_type) values (1651,2);
insert into card(id, name, manaCost, cmc, rarity_id, set_id, imageUrl, c_power, c_toughness, description) values ('1652','Blighted Woodland','null','10','2','1','//gatherer.wizards.com/Handlers/Image.ashx?multiverseid=401824&type=card','none','none','{T}: Add {C} to your mana pool.
{3}{G}, {T}, Sacrifice Blighted Woodland: Search your library for up to two basic land cards and put them onto the battlefield tapped. Then shuffle your library.');
insert into card_color (id_card, id_color) values (1652,5);
insert into card_type (id_card, id_type) values (1652,2);
insert into card(id, name, manaCost, cmc, rarity_id, set_id, imageUrl, c_power, c_toughness, description) values ('1653','Canopy Vista','null','10','3','1','//gatherer.wizards.com/Handlers/Image.ashx?multiverseid=401837&type=card','none','none','({T}: Add {G} or {W} to your mana pool.)
Canopy Vista enters the battlefield tapped unless you control two or more basic lands.');
insert into card_color (id_card, id_color) values (1653,2);
insert into card_color (id_card, id_color) values (1653,5);
insert into card_type (id_card, id_type) values (1653,2);
insert into card(id, name, manaCost, cmc, rarity_id, set_id, imageUrl, c_power, c_toughness, description) values ('1654','Cinder Glade','null','10','3','1','//gatherer.wizards.com/Handlers/Image.ashx?multiverseid=401841&type=card','none','none','({T}: Add {R} or {G} to your mana pool.)
Cinder Glade enters the battlefield tapped unless you control two or more basic lands.');
insert into card_color (id_card, id_color) values (1654,4);
insert into card_color (id_card, id_color) values (1654,5);
insert into card_type (id_card, id_type) values (1654,2);
insert into card(id, name, manaCost, cmc, rarity_id, set_id, imageUrl, c_power, c_toughness, description) values ('1655','Evolving Wilds','null','10','1','1','//gatherer.wizards.com/Handlers/Image.ashx?multiverseid=401872&type=card','none','none','{T}, Sacrifice Evolving Wilds: Search your library for a basic land card and put it onto the battlefield tapped. Then shuffle your library.');
insert into card_color (id_card, id_color) values (1655,1);
insert into card_type (id_card, id_type) values (1655,2);
insert into card(id, name, manaCost, cmc, rarity_id, set_id, imageUrl, c_power, c_toughness, description) values ('1656','Fertile Thicket','null','10','1','1','//gatherer.wizards.com/Handlers/Image.ashx?multiverseid=401879&type=card','none','none','Fertile Thicket enters the battlefield tapped.
When Fertile Thicket enters the battlefield, you may look at the top five cards of your library. If you do, reveal up to one basic land card from among them, then put that card on top of your library and the rest on the bottom in any order.
{T}: Add {G} to your mana pool.');
insert into card_color (id_card, id_color) values (1656,5);
insert into card_type (id_card, id_type) values (1656,2);
insert into card(id, name, manaCost, cmc, rarity_id, set_id, imageUrl, c_power, c_toughness, description) values ('1657','Looming Spires','null','10','1','1','//gatherer.wizards.com/Handlers/Image.ashx?multiverseid=401942&type=card','none','none','Looming Spires enters the battlefield tapped.
When Looming Spires enters the battlefield, target creature gets +1/+1 and gains first strike until end of turn.
{T}: Add {R} to your mana pool.');
insert into card_color (id_card, id_color) values (1657,4);
insert into card_type (id_card, id_type) values (1657,2);
insert into card(id, name, manaCost, cmc, rarity_id, set_id, imageUrl, c_power, c_toughness, description) values ('1658','Lumbering Falls','null','10','3','1','//gatherer.wizards.com/Handlers/Image.ashx?multiverseid=401943&type=card','none','none','Lumbering Falls enters the battlefield tapped.
{T}: Add {G} or {U} to your mana pool.
{2}{G}{U}: Lumbering Falls becomes a 3/3 green and blue Elemental creature with hexproof until end of turn. It§s still a land.');
insert into card_color (id_card, id_color) values (1658,5);
insert into card_color (id_card, id_color) values (1658,6);
insert into card_type (id_card, id_type) values (1658,2);
insert into card(id, name, manaCost, cmc, rarity_id, set_id, imageUrl, c_power, c_toughness, description) values ('1659','Mortuary Mire','null','10','1','1','//gatherer.wizards.com/Handlers/Image.ashx?multiverseid=401952&type=card','none','none','Mortuary Mire enters the battlefield tapped.
When Mortuary Mire enters the battlefield, you may put target creature card from your graveyard on top of your library.
{T}: Add {B} to your mana pool.');
insert into card_color (id_card, id_color) values (1659,3);
insert into card_type (id_card, id_type) values (1659,2);
insert into card(id, name, manaCost, cmc, rarity_id, set_id, imageUrl, c_power, c_toughness, description) values ('1660','Prairie Stream','null','10','3','1','//gatherer.wizards.com/Handlers/Image.ashx?multiverseid=401998&type=card','none','none','({T}: Add {W} or {U} to your mana pool.)
Prairie Stream enters the battlefield tapped unless you control two or more basic lands.');
insert into card_color (id_card, id_color) values (1660,2);
insert into card_color (id_card, id_color) values (1660,6);
insert into card_type (id_card, id_type) values (1660,2);
insert into card(id, name, manaCost, cmc, rarity_id, set_id, imageUrl, c_power, c_toughness, description) values ('1661','Sanctum of Ugin','null','10','3','1','//gatherer.wizards.com/Handlers/Image.ashx?multiverseid=402022&type=card','none','none','{T}: Add {C} to your mana pool.
Whenever you cast a colorless spell with converted mana cost 7 or greater, you may sacrifice Sanctum of Ugin. If you do, search your library for a colorless creature card, reveal it, put it into your hand, then shuffle your library.');
insert into card_color (id_card, id_color) values (1661,1);
insert into card_type (id_card, id_type) values (1661,2);
insert into card(id, name, manaCost, cmc, rarity_id, set_id, imageUrl, c_power, c_toughness, description) values ('1662','Sandstone Bridge','null','10','1','1','//gatherer.wizards.com/Handlers/Image.ashx?multiverseid=402023&type=card','none','none','Sandstone Bridge enters the battlefield tapped.
When Sandstone Bridge enters the battlefield, target creature gets +1/+1 and gains vigilance until end of turn.
{T}: Add {W} to your mana pool.');
insert into card_color (id_card, id_color) values (1662,2);
insert into card_type (id_card, id_type) values (1662,2);
insert into card(id, name, manaCost, cmc, rarity_id, set_id, imageUrl, c_power, c_toughness, description) values ('1663','Shambling Vent','null','10','3','1','//gatherer.wizards.com/Handlers/Image.ashx?multiverseid=402031&type=card','none','none','Shambling Vent enters the battlefield tapped.
{T}: Add {W} or {B} to your mana pool.
{1}{W}{B}: Shambling Vent becomes a 2/3 white and black Elemental creature with lifelink until end of turn. It§s still a land.');
insert into card_color (id_card, id_color) values (1663,2);
insert into card_color (id_card, id_color) values (1663,3);
insert into card_type (id_card, id_type) values (1663,2);
insert into card(id, name, manaCost, cmc, rarity_id, set_id, imageUrl, c_power, c_toughness, description) values ('1664','Shrine of the Forsaken Gods','null','10','3','1','//gatherer.wizards.com/Handlers/Image.ashx?multiverseid=402034&type=card','none','none','{T}: Add {C} to your mana pool.
{T}: Add {C}{C} to your mana pool. Spend this mana only to cast colorless spells. Activate this ability only if you control seven or more lands.');
insert into card_color (id_card, id_color) values (1664,1);
insert into card_type (id_card, id_type) values (1664,2);
insert into card(id, name, manaCost, cmc, rarity_id, set_id, imageUrl, c_power, c_toughness, description) values ('1665','Skyline Cascade','null','10','1','1','//gatherer.wizards.com/Handlers/Image.ashx?multiverseid=402038&type=card','none','none','Skyline Cascade enters the battlefield tapped.
When Skyline Cascade enters the battlefield, target creature an opponent controls doesn§t untap during its controller§s next untap step.
{T}: Add {U} to your mana pool.');
insert into card_color (id_card, id_color) values (1665,6);
insert into card_type (id_card, id_type) values (1665,2);
insert into card(id, name, manaCost, cmc, rarity_id, set_id, imageUrl, c_power, c_toughness, description) values ('1666','Smoldering Marsh','null','10','3','1','//gatherer.wizards.com/Handlers/Image.ashx?multiverseid=402043&type=card','none','none','({T}: Add {B} or {R} to your mana pool.)
Smoldering Marsh enters the battlefield tapped unless you control two or more basic lands.');
insert into card_color (id_card, id_color) values (1666,3);
insert into card_color (id_card, id_color) values (1666,4);
insert into card_type (id_card, id_type) values (1666,2);
insert into card(id, name, manaCost, cmc, rarity_id, set_id, imageUrl, c_power, c_toughness, description) values ('1667','Spawning Bed','null','10','2','1','//gatherer.wizards.com/Handlers/Image.ashx?multiverseid=402046&type=card','none','none','{T}: Add {C} to your mana pool.
{6}, {T}, Sacrifice Spawning Bed: Create three 1/1 colorless Eldrazi Scion creature tokens. They have "Sacrifice this creature: Add {C} to your mana pool."');
insert into card_color (id_card, id_color) values (1667,1);
insert into card_type (id_card, id_type) values (1667,2);
insert into card(id, name, manaCost, cmc, rarity_id, set_id, imageUrl, c_power, c_toughness, description) values ('1668','Sunken Hollow','null','10','3','1','//gatherer.wizards.com/Handlers/Image.ashx?multiverseid=402051&type=card','none','none','({T}: Add {U} or {B} to your mana pool.)
Sunken Hollow enters the battlefield tapped unless you control two or more basic lands.');
insert into card_color (id_card, id_color) values (1668,6);
insert into card_color (id_card, id_color) values (1668,3);
insert into card_type (id_card, id_type) values (1668,2);
insert into card(id, name, manaCost, cmc, rarity_id, set_id, imageUrl, c_power, c_toughness, description) values ('1669','Plains','null','10','6','1','//gatherer.wizards.com/Handlers/Image.ashx?multiverseid=401985&type=card','none','none','null');
insert into card_color (id_card, id_color) values (1669,2);
insert into card_type (id_card, id_type) values (1669,2);
insert into card_supertype (id_card, id_supertype) values (1669,2);
insert into card(id, name, manaCost, cmc, rarity_id, set_id, imageUrl, c_power, c_toughness, description) values ('1670','Plains','null','10','6','1','//gatherer.wizards.com/Handlers/Image.ashx?multiverseid=401992&type=card','none','none','null');
insert into card_color (id_card, id_color) values (1670,2);
insert into card_type (id_card, id_type) values (1670,2);
insert into card_supertype (id_card, id_supertype) values (1670,2);
insert into card(id, name, manaCost, cmc, rarity_id, set_id, imageUrl, c_power, c_toughness, description) values ('1671','Plains','null','10','6','1','//gatherer.wizards.com/Handlers/Image.ashx?multiverseid=401988&type=card','none','none','null');
insert into card_color (id_card, id_color) values (1671,2);
insert into card_type (id_card, id_type) values (1671,2);
insert into card_supertype (id_card, id_supertype) values (1671,2);
insert into card(id, name, manaCost, cmc, rarity_id, set_id, imageUrl, c_power, c_toughness, description) values ('1672','Plains','null','10','6','1','//gatherer.wizards.com/Handlers/Image.ashx?multiverseid=401993&type=card','none','none','null');
insert into card_color (id_card, id_color) values (1672,2);
insert into card_type (id_card, id_type) values (1672,2);
insert into card_supertype (id_card, id_supertype) values (1672,2);
insert into card(id, name, manaCost, cmc, rarity_id, set_id, imageUrl, c_power, c_toughness, description) values ('1673','Plains','null','10','6','1','//gatherer.wizards.com/Handlers/Image.ashx?multiverseid=401989&type=card','none','none','null');
insert into card_color (id_card, id_color) values (1673,2);
insert into card_type (id_card, id_type) values (1673,2);
insert into card_supertype (id_card, id_supertype) values (1673,2);
insert into card(id, name, manaCost, cmc, rarity_id, set_id, imageUrl, c_power, c_toughness, description) values ('1674','Plains','null','10','6','1','//gatherer.wizards.com/Handlers/Image.ashx?multiverseid=401991&type=card','none','none','null');
insert into card_color (id_card, id_color) values (1674,2);
insert into card_type (id_card, id_type) values (1674,2);
insert into card_supertype (id_card, id_supertype) values (1674,2);
insert into card(id, name, manaCost, cmc, rarity_id, set_id, imageUrl, c_power, c_toughness, description) values ('1675','Plains','null','10','6','1','//gatherer.wizards.com/Handlers/Image.ashx?multiverseid=401986&type=card','none','none','null');
insert into card_color (id_card, id_color) values (1675,2);
insert into card_type (id_card, id_type) values (1675,2);
insert into card_supertype (id_card, id_supertype) values (1675,2);
insert into card(id, name, manaCost, cmc, rarity_id, set_id, imageUrl, c_power, c_toughness, description) values ('1676','Plains','null','10','6','1','//gatherer.wizards.com/Handlers/Image.ashx?multiverseid=401994&type=card','none','none','null');
insert into card_color (id_card, id_color) values (1676,2);
insert into card_type (id_card, id_type) values (1676,2);
insert into card_supertype (id_card, id_supertype) values (1676,2);
insert into card(id, name, manaCost, cmc, rarity_id, set_id, imageUrl, c_power, c_toughness, description) values ('1677','Plains','null','10','6','1','//gatherer.wizards.com/Handlers/Image.ashx?multiverseid=401987&type=card','none','none','null');
insert into card_color (id_card, id_color) values (1677,2);
insert into card_type (id_card, id_type) values (1677,2);
insert into card_supertype (id_card, id_supertype) values (1677,2);
insert into card(id, name, manaCost, cmc, rarity_id, set_id, imageUrl, c_power, c_toughness, description) values ('1678','Plains','null','10','6','1','//gatherer.wizards.com/Handlers/Image.ashx?multiverseid=401990&type=card','none','none','null');
insert into card_color (id_card, id_color) values (1678,2);
insert into card_type (id_card, id_type) values (1678,2);
insert into card_supertype (id_card, id_supertype) values (1678,2);
insert into card(id, name, manaCost, cmc, rarity_id, set_id, imageUrl, c_power, c_toughness, description) values ('1679','Island','null','10','6','1','//gatherer.wizards.com/Handlers/Image.ashx?multiverseid=401922&type=card','none','none','null');
insert into card_color (id_card, id_color) values (1679,6);
insert into card_type (id_card, id_type) values (1679,2);
insert into card_supertype (id_card, id_supertype) values (1679,2);
insert into card(id, name, manaCost, cmc, rarity_id, set_id, imageUrl, c_power, c_toughness, description) values ('1680','Island','null','10','6','1','//gatherer.wizards.com/Handlers/Image.ashx?multiverseid=401925&type=card','none','none','null');
insert into card_color (id_card, id_color) values (1680,6);
insert into card_type (id_card, id_type) values (1680,2);
insert into card_supertype (id_card, id_supertype) values (1680,2);
insert into card(id, name, manaCost, cmc, rarity_id, set_id, imageUrl, c_power, c_toughness, description) values ('1681','Island','null','10','6','1','//gatherer.wizards.com/Handlers/Image.ashx?multiverseid=401918&type=card','none','none','null');
insert into card_color (id_card, id_color) values (1681,6);
insert into card_type (id_card, id_type) values (1681,2);
insert into card_supertype (id_card, id_supertype) values (1681,2);
insert into card(id, name, manaCost, cmc, rarity_id, set_id, imageUrl, c_power, c_toughness, description) values ('1682','Island','null','10','6','1','//gatherer.wizards.com/Handlers/Image.ashx?multiverseid=401923&type=card','none','none','null');
insert into card_color (id_card, id_color) values (1682,6);
insert into card_type (id_card, id_type) values (1682,2);
insert into card_supertype (id_card, id_supertype) values (1682,2);
insert into card(id, name, manaCost, cmc, rarity_id, set_id, imageUrl, c_power, c_toughness, description) values ('1683','Island','null','10','6','1','//gatherer.wizards.com/Handlers/Image.ashx?multiverseid=401920&type=card','none','none','null');
insert into card_color (id_card, id_color) values (1683,6);
insert into card_type (id_card, id_type) values (1683,2);
insert into card_supertype (id_card, id_supertype) values (1683,2);
insert into card(id, name, manaCost, cmc, rarity_id, set_id, imageUrl, c_power, c_toughness, description) values ('1684','Island','null','10','6','1','//gatherer.wizards.com/Handlers/Image.ashx?multiverseid=401926&type=card','none','none','null');
insert into card_color (id_card, id_color) values (1684,6);
insert into card_type (id_card, id_type) values (1684,2);
insert into card_supertype (id_card, id_supertype) values (1684,2);
insert into card(id, name, manaCost, cmc, rarity_id, set_id, imageUrl, c_power, c_toughness, description) values ('1685','Island','null','10','6','1','//gatherer.wizards.com/Handlers/Image.ashx?multiverseid=401924&type=card','none','none','null');
insert into card_color (id_card, id_color) values (1685,6);
insert into card_type (id_card, id_type) values (1685,2);
insert into card_supertype (id_card, id_supertype) values (1685,2);
insert into card(id, name, manaCost, cmc, rarity_id, set_id, imageUrl, c_power, c_toughness, description) values ('1686','Island','null','10','6','1','//gatherer.wizards.com/Handlers/Image.ashx?multiverseid=401927&type=card','none','none','null');
insert into card_color (id_card, id_color) values (1686,6);
insert into card_type (id_card, id_type) values (1686,2);
insert into card_supertype (id_card, id_supertype) values (1686,2);
insert into card(id, name, manaCost, cmc, rarity_id, set_id, imageUrl, c_power, c_toughness, description) values ('1687','Island','null','10','6','1','//gatherer.wizards.com/Handlers/Image.ashx?multiverseid=401919&type=card','none','none','null');
insert into card_color (id_card, id_color) values (1687,6);
insert into card_type (id_card, id_type) values (1687,2);
insert into card_supertype (id_card, id_supertype) values (1687,2);
insert into card(id, name, manaCost, cmc, rarity_id, set_id, imageUrl, c_power, c_toughness, description) values ('1688','Island','null','10','6','1','//gatherer.wizards.com/Handlers/Image.ashx?multiverseid=401921&type=card','none','none','null');
insert into card_color (id_card, id_color) values (1688,6);
insert into card_type (id_card, id_type) values (1688,2);
insert into card_supertype (id_card, id_supertype) values (1688,2);
insert into card(id, name, manaCost, cmc, rarity_id, set_id, imageUrl, c_power, c_toughness, description) values ('1689','Swamp','null','10','6','1','//gatherer.wizards.com/Handlers/Image.ashx?multiverseid=402055&type=card','none','none','null');
insert into card_color (id_card, id_color) values (1689,3);
insert into card_type (id_card, id_type) values (1689,2);
insert into card_supertype (id_card, id_supertype) values (1689,2);
insert into card(id, name, manaCost, cmc, rarity_id, set_id, imageUrl, c_power, c_toughness, description) values ('1690','Swamp','null','10','6','1','//gatherer.wizards.com/Handlers/Image.ashx?multiverseid=402061&type=card','none','none','null');
insert into card_color (id_card, id_color) values (1690,3);
insert into card_type (id_card, id_type) values (1690,2);
insert into card_supertype (id_card, id_supertype) values (1690,2);
insert into card(id, name, manaCost, cmc, rarity_id, set_id, imageUrl, c_power, c_toughness, description) values ('1691','Swamp','null','10','6','1','//gatherer.wizards.com/Handlers/Image.ashx?multiverseid=402053&type=card','none','none','null');
insert into card_color (id_card, id_color) values (1691,3);
insert into card_type (id_card, id_type) values (1691,2);
insert into card_supertype (id_card, id_supertype) values (1691,2);
insert into card(id, name, manaCost, cmc, rarity_id, set_id, imageUrl, c_power, c_toughness, description) values ('1692','Swamp','null','10','6','1','//gatherer.wizards.com/Handlers/Image.ashx?multiverseid=402058&type=card','none','none','null');
insert into card_color (id_card, id_color) values (1692,3);
insert into card_type (id_card, id_type) values (1692,2);
insert into card_supertype (id_card, id_supertype) values (1692,2);
insert into card(id, name, manaCost, cmc, rarity_id, set_id, imageUrl, c_power, c_toughness, description) values ('1693','Swamp','null','10','6','1','//gatherer.wizards.com/Handlers/Image.ashx?multiverseid=402054&type=card','none','none','null');
insert into card_color (id_card, id_color) values (1693,3);
insert into card_type (id_card, id_type) values (1693,2);
insert into card_supertype (id_card, id_supertype) values (1693,2);
insert into card(id, name, manaCost, cmc, rarity_id, set_id, imageUrl, c_power, c_toughness, description) values ('1694','Swamp','null','10','6','1','//gatherer.wizards.com/Handlers/Image.ashx?multiverseid=402060&type=card','none','none','null');
insert into card_color (id_card, id_color) values (1694,3);
insert into card_type (id_card, id_type) values (1694,2);
insert into card_supertype (id_card, id_supertype) values (1694,2);
insert into card(id, name, manaCost, cmc, rarity_id, set_id, imageUrl, c_power, c_toughness, description) values ('1695','Swamp','null','10','6','1','//gatherer.wizards.com/Handlers/Image.ashx?multiverseid=402056&type=card','none','none','null');
insert into card_color (id_card, id_color) values (1695,3);
insert into card_type (id_card, id_type) values (1695,2);
insert into card_supertype (id_card, id_supertype) values (1695,2);
insert into card(id, name, manaCost, cmc, rarity_id, set_id, imageUrl, c_power, c_toughness, description) values ('1696','Swamp','null','10','6','1','//gatherer.wizards.com/Handlers/Image.ashx?multiverseid=402059&type=card','none','none','null');
insert into card_color (id_card, id_color) values (1696,3);
insert into card_type (id_card, id_type) values (1696,2);
insert into card_supertype (id_card, id_supertype) values (1696,2);
insert into card(id, name, manaCost, cmc, rarity_id, set_id, imageUrl, c_power, c_toughness, description) values ('1697','Swamp','null','10','6','1','//gatherer.wizards.com/Handlers/Image.ashx?multiverseid=402057&type=card','none','none','null');
insert into card_color (id_card, id_color) values (1697,3);
insert into card_type (id_card, id_type) values (1697,2);
insert into card_supertype (id_card, id_supertype) values (1697,2);
insert into card(id, name, manaCost, cmc, rarity_id, set_id, imageUrl, c_power, c_toughness, description) values ('1698','Swamp','null','10','6','1','//gatherer.wizards.com/Handlers/Image.ashx?multiverseid=402062&type=card','none','none','null');
insert into card_color (id_card, id_color) values (1698,3);
insert into card_type (id_card, id_type) values (1698,2);
insert into card_supertype (id_card, id_supertype) values (1698,2);
insert into card(id, name, manaCost, cmc, rarity_id, set_id, imageUrl, c_power, c_toughness, description) values ('1699','Mountain','null','10','6','1','//gatherer.wizards.com/Handlers/Image.ashx?multiverseid=401958&type=card','none','none','null');
insert into card_color (id_card, id_color) values (1699,4);
insert into card_type (id_card, id_type) values (1699,2);
insert into card_supertype (id_card, id_supertype) values (1699,2);
insert into card(id, name, manaCost, cmc, rarity_id, set_id, imageUrl, c_power, c_toughness, description) values ('1700','Mountain','null','10','6','1','//gatherer.wizards.com/Handlers/Image.ashx?multiverseid=401962&type=card','none','none','null');
insert into card_color (id_card, id_color) values (1700,4);
insert into card_type (id_card, id_type) values (1700,2);
insert into card_supertype (id_card, id_supertype) values (1700,2);
insert into card(id, name, manaCost, cmc, rarity_id, set_id, imageUrl, c_power, c_toughness, description) values ('1701','Mountain','null','10','6','1','//gatherer.wizards.com/Handlers/Image.ashx?multiverseid=401957&type=card','none','none','null');
insert into card_color (id_card, id_color) values (1701,4);
insert into card_type (id_card, id_type) values (1701,2);
insert into card_supertype (id_card, id_supertype) values (1701,2);
insert into card(id, name, manaCost, cmc, rarity_id, set_id, imageUrl, c_power, c_toughness, description) values ('1702','Mountain','null','10','6','1','//gatherer.wizards.com/Handlers/Image.ashx?multiverseid=401959&type=card','none','none','null');
insert into card_color (id_card, id_color) values (1702,4);
insert into card_type (id_card, id_type) values (1702,2);
insert into card_supertype (id_card, id_supertype) values (1702,2);
insert into card(id, name, manaCost, cmc, rarity_id, set_id, imageUrl, c_power, c_toughness, description) values ('1703','Mountain','null','10','6','1','//gatherer.wizards.com/Handlers/Image.ashx?multiverseid=401954&type=card','none','none','null');
insert into card_color (id_card, id_color) values (1703,4);
insert into card_type (id_card, id_type) values (1703,2);
insert into card_supertype (id_card, id_supertype) values (1703,2);
insert into card(id, name, manaCost, cmc, rarity_id, set_id, imageUrl, c_power, c_toughness, description) values ('1704','Mountain','null','10','6','1','//gatherer.wizards.com/Handlers/Image.ashx?multiverseid=401956&type=card','none','none','null');
insert into card_color (id_card, id_color) values (1704,4);
insert into card_type (id_card, id_type) values (1704,2);
insert into card_supertype (id_card, id_supertype) values (1704,2);
insert into card(id, name, manaCost, cmc, rarity_id, set_id, imageUrl, c_power, c_toughness, description) values ('1705','Mountain','null','10','6','1','//gatherer.wizards.com/Handlers/Image.ashx?multiverseid=401955&type=card','none','none','null');
insert into card_color (id_card, id_color) values (1705,4);
insert into card_type (id_card, id_type) values (1705,2);
insert into card_supertype (id_card, id_supertype) values (1705,2);
insert into card(id, name, manaCost, cmc, rarity_id, set_id, imageUrl, c_power, c_toughness, description) values ('1706','Mountain','null','10','6','1','//gatherer.wizards.com/Handlers/Image.ashx?multiverseid=401961&type=card','none','none','null');
insert into card_color (id_card, id_color) values (1706,4);
insert into card_type (id_card, id_type) values (1706,2);
insert into card_supertype (id_card, id_supertype) values (1706,2);
insert into card(id, name, manaCost, cmc, rarity_id, set_id, imageUrl, c_power, c_toughness, description) values ('1707','Mountain','null','10','6','1','//gatherer.wizards.com/Handlers/Image.ashx?multiverseid=401953&type=card','none','none','null');
insert into card_color (id_card, id_color) values (1707,4);
insert into card_type (id_card, id_type) values (1707,2);
insert into card_supertype (id_card, id_supertype) values (1707,2);
insert into card(id, name, manaCost, cmc, rarity_id, set_id, imageUrl, c_power, c_toughness, description) values ('1708','Mountain','null','10','6','1','//gatherer.wizards.com/Handlers/Image.ashx?multiverseid=401960&type=card','none','none','null');
insert into card_color (id_card, id_color) values (1708,4);
insert into card_type (id_card, id_type) values (1708,2);
insert into card_supertype (id_card, id_supertype) values (1708,2);
insert into card(id, name, manaCost, cmc, rarity_id, set_id, imageUrl, c_power, c_toughness, description) values ('1709','Forest','null','10','6','1','//gatherer.wizards.com/Handlers/Image.ashx?multiverseid=401887&type=card','none','none','null');
insert into card_color (id_card, id_color) values (1709,5);
insert into card_type (id_card, id_type) values (1709,2);
insert into card_supertype (id_card, id_supertype) values (1709,2);
insert into card(id, name, manaCost, cmc, rarity_id, set_id, imageUrl, c_power, c_toughness, description) values ('1710','Forest','null','10','6','1','//gatherer.wizards.com/Handlers/Image.ashx?multiverseid=401889&type=card','none','none','null');
insert into card_color (id_card, id_color) values (1710,5);
insert into card_type (id_card, id_type) values (1710,2);
insert into card_supertype (id_card, id_supertype) values (1710,2);
insert into card(id, name, manaCost, cmc, rarity_id, set_id, imageUrl, c_power, c_toughness, description) values ('1711','Forest','null','10','6','1','//gatherer.wizards.com/Handlers/Image.ashx?multiverseid=401885&type=card','none','none','null');
insert into card_color (id_card, id_color) values (1711,5);
insert into card_type (id_card, id_type) values (1711,2);
insert into card_supertype (id_card, id_supertype) values (1711,2);
insert into card(id, name, manaCost, cmc, rarity_id, set_id, imageUrl, c_power, c_toughness, description) values ('1712','Forest','null','10','6','1','//gatherer.wizards.com/Handlers/Image.ashx?multiverseid=401888&type=card','none','none','null');
insert into card_color (id_card, id_color) values (1712,5);
insert into card_type (id_card, id_type) values (1712,2);
insert into card_supertype (id_card, id_supertype) values (1712,2);
insert into card(id, name, manaCost, cmc, rarity_id, set_id, imageUrl, c_power, c_toughness, description) values ('1713','Forest','null','10','6','1','//gatherer.wizards.com/Handlers/Image.ashx?multiverseid=401884&type=card','none','none','null');
insert into card_color (id_card, id_color) values (1713,5);
insert into card_type (id_card, id_type) values (1713,2);
insert into card_supertype (id_card, id_supertype) values (1713,2);
insert into card(id, name, manaCost, cmc, rarity_id, set_id, imageUrl, c_power, c_toughness, description) values ('1714','Forest','null','10','6','1','//gatherer.wizards.com/Handlers/Image.ashx?multiverseid=401891&type=card','none','none','null');
insert into card_color (id_card, id_color) values (1714,5);
insert into card_type (id_card, id_type) values (1714,2);
insert into card_supertype (id_card, id_supertype) values (1714,2);
insert into card(id, name, manaCost, cmc, rarity_id, set_id, imageUrl, c_power, c_toughness, description) values ('1715','Forest','null','10','6','1','//gatherer.wizards.com/Handlers/Image.ashx?multiverseid=401882&type=card','none','none','null');
insert into card_color (id_card, id_color) values (1715,5);
insert into card_type (id_card, id_type) values (1715,2);
insert into card_supertype (id_card, id_supertype) values (1715,2);
insert into card(id, name, manaCost, cmc, rarity_id, set_id, imageUrl, c_power, c_toughness, description) values ('1716','Forest','null','10','6','1','//gatherer.wizards.com/Handlers/Image.ashx?multiverseid=401886&type=card','none','none','null');
insert into card_color (id_card, id_color) values (1716,5);
insert into card_type (id_card, id_type) values (1716,2);
insert into card_supertype (id_card, id_supertype) values (1716,2);
insert into card(id, name, manaCost, cmc, rarity_id, set_id, imageUrl, c_power, c_toughness, description) values ('1717','Forest','null','10','6','1','//gatherer.wizards.com/Handlers/Image.ashx?multiverseid=401883&type=card','none','none','null');
insert into card_color (id_card, id_color) values (1717,5);
insert into card_type (id_card, id_type) values (1717,2);
insert into card_supertype (id_card, id_supertype) values (1717,2);
insert into card(id, name, manaCost, cmc, rarity_id, set_id, imageUrl, c_power, c_toughness, description) values ('1718','Forest','null','10','6','1','//gatherer.wizards.com/Handlers/Image.ashx?multiverseid=401890&type=card','none','none','null');
insert into card_color (id_card, id_color) values (1718,5);
insert into card_type (id_card, id_type) values (1718,2);
insert into card_supertype (id_card, id_supertype) values (1718,2);
insert into card(id, name, manaCost, cmc, rarity_id, set_id, imageUrl, c_power, c_toughness, description) values ('2106','Deceiver of Form','{6}{C}','10','3','2','//gatherer.wizards.com/Handlers/Image.ashx?multiverseid=407511&type=card','8','8','({C} represents colorless mana.)
At the beginning of combat on your turn, reveal the top card of your library. If a creature card is revealed this way, you may have creatures you control other than Deceiver of Form become copies of that card until end of turn. You may put that card on the bottom of your library.');
insert into card_color (id_card, id_color) values (2106,1);
insert into card_type (id_card, id_type) values (2106,1);
insert into card(id, name, manaCost, cmc, rarity_id, set_id, imageUrl, c_power, c_toughness, description) values ('2107','Eldrazi Mimic','{2}','10','3','2','//gatherer.wizards.com/Handlers/Image.ashx?multiverseid=407512&type=card','2','1','Whenever another colorless creature enters the battlefield under your control, you may change Eldrazi Mimic§s base power and toughness to that creature§s power and toughness until end of turn.');
insert into card_color (id_card, id_color) values (2107,1);
insert into card_type (id_card, id_type) values (2107,1);
insert into card(id, name, manaCost, cmc, rarity_id, set_id, imageUrl, c_power, c_toughness, description) values ('2108','Endbringer','{5}{C}','10','3','2','//gatherer.wizards.com/Handlers/Image.ashx?multiverseid=407513&type=card','5','5','Untap Endbringer during each other player§s untap step.
{T}: Endbringer deals 1 damage to target creature or player.
{C}, {T}: Target creature can§t attack or block this turn.
{C}{C}, {T}: Draw a card.');
insert into card_color (id_card, id_color) values (2108,1);
insert into card_type (id_card, id_type) values (2108,1);
insert into card(id, name, manaCost, cmc, rarity_id, set_id, imageUrl, c_power, c_toughness, description) values ('2109','Kozilek, the Great Distortion','{8}{C}{C}','10','4','2','//gatherer.wizards.com/Handlers/Image.ashx?multiverseid=407514&type=card','12','12','When you cast Kozilek, the Great Distortion, if you have fewer than seven cards in hand, draw cards equal to the difference.
Menace
Discard a card with converted mana cost X: Counter target spell with converted mana cost X.');
insert into card_color (id_card, id_color) values (2109,1);
insert into card_type (id_card, id_type) values (2109,1);
insert into card_supertype (id_card, id_supertype) values (2109,3);
insert into card(id, name, manaCost, cmc, rarity_id, set_id, imageUrl, c_power, c_toughness, description) values ('2110','Kozilek§s Pathfinder','{6}','10','1','2','//gatherer.wizards.com/Handlers/Image.ashx?multiverseid=407515&type=card','5','5','{C}: Target creature can§t block Kozilek§s Pathfinder this turn. ({C} represents colorless mana.)');
insert into card_color (id_card, id_color) values (2110,1);
insert into card_type (id_card, id_type) values (2110,1);
insert into card(id, name, manaCost, cmc, rarity_id, set_id, imageUrl, c_power, c_toughness, description) values ('2111','Matter Reshaper','{2}{C}','10','3','2','//gatherer.wizards.com/Handlers/Image.ashx?multiverseid=407516&type=card','3','2','({C} represents colorless mana.)
When Matter Reshaper dies, reveal the top card of your library. You may put that card onto the battlefield if it§s a permanent card with converted mana cost 3 or less. Otherwise, put that card into your hand.');
insert into card_color (id_card, id_color) values (2111,1);
insert into card_type (id_card, id_type) values (2111,1);
insert into card(id, name, manaCost, cmc, rarity_id, set_id, imageUrl, c_power, c_toughness, description) values ('2112','Reality Smasher','{4}{C}','10','3','2','//gatherer.wizards.com/Handlers/Image.ashx?multiverseid=407517&type=card','5','5','({C} represents colorless mana.)
Trample, haste
Whenever Reality Smasher becomes the target of a spell an opponent controls, counter that spell unless its controller discards a card.');
insert into card_color (id_card, id_color) values (2112,1);
insert into card_type (id_card, id_type) values (2112,1);
insert into card(id, name, manaCost, cmc, rarity_id, set_id, imageUrl, c_power, c_toughness, description) values ('2113','Spatial Contortion','{1}{C}','10','2','2','//gatherer.wizards.com/Handlers/Image.ashx?multiverseid=407518&type=card','none','none','({C} represents colorless mana.)
Target creature gets +3/-3 until end of turn.');
insert into card_color (id_card, id_color) values (2113,1);
insert into card_type (id_card, id_type) values (2113,7);
insert into card(id, name, manaCost, cmc, rarity_id, set_id, imageUrl, c_power, c_toughness, description) values ('2114','Thought-Knot Seer','{3}{C}','10','3','2','//gatherer.wizards.com/Handlers/Image.ashx?multiverseid=407519&type=card','4','4','({C} represents colorless mana.)
When Thought-Knot Seer enters the battlefield, target opponent reveals his or her hand. You choose a nonland card from it and exile that card.
When Thought-Knot Seer leaves the battlefield, target opponent draws a card.');
insert into card_color (id_card, id_color) values (2114,1);
insert into card_type (id_card, id_type) values (2114,1);
insert into card(id, name, manaCost, cmc, rarity_id, set_id, imageUrl, c_power, c_toughness, description) values ('2115','Walker of the Wastes','{4}{C}','10','2','2','//gatherer.wizards.com/Handlers/Image.ashx?multiverseid=407520&type=card','4','4','({C} represents colorless mana.)
Trample
Walker of the Wastes gets +1/+1 for each land you control named Wastes.');
insert into card_color (id_card, id_color) values (2115,1);
insert into card_type (id_card, id_type) values (2115,1);
insert into card(id, name, manaCost, cmc, rarity_id, set_id, imageUrl, c_power, c_toughness, description) values ('2116','Warden of Geometries','{4}','10','1','2','//gatherer.wizards.com/Handlers/Image.ashx?multiverseid=407521&type=card','2','3','Vigilance
{T}: Add {C} to your mana pool. ({C} represents colorless mana.)');
insert into card_color (id_card, id_color) values (2116,1);
insert into card_type (id_card, id_type) values (2116,1);
insert into card(id, name, manaCost, cmc, rarity_id, set_id, imageUrl, c_power, c_toughness, description) values ('2117','Warping Wail','{1}{C}','10','2','2','//gatherer.wizards.com/Handlers/Image.ashx?multiverseid=407522&type=card','none','none','({C} represents colorless mana.)
Choose one —
• Exile target creature with power or toughness 1 or less.
• Counter target sorcery spell.
• Create a 1/1 colorless Eldrazi Scion creature token. It has "Sacrifice this creature: Add {C} to your mana pool."');
insert into card_color (id_card, id_color) values (2117,1);
insert into card_type (id_card, id_type) values (2117,7);
insert into card(id, name, manaCost, cmc, rarity_id, set_id, imageUrl, c_power, c_toughness, description) values ('2118','Eldrazi Displacer','{2}{W}','10','3','2','//gatherer.wizards.com/Handlers/Image.ashx?multiverseid=407523&type=card','3','3','Devoid (This card has no color.)
{2}{C}: Exile another target creature, then return it to the battlefield tapped under its owner§s control. ({C} represents colorless mana.)');
insert into card_color (id_card, id_color) values (2118,2);
insert into card_type (id_card, id_type) values (2118,1);
insert into card(id, name, manaCost, cmc, rarity_id, set_id, imageUrl, c_power, c_toughness, description) values ('2119','Affa Protector','{2}{W}','10','1','2','//gatherer.wizards.com/Handlers/Image.ashx?multiverseid=407524&type=card','1','4','Vigilance');
insert into card_color (id_card, id_color) values (2119,2);
insert into card_type (id_card, id_type) values (2119,1);
insert into card(id, name, manaCost, cmc, rarity_id, set_id, imageUrl, c_power, c_toughness, description) values ('2120','Allied Reinforcements','{3}{W}','10','2','2','//gatherer.wizards.com/Handlers/Image.ashx?multiverseid=407525&type=card','none','none','Create two 2/2 white Knight Ally creature tokens.');
insert into card_color (id_card, id_color) values (2120,2);
insert into card_type (id_card, id_type) values (2120,6);
insert into card(id, name, manaCost, cmc, rarity_id, set_id, imageUrl, c_power, c_toughness, description) values ('2121','Call the Gatewatch','{2}{W}','10','3','2','//gatherer.wizards.com/Handlers/Image.ashx?multiverseid=407526&type=card','none','none','Search your library for a planeswalker card, reveal it, and put it into your hand. Then shuffle your library.');
insert into card_color (id_card, id_color) values (2121,2);
insert into card_type (id_card, id_type) values (2121,6);
insert into card(id, name, manaCost, cmc, rarity_id, set_id, imageUrl, c_power, c_toughness, description) values ('2122','Dazzling Reflection','{1}{W}','10','1','2','//gatherer.wizards.com/Handlers/Image.ashx?multiverseid=407527&type=card','none','none','You gain life equal to target creature§s power. The next time that creature would deal damage this turn, prevent that damage.');
insert into card_color (id_card, id_color) values (2122,2);
insert into card_type (id_card, id_type) values (2122,7);
insert into card(id, name, manaCost, cmc, rarity_id, set_id, imageUrl, c_power, c_toughness, description) values ('2123','Expedition Raptor','{3}{W}{W}','10','1','2','//gatherer.wizards.com/Handlers/Image.ashx?multiverseid=407528&type=card','2','2','Flying
When Expedition Raptor enters the battlefield, support 2. (Put a +1/+1 counter on each of up to two other target creatures.)');
insert into card_color (id_card, id_color) values (2123,2);
insert into card_type (id_card, id_type) values (2123,1);
insert into card(id, name, manaCost, cmc, rarity_id, set_id, imageUrl, c_power, c_toughness, description) values ('2124','General Tazri','{4}{W}','10','4','2','//gatherer.wizards.com/Handlers/Image.ashx?multiverseid=407529&type=card','3','4','When General Tazri enters the battlefield, you may search your library for an Ally creature card, reveal it, put it into your hand, then shuffle your library.
{W}{U}{B}{R}{G}: Ally creatures you control get +X/+X until end of turn, where X is the number of colors among those creatures.');
insert into card_color (id_card, id_color) values (2124,2);
insert into card_color (id_card, id_color) values (2124,6);
insert into card_color (id_card, id_color) values (2124,3);
insert into card_color (id_card, id_color) values (2124,4);
insert into card_color (id_card, id_color) values (2124,5);
insert into card_type (id_card, id_type) values (2124,1);
insert into card_supertype (id_card, id_supertype) values (2124,3);
insert into card(id, name, manaCost, cmc, rarity_id, set_id, imageUrl, c_power, c_toughness, description) values ('2125','Immolating Glare','{1}{W}','10','2','2','//gatherer.wizards.com/Handlers/Image.ashx?multiverseid=407530&type=card','none','none','Destroy target attacking creature.');
insert into card_color (id_card, id_color) values (2125,2);
insert into card_type (id_card, id_type) values (2125,7);
insert into card(id, name, manaCost, cmc, rarity_id, set_id, imageUrl, c_power, c_toughness, description) values ('2126','Iona§s Blessing','{3}{W}','10','2','2','//gatherer.wizards.com/Handlers/Image.ashx?multiverseid=407531&type=card','none','none','Enchant creature
Enchanted creature gets +2/+2, has vigilance, and can block an additional creature each combat.');
insert into card_color (id_card, id_color) values (2126,2);
insert into card_type (id_card, id_type) values (2126,4);
insert into card(id, name, manaCost, cmc, rarity_id, set_id, imageUrl, c_power, c_toughness, description) values ('2127','Isolation Zone','{2}{W}{W}','10','1','2','//gatherer.wizards.com/Handlers/Image.ashx?multiverseid=407532&type=card','none','none','When Isolation Zone enters the battlefield, exile target creature or enchantment an opponent controls until Isolation Zone leaves the battlefield. (That permanent returns under its owner§s control.)');
insert into card_color (id_card, id_color) values (2127,2);
insert into card_type (id_card, id_type) values (2127,4);
insert into card(id, name, manaCost, cmc, rarity_id, set_id, imageUrl, c_power, c_toughness, description) values ('2128','Kor Scythemaster','{2}{W}','10','1','2','//gatherer.wizards.com/Handlers/Image.ashx?multiverseid=407533&type=card','3','1','Kor Scythemaster has first strike as long as it§s attacking.');
insert into card_color (id_card, id_color) values (2128,2);
insert into card_type (id_card, id_type) values (2128,1);
insert into card(id, name, manaCost, cmc, rarity_id, set_id, imageUrl, c_power, c_toughness, description) values ('2129','Kor Sky Climber','{2}{W}','10','1','2','//gatherer.wizards.com/Handlers/Image.ashx?multiverseid=407534&type=card','3','2','{1}{W}: Kor Sky Climber gains flying until end of turn.');
insert into card_color (id_card, id_color) values (2129,2);
insert into card_type (id_card, id_type) values (2129,1);
insert into card(id, name, manaCost, cmc, rarity_id, set_id, imageUrl, c_power, c_toughness, description) values ('2130','Linvala, the Preserver','{4}{W}{W}','10','4','2','//gatherer.wizards.com/Handlers/Image.ashx?multiverseid=407535&type=card','5','5','Flying
When Linvala, the Preserver enters the battlefield, if an opponent has more life than you, you gain 5 life.
When Linvala enters the battlefield, if an opponent controls more creatures than you, create a 3/3 white Angel creature token with flying.');
insert into card_color (id_card, id_color) values (2130,2);
insert into card_type (id_card, id_type) values (2130,1);
insert into card_supertype (id_card, id_supertype) values (2130,3);
insert into card(id, name, manaCost, cmc, rarity_id, set_id, imageUrl, c_power, c_toughness, description) values ('2131','Make a Stand','{2}{W}','10','2','2','//gatherer.wizards.com/Handlers/Image.ashx?multiverseid=407536&type=card','none','none','Creatures you control get +1/+0 and gain indestructible until end of turn. (Damage and effects that say "destroy" don§t destroy them.)');
insert into card_color (id_card, id_color) values (2131,2);
insert into card_type (id_card, id_type) values (2131,7);
insert into card(id, name, manaCost, cmc, rarity_id, set_id, imageUrl, c_power, c_toughness, description) values ('2132','Makindi Aeronaut','{1}{W}','10','1','2','//gatherer.wizards.com/Handlers/Image.ashx?multiverseid=407537&type=card','1','3','Flying');
insert into card_color (id_card, id_color) values (2132,2);
insert into card_type (id_card, id_type) values (2132,1);
insert into card(id, name, manaCost, cmc, rarity_id, set_id, imageUrl, c_power, c_toughness, description) values ('2133','Mighty Leap','{1}{W}','10','1','2','//gatherer.wizards.com/Handlers/Image.ashx?multiverseid=407538&type=card','none','none','Target creature gets +2/+2 and gains flying until end of turn.');
insert into card_color (id_card, id_color) values (2133,2);
insert into card_type (id_card, id_type) values (2133,7);
insert into card(id, name, manaCost, cmc, rarity_id, set_id, imageUrl, c_power, c_toughness, description) values ('2134','Munda§s Vanguard','{4}{W}','10','3','2','//gatherer.wizards.com/Handlers/Image.ashx?multiverseid=407539&type=card','3','3','Cohort — {T}, Tap an untapped Ally you control: Put a +1/+1 counter on each creature you control.');
insert into card_color (id_card, id_color) values (2134,2);
insert into card_type (id_card, id_type) values (2134,1);
insert into card(id, name, manaCost, cmc, rarity_id, set_id, imageUrl, c_power, c_toughness, description) values ('2135','Oath of Gideon','{2}{W}','10','3','2','//gatherer.wizards.com/Handlers/Image.ashx?multiverseid=407540&type=card','none','none','When Oath of Gideon enters the battlefield, create two 1/1 white Kor Ally creature tokens.
Each planeswalker you control enters the battlefield with an additional loyalty counter on it.');
insert into card_color (id_card, id_color) values (2135,2);
insert into card_type (id_card, id_type) values (2135,4);
insert into card_supertype (id_card, id_supertype) values (2135,3);
insert into card(id, name, manaCost, cmc, rarity_id, set_id, imageUrl, c_power, c_toughness, description) values ('2136','Ondu War Cleric','{1}{W}','10','1','2','//gatherer.wizards.com/Handlers/Image.ashx?multiverseid=407541&type=card','2','2','Cohort — {T}, Tap an untapped Ally you control: You gain 2 life.');
insert into card_color (id_card, id_color) values (2136,2);
insert into card_type (id_card, id_type) values (2136,1);
insert into card(id, name, manaCost, cmc, rarity_id, set_id, imageUrl, c_power, c_toughness, description) values ('2137','Relief Captain','{2}{W}{W}','10','2','2','//gatherer.wizards.com/Handlers/Image.ashx?multiverseid=407542&type=card','3','2','When Relief Captain enters the battlefield, support 3. (Put a +1/+1 counter on each of up to three other target creatures.)');
insert into card_color (id_card, id_color) values (2137,2);
insert into card_type (id_card, id_type) values (2137,1);
insert into card(id, name, manaCost, cmc, rarity_id, set_id, imageUrl, c_power, c_toughness, description) values ('2138','Searing Light','{W}','10','1','2','//gatherer.wizards.com/Handlers/Image.ashx?multiverseid=407543&type=card','none','none','Destroy target attacking or blocking creature with power 2 or less.');
insert into card_color (id_card, id_color) values (2138,2);
insert into card_type (id_card, id_type) values (2138,7);
insert into card(id, name, manaCost, cmc, rarity_id, set_id, imageUrl, c_power, c_toughness, description) values ('2139','Shoulder to Shoulder','{2}{W}','10','1','2','//gatherer.wizards.com/Handlers/Image.ashx?multiverseid=407544&type=card','none','none','Support 2. (Put a +1/+1 counter on each of up to two target creatures.)
Draw a card.');
insert into card_color (id_card, id_color) values (2139,2);
insert into card_type (id_card, id_type) values (2139,6);
insert into card(id, name, manaCost, cmc, rarity_id, set_id, imageUrl, c_power, c_toughness, description) values ('2140','Spawnbinder Mage','{3}{W}','10','1','2','//gatherer.wizards.com/Handlers/Image.ashx?multiverseid=407545&type=card','2','4','Cohort — {T}, Tap an untapped Ally you control: Tap target creature.');
insert into card_color (id_card, id_color) values (2140,2);
insert into card_type (id_card, id_type) values (2140,1);
insert into card(id, name, manaCost, cmc, rarity_id, set_id, imageUrl, c_power, c_toughness, description) values ('2141','Steppe Glider','{4}{W}','10','2','2','//gatherer.wizards.com/Handlers/Image.ashx?multiverseid=407546&type=card','2','4','Flying, vigilance
{1}{W}: Target creature with a +1/+1 counter on it gains flying and vigilance until end of turn.');
insert into card_color (id_card, id_color) values (2141,2);
insert into card_type (id_card, id_type) values (2141,1);
insert into card(id, name, manaCost, cmc, rarity_id, set_id, imageUrl, c_power, c_toughness, description) values ('2142','Stone Haven Outfitter','{1}{W}','10','3','2','//gatherer.wizards.com/Handlers/Image.ashx?multiverseid=407547&type=card','2','2','Equipped creatures you control get +1/+1.
Whenever an equipped creature you control dies, draw a card.');
insert into card_color (id_card, id_color) values (2142,2);
insert into card_type (id_card, id_type) values (2142,1);
insert into card(id, name, manaCost, cmc, rarity_id, set_id, imageUrl, c_power, c_toughness, description) values ('2143','Stoneforge Acolyte','{W}','10','2','2','//gatherer.wizards.com/Handlers/Image.ashx?multiverseid=407548&type=card','1','2','Cohort — {T}, Tap an untapped Ally you control: Look at the top four cards of your library. You may reveal an Equipment card from among them and put it into your hand. Put the rest on the bottom of your library in any order.');
insert into card_color (id_card, id_color) values (2143,2);
insert into card_type (id_card, id_type) values (2143,1);
insert into card(id, name, manaCost, cmc, rarity_id, set_id, imageUrl, c_power, c_toughness, description) values ('2144','Wall of Resurgence','{2}{W}','10','2','2','//gatherer.wizards.com/Handlers/Image.ashx?multiverseid=407549&type=card','0','6','Defender
When Wall of Resurgence enters the battlefield, you may put three +1/+1 counters on target land you control. If you do, that land becomes a 0/0 Elemental creature with haste that§s still a land.');
insert into card_color (id_card, id_color) values (2144,2);
insert into card_type (id_card, id_type) values (2144,1);
insert into card(id, name, manaCost, cmc, rarity_id, set_id, imageUrl, c_power, c_toughness, description) values ('2145','Abstruse Interference','{2}{U}','10','1','2','//gatherer.wizards.com/Handlers/Image.ashx?multiverseid=407550&type=card','none','none','Devoid (This card has no color.)
Counter target spell unless its controller pays {1}. You create a 1/1 colorless Eldrazi Scion creature token. It has "Sacrifice this creature: Add {C} to your mana pool." ({C} represents colorless mana.)');
insert into card_color (id_card, id_color) values (2145,6);
insert into card_type (id_card, id_type) values (2145,7);
insert into card(id, name, manaCost, cmc, rarity_id, set_id, imageUrl, c_power, c_toughness, description) values ('2146','Blinding Drone','{1}{U}','10','1','2','//gatherer.wizards.com/Handlers/Image.ashx?multiverseid=407551&type=card','1','3','Devoid (This card has no color.)
{C}, {T}: Tap target creature. ({C} represents colorless mana.)');
insert into card_color (id_card, id_color) values (2146,6);
insert into card_type (id_card, id_type) values (2146,1);
insert into card(id, name, manaCost, cmc, rarity_id, set_id, imageUrl, c_power, c_toughness, description) values ('2147','Cultivator Drone','{2}{U}','10','1','2','//gatherer.wizards.com/Handlers/Image.ashx?multiverseid=407552&type=card','2','3','Devoid (This card has no color.)
{T}: Add {C} to your mana pool. Spend this mana only to cast a colorless spell, activate an ability of a colorless permanent, or pay a cost that contains {C}. ({C} represents colorless mana.)');
insert into card_color (id_card, id_color) values (2147,6);
insert into card_type (id_card, id_type) values (2147,1);
insert into card(id, name, manaCost, cmc, rarity_id, set_id, imageUrl, c_power, c_toughness, description) values ('2148','Deepfathom Skulker','{5}{U}','10','3','2','//gatherer.wizards.com/Handlers/Image.ashx?multiverseid=407553&type=card','4','4','Devoid (This card has no color.)
Whenever a creature you control deals combat damage to a player, you may draw a card.
{3}{C}: Target creature can§t be blocked this turn. ({C} represents colorless mana.)');
insert into card_color (id_card, id_color) values (2148,6);
insert into card_type (id_card, id_type) values (2148,1);
insert into card(id, name, manaCost, cmc, rarity_id, set_id, imageUrl, c_power, c_toughness, description) values ('2149','Dimensional Infiltrator','{1}{U}','10','3','2','//gatherer.wizards.com/Handlers/Image.ashx?multiverseid=407554&type=card','2','1','Devoid (This card has no color.)
Flash
Flying
{1}{C}: Target opponent exiles the top card of his or her library. If it§s a land card, you may return Dimensional Infiltrator to its owner§s hand. ({C} represents colorless mana.)');
insert into card_color (id_card, id_color) values (2149,6);
insert into card_type (id_card, id_type) values (2149,1);
insert into card(id, name, manaCost, cmc, rarity_id, set_id, imageUrl, c_power, c_toughness, description) values ('2150','Gravity Negator','{3}{U}','10','1','2','//gatherer.wizards.com/Handlers/Image.ashx?multiverseid=407555&type=card','2','3','Devoid (This card has no color.)
Flying
Whenever Gravity Negator attacks, you may pay {C}. If you do, another target creature gains flying until end of turn. ({C} represents colorless mana.)');
insert into card_color (id_card, id_color) values (2150,6);
insert into card_type (id_card, id_type) values (2150,1);
insert into card(id, name, manaCost, cmc, rarity_id, set_id, imageUrl, c_power, c_toughness, description) values ('2151','Prophet of Distortion','{U}','10','2','2','//gatherer.wizards.com/Handlers/Image.ashx?multiverseid=407556&type=card','1','2','Devoid (This card has no color.)
{3}{C}: Draw a card. ({C} represents colorless mana.)');
insert into card_color (id_card, id_color) values (2151,6);
insert into card_type (id_card, id_type) values (2151,1);
insert into card(id, name, manaCost, cmc, rarity_id, set_id, imageUrl, c_power, c_toughness, description) values ('2152','Slip Through Space','{U}','10','1','2','//gatherer.wizards.com/Handlers/Image.ashx?multiverseid=407557&type=card','none','none','Devoid (This card has no color.)
Target creature can§t be blocked this turn.
Draw a card.');
insert into card_color (id_card, id_color) values (2152,6);
insert into card_type (id_card, id_type) values (2152,6);
insert into card(id, name, manaCost, cmc, rarity_id, set_id, imageUrl, c_power, c_toughness, description) values ('2153','Thought Harvester','{3}{U}','10','2','2','//gatherer.wizards.com/Handlers/Image.ashx?multiverseid=407558&type=card','2','4','Devoid (This card has no color.)
Flying
Whenever you cast a colorless spell, target opponent exiles the top card of his or her library.');
insert into card_color (id_card, id_color) values (2153,6);
insert into card_type (id_card, id_type) values (2153,1);
insert into card(id, name, manaCost, cmc, rarity_id, set_id, imageUrl, c_power, c_toughness, description) values ('2154','Void Shatter','{1}{U}{U}','10','2','2','//gatherer.wizards.com/Handlers/Image.ashx?multiverseid=407559&type=card','none','none','Devoid (This card has no color.)
Counter target spell. If that spell is countered this way, exile it instead of putting it into its owner§s graveyard.');
insert into card_color (id_card, id_color) values (2154,6);
insert into card_type (id_card, id_type) values (2154,7);
insert into card(id, name, manaCost, cmc, rarity_id, set_id, imageUrl, c_power, c_toughness, description) values ('2155','Ancient Crab','{1}{U}{U}','10','1','2','//gatherer.wizards.com/Handlers/Image.ashx?multiverseid=407560&type=card','1','5','null');
insert into card_color (id_card, id_color) values (2155,6);
insert into card_type (id_card, id_type) values (2155,1);
insert into card(id, name, manaCost, cmc, rarity_id, set_id, imageUrl, c_power, c_toughness, description) values ('2156','Comparative Analysis','{3}{U}','10','1','2','//gatherer.wizards.com/Handlers/Image.ashx?multiverseid=407561&type=card','none','none','Surge {2}{U} (You may cast this spell for its surge cost if you or a teammate has cast another spell this turn.)
Target player draws two cards.');
insert into card_color (id_card, id_color) values (2156,6);
insert into card_type (id_card, id_type) values (2156,7);
insert into card(id, name, manaCost, cmc, rarity_id, set_id, imageUrl, c_power, c_toughness, description) values ('2157','Containment Membrane','{2}{U}','10','1','2','//gatherer.wizards.com/Handlers/Image.ashx?multiverseid=407562&type=card','none','none','Surge {U} (You may cast this spell for its surge cost if you or a teammate has cast another spell this turn.)
Enchant creature
Enchanted creature doesn§t untap during its controller§s untap step.');
insert into card_color (id_card, id_color) values (2157,6);
insert into card_type (id_card, id_type) values (2157,4);
insert into card(id, name, manaCost, cmc, rarity_id, set_id, imageUrl, c_power, c_toughness, description) values ('2158','Crush of Tentacles','{4}{U}{U}','10','4','2','//gatherer.wizards.com/Handlers/Image.ashx?multiverseid=407563&type=card','none','none','Surge {3}{U}{U} (You may cast this spell for its surge cost if you or a teammate has cast another spell this turn.)
Return all nonland permanents to their owners§ hands. If Crush of Tentacles§s surge cost was paid, create an 8/8 blue Octopus creature token.');
insert into card_color (id_card, id_color) values (2158,6);
insert into card_type (id_card, id_type) values (2158,6);
insert into card(id, name, manaCost, cmc, rarity_id, set_id, imageUrl, c_power, c_toughness, description) values ('2159','Cyclone Sire','{4}{U}','10','2','2','//gatherer.wizards.com/Handlers/Image.ashx?multiverseid=407564&type=card','3','4','Flying
When Cyclone Sire dies, you may put three +1/+1 counters on target land you control. If you do, that land becomes a 0/0 Elemental creature with haste that§s still a land.');
insert into card_color (id_card, id_color) values (2159,6);
insert into card_type (id_card, id_type) values (2159,1);
insert into card(id, name, manaCost, cmc, rarity_id, set_id, imageUrl, c_power, c_toughness, description) values ('2160','Gift of Tusks','{U}','10','2','2','//gatherer.wizards.com/Handlers/Image.ashx?multiverseid=407565&type=card','none','none','Until end of turn, target creature loses all abilities and becomes a green Elephant with base power and toughness 3/3.');
insert into card_color (id_card, id_color) values (2160,6);
insert into card_type (id_card, id_type) values (2160,7);
insert into card(id, name, manaCost, cmc, rarity_id, set_id, imageUrl, c_power, c_toughness, description) values ('2161','Grip of the Roil','{2}{U}','10','2','2','//gatherer.wizards.com/Handlers/Image.ashx?multiverseid=407566&type=card','none','none','Surge {1}{U} (You may cast this spell for its surge cost if you or a teammate has cast another spell this turn.)
Tap target creature. It doesn§t untap during its controller§s next untap step.
Draw a card.');
insert into card_color (id_card, id_color) values (2161,6);
insert into card_type (id_card, id_type) values (2161,7);
insert into card(id, name, manaCost, cmc, rarity_id, set_id, imageUrl, c_power, c_toughness, description) values ('2162','Hedron Alignment','{2}{U}','10','3','2','//gatherer.wizards.com/Handlers/Image.ashx?multiverseid=407567&type=card','none','none','Hexproof
At the beginning of your upkeep, you may reveal your hand. If you do, you win the game if you own a card named Hedron Alignment in exile, in your hand, in your graveyard, and on the battlefield.
{1}{U}: Scry 1.');
insert into card_color (id_card, id_color) values (2162,6);
insert into card_type (id_card, id_type) values (2162,4);
insert into card(id, name, manaCost, cmc, rarity_id, set_id, imageUrl, c_power, c_toughness, description) values ('2163','Jwar Isle Avenger','{4}{U}','10','1','2','//gatherer.wizards.com/Handlers/Image.ashx?multiverseid=407568&type=card','3','3','Surge {2}{U} (You may cast this spell for its surge cost if you or a teammate has cast another spell this turn.)
Flying');
insert into card_color (id_card, id_color) values (2163,6);
insert into card_type (id_card, id_type) values (2163,1);
insert into card(id, name, manaCost, cmc, rarity_id, set_id, imageUrl, c_power, c_toughness, description) values ('2164','Negate','{1}{U}','10','1','2','//gatherer.wizards.com/Handlers/Image.ashx?multiverseid=407569&type=card','none','none','Counter target noncreature spell.');
insert into card_color (id_card, id_color) values (2164,6);
insert into card_type (id_card, id_type) values (2164,7);
insert into card(id, name, manaCost, cmc, rarity_id, set_id, imageUrl, c_power, c_toughness, description) values ('2165','Oath of Jace','{2}{U}','10','3','2','//gatherer.wizards.com/Handlers/Image.ashx?multiverseid=407570&type=card','none','none','When Oath of Jace enters the battlefield, draw three cards, then discard two cards.
At the beginning of your upkeep, scry X, where X is the number of planeswalkers you control.');
insert into card_color (id_card, id_color) values (2165,6);
insert into card_type (id_card, id_type) values (2165,4);
insert into card_supertype (id_card, id_supertype) values (2165,3);
insert into card(id, name, manaCost, cmc, rarity_id, set_id, imageUrl, c_power, c_toughness, description) values ('2166','Overwhelming Denial','{2}{U}{U}','10','3','2','//gatherer.wizards.com/Handlers/Image.ashx?multiverseid=407571&type=card','none','none','Surge {U}{U} (You may cast this spell for its surge cost if you or a teammate has cast another spell this turn.)
Overwhelming Denial can§t be countered by spells or abilities.
Counter target spell.');
insert into card_color (id_card, id_color) values (2166,6);
insert into card_type (id_card, id_type) values (2166,7);
insert into card(id, name, manaCost, cmc, rarity_id, set_id, imageUrl, c_power, c_toughness, description) values ('2167','Roiling Waters','{5}{U}{U}','10','2','2','//gatherer.wizards.com/Handlers/Image.ashx?multiverseid=407572&type=card','none','none','Return up to two target creatures your opponents control to their owners§ hands. Target player draws two cards.');
insert into card_color (id_card, id_color) values (2167,6);
insert into card_type (id_card, id_type) values (2167,6);
insert into card(id, name, manaCost, cmc, rarity_id, set_id, imageUrl, c_power, c_toughness, description) values ('2168','Sphinx of the Final Word','{5}{U}{U}','10','4','2','//gatherer.wizards.com/Handlers/Image.ashx?multiverseid=407573&type=card','5','5','Sphinx of the Final Word can§t be countered.
Flying, hexproof
Instant and sorcery spells you control can§t be countered by spells or abilities.');
insert into card_color (id_card, id_color) values (2168,6);
insert into card_type (id_card, id_type) values (2168,1);
insert into card(id, name, manaCost, cmc, rarity_id, set_id, imageUrl, c_power, c_toughness, description) values ('2169','Sweep Away','{2}{U}','10','1','2','//gatherer.wizards.com/Handlers/Image.ashx?multiverseid=407574&type=card','none','none','Return target creature to its owner§s hand. If that creature is attacking, you may put it on top of its owner§s library instead.');
insert into card_color (id_card, id_color) values (2169,6);
insert into card_type (id_card, id_type) values (2169,7);
insert into card(id, name, manaCost, cmc, rarity_id, set_id, imageUrl, c_power, c_toughness, description) values ('2170','Umara Entangler','{1}{U}','10','1','2','//gatherer.wizards.com/Handlers/Image.ashx?multiverseid=407575&type=card','2','1','Prowess (Whenever you cast a noncreature spell, this creature gets +1/+1 until end of turn.)');
insert into card_color (id_card, id_color) values (2170,6);
insert into card_type (id_card, id_type) values (2170,1);
insert into card(id, name, manaCost, cmc, rarity_id, set_id, imageUrl, c_power, c_toughness, description) values ('2171','Unity of Purpose','{3}{U}','10','2','2','//gatherer.wizards.com/Handlers/Image.ashx?multiverseid=407576&type=card','none','none','Support 2. (Put a +1/+1 counter on each of up to two target creatures.)
Untap each creature you control with a +1/+1 counter on it.');
insert into card_color (id_card, id_color) values (2171,6);
insert into card_type (id_card, id_type) values (2171,7);
insert into card(id, name, manaCost, cmc, rarity_id, set_id, imageUrl, c_power, c_toughness, description) values ('2172','Bearer of Silence','{1}{B}','10','3','2','//gatherer.wizards.com/Handlers/Image.ashx?multiverseid=407577&type=card','2','1','Devoid (This card has no color.)
When you cast Bearer of Silence, you may pay {1}{C}. If you do, target opponent sacrifices a creature. ({C} represents colorless mana.)
Flying
Bearer of Silence can§t block.');
insert into card_color (id_card, id_color) values (2172,3);
insert into card_type (id_card, id_type) values (2172,1);
insert into card(id, name, manaCost, cmc, rarity_id, set_id, imageUrl, c_power, c_toughness, description) values ('2173','Dread Defiler','{6}{B}','10','3','2','//gatherer.wizards.com/Handlers/Image.ashx?multiverseid=407578&type=card','6','8','Devoid (This card has no color.)
{3}{C}, Exile a creature card from your graveyard: Target opponent loses life equal to the exiled card§s power. ({C} represents colorless mana.)');
insert into card_color (id_card, id_color) values (2173,3);
insert into card_type (id_card, id_type) values (2173,1);
insert into card(id, name, manaCost, cmc, rarity_id, set_id, imageUrl, c_power, c_toughness, description) values ('2174','Essence Depleter','{2}{B}','10','2','2','//gatherer.wizards.com/Handlers/Image.ashx?multiverseid=407579&type=card','2','3','Devoid (This card has no color.)
{1}{C}: Target opponent loses 1 life and you gain 1 life. ({C} represents colorless mana.)');
insert into card_color (id_card, id_color) values (2174,3);
insert into card_type (id_card, id_type) values (2174,1);
insert into card(id, name, manaCost, cmc, rarity_id, set_id, imageUrl, c_power, c_toughness, description) values ('2175','Flaying Tendrils','{1}{B}{B}','10','2','2','//gatherer.wizards.com/Handlers/Image.ashx?multiverseid=407580&type=card','none','none','Devoid (This card has no color.)
All creatures get -2/-2 until end of turn. If a creature would die this turn, exile it instead.');
insert into card_color (id_card, id_color) values (2175,3);
insert into card_type (id_card, id_type) values (2175,6);
insert into card(id, name, manaCost, cmc, rarity_id, set_id, imageUrl, c_power, c_toughness, description) values ('2176','Havoc Sower','{3}{B}','10','2','2','//gatherer.wizards.com/Handlers/Image.ashx?multiverseid=407581&type=card','3','3','Devoid (This card has no color.)
{1}{C}: Havoc Sower gets +2/+1 until end of turn. ({C} represents colorless mana.)');
insert into card_color (id_card, id_color) values (2176,3);
insert into card_type (id_card, id_type) values (2176,1);
insert into card(id, name, manaCost, cmc, rarity_id, set_id, imageUrl, c_power, c_toughness, description) values ('2177','Inverter of Truth','{2}{B}{B}','10','4','2','//gatherer.wizards.com/Handlers/Image.ashx?multiverseid=407582&type=card','6','6','Devoid (This card has no color.)
Flying
When Inverter of Truth enters the battlefield, exile all cards from your library face down, then shuffle all cards from your graveyard into your library.');
insert into card_color (id_card, id_color) values (2177,3);
insert into card_type (id_card, id_type) values (2177,1);
insert into card(id, name, manaCost, cmc, rarity_id, set_id, imageUrl, c_power, c_toughness, description) values ('2178','Kozilek§s Shrieker','{2}{B}','10','1','2','//gatherer.wizards.com/Handlers/Image.ashx?multiverseid=407583&type=card','3','2','Devoid (This card has no color.)
{C}: Kozilek§s Shrieker gets +1/+0 and gains menace until end of turn. (It can§t be blocked except by two or more creatures. {C} represents colorless mana.)');
insert into card_color (id_card, id_color) values (2178,3);
insert into card_type (id_card, id_type) values (2178,1);
insert into card(id, name, manaCost, cmc, rarity_id, set_id, imageUrl, c_power, c_toughness, description) values ('2179','Kozilek§s Translator','{4}{B}','10','1','2','//gatherer.wizards.com/Handlers/Image.ashx?multiverseid=407584&type=card','3','5','Devoid (This card has no color.)
Pay 1 life: Add {C} to your mana pool. Activate this ability only once each turn. ({C} represents colorless mana.)');
insert into card_color (id_card, id_color) values (2179,3);
insert into card_type (id_card, id_type) values (2179,1);
insert into card(id, name, manaCost, cmc, rarity_id, set_id, imageUrl, c_power, c_toughness, description) values ('2180','Oblivion Strike','{3}{B}','10','1','2','//gatherer.wizards.com/Handlers/Image.ashx?multiverseid=407585&type=card','none','none','Devoid (This card has no color.)
Exile target creature.');
insert into card_color (id_card, id_color) values (2180,3);
insert into card_type (id_card, id_type) values (2180,6);
insert into card(id, name, manaCost, cmc, rarity_id, set_id, imageUrl, c_power, c_toughness, description) values ('2181','Reaver Drone','{B}','10','2','2','//gatherer.wizards.com/Handlers/Image.ashx?multiverseid=407586&type=card','2','1','Devoid (This card has no color.)
At the beginning of your upkeep, you lose 1 life unless you control another colorless creature.');
insert into card_color (id_card, id_color) values (2181,3);
insert into card_type (id_card, id_type) values (2181,1);
insert into card(id, name, manaCost, cmc, rarity_id, set_id, imageUrl, c_power, c_toughness, description) values ('2182','Sifter of Skulls','{3}{B}','10','3','2','//gatherer.wizards.com/Handlers/Image.ashx?multiverseid=407587&type=card','4','3','Devoid (This card has no color.)
Whenever another nontoken creature you control dies, create a 1/1 colorless Eldrazi Scion creature token. It has "Sacrifice this creature: Add {C} to your mana pool." ({C} represents colorless mana.)');
insert into card_color (id_card, id_color) values (2182,3);
insert into card_type (id_card, id_type) values (2182,1);
insert into card(id, name, manaCost, cmc, rarity_id, set_id, imageUrl, c_power, c_toughness, description) values ('2183','Sky Scourer','{1}{B}','10','1','2','//gatherer.wizards.com/Handlers/Image.ashx?multiverseid=407588&type=card','1','2','Devoid (This card has no color.)
Flying
Whenever you cast a colorless spell, Sky Scourer gets +1/+0 until end of turn.');
insert into card_color (id_card, id_color) values (2183,3);
insert into card_type (id_card, id_type) values (2183,1);
insert into card(id, name, manaCost, cmc, rarity_id, set_id, imageUrl, c_power, c_toughness, description) values ('2184','Slaughter Drone','{1}{B}','10','1','2','//gatherer.wizards.com/Handlers/Image.ashx?multiverseid=407589&type=card','2','2','Devoid (This card has no color.)
{C}: Slaughter Drone gains deathtouch until end of turn. (Any amount of damage it deals to a creature is enough to destroy it. {C} represents colorless mana.)');
insert into card_color (id_card, id_color) values (2184,3);
insert into card_type (id_card, id_type) values (2184,1);
insert into card(id, name, manaCost, cmc, rarity_id, set_id, imageUrl, c_power, c_toughness, description) values ('2185','Unnatural Endurance','{B}','10','1','2','//gatherer.wizards.com/Handlers/Image.ashx?multiverseid=407590&type=card','none','none','Devoid (This card has no color.)
Target creature gets +2/+0 until end of turn. Regenerate it.');
insert into card_color (id_card, id_color) values (2185,3);
insert into card_type (id_card, id_type) values (2185,7);
insert into card(id, name, manaCost, cmc, rarity_id, set_id, imageUrl, c_power, c_toughness, description) values ('2186','Visions of Brutality','{1}{B}','10','2','2','//gatherer.wizards.com/Handlers/Image.ashx?multiverseid=407591&type=card','none','none','Devoid (This card has no color.)
Enchant creature
Enchanted creature can§t block.
Whenever enchanted creature deals damage, its controller loses that much life.');
insert into card_color (id_card, id_color) values (2186,3);
insert into card_type (id_card, id_type) values (2186,4);
insert into card(id, name, manaCost, cmc, rarity_id, set_id, imageUrl, c_power, c_toughness, description) values ('2187','Witness the End','{3}{B}','10','1','2','//gatherer.wizards.com/Handlers/Image.ashx?multiverseid=407592&type=card','none','none','Devoid (This card has no color.)
Target opponent exiles two cards from his or her hand and loses 2 life.');
insert into card_color (id_card, id_color) values (2187,3);
insert into card_type (id_card, id_type) values (2187,6);
insert into card(id, name, manaCost, cmc, rarity_id, set_id, imageUrl, c_power, c_toughness, description) values ('2188','Corpse Churn','{1}{B}','10','1','2','//gatherer.wizards.com/Handlers/Image.ashx?multiverseid=407593&type=card','none','none','Put the top three cards of your library into your graveyard, then you may return a creature card from your graveyard to your hand.');
insert into card_color (id_card, id_color) values (2188,3);
insert into card_type (id_card, id_type) values (2188,7);
insert into card(id, name, manaCost, cmc, rarity_id, set_id, imageUrl, c_power, c_toughness, description) values ('2189','Drana§s Chosen','{3}{B}','10','3','2','//gatherer.wizards.com/Handlers/Image.ashx?multiverseid=407594&type=card','2','2','Cohort — {T}, Tap an untapped Ally you control: Create a tapped 2/2 black Zombie creature token.');
insert into card_color (id_card, id_color) values (2189,3);
insert into card_type (id_card, id_type) values (2189,1);
insert into card(id, name, manaCost, cmc, rarity_id, set_id, imageUrl, c_power, c_toughness, description) values ('2190','Grasp of Darkness','{B}{B}','10','2','2','//gatherer.wizards.com/Handlers/Image.ashx?multiverseid=407595&type=card','none','none','Target creature gets -4/-4 until end of turn.');
insert into card_color (id_card, id_color) values (2190,3);
insert into card_type (id_card, id_type) values (2190,7);
insert into card(id, name, manaCost, cmc, rarity_id, set_id, imageUrl, c_power, c_toughness, description) values ('2191','Kalitas, Traitor of Ghet','{2}{B}{B}','10','4','2','//gatherer.wizards.com/Handlers/Image.ashx?multiverseid=407596&type=card','3','4','Lifelink
If a nontoken creature an opponent controls would die, instead exile that card and create a 2/2 black Zombie creature token.
{2}{B}, Sacrifice another Vampire or Zombie: Put two +1/+1 counters on Kalitas, Traitor of Ghet.');
insert into card_color (id_card, id_color) values (2191,3);
insert into card_type (id_card, id_type) values (2191,1);
insert into card_supertype (id_card, id_supertype) values (2191,3);
insert into card(id, name, manaCost, cmc, rarity_id, set_id, imageUrl, c_power, c_toughness, description) values ('2192','Malakir Soothsayer','{4}{B}','10','2','2','//gatherer.wizards.com/Handlers/Image.ashx?multiverseid=407597&type=card','4','4','Cohort — {T}, Tap an untapped Ally you control: You draw a card and you lose 1 life.');
insert into card_color (id_card, id_color) values (2192,3);
insert into card_type (id_card, id_type) values (2192,1);
insert into card(id, name, manaCost, cmc, rarity_id, set_id, imageUrl, c_power, c_toughness, description) values ('2193','Null Caller','{3}{B}','10','2','2','//gatherer.wizards.com/Handlers/Image.ashx?multiverseid=407598&type=card','2','4','{3}{B}, Exile a creature card from your graveyard: Create a tapped 2/2 black Zombie creature token.');
insert into card_color (id_card, id_color) values (2193,3);
insert into card_type (id_card, id_type) values (2193,1);
insert into card(id, name, manaCost, cmc, rarity_id, set_id, imageUrl, c_power, c_toughness, description) values ('2194','Remorseless Punishment','{3}{B}{B}','10','3','2','//gatherer.wizards.com/Handlers/Image.ashx?multiverseid=407599&type=card','none','none','Target opponent loses 5 life unless that player discards two cards or sacrifices a creature or planeswalker. Repeat this process once.');
insert into card_color (id_card, id_color) values (2194,3);
insert into card_type (id_card, id_type) values (2194,6);
insert into card(id, name, manaCost, cmc, rarity_id, set_id, imageUrl, c_power, c_toughness, description) values ('2195','Tar Snare','{2}{B}','10','1','2','//gatherer.wizards.com/Handlers/Image.ashx?multiverseid=407600&type=card','none','none','Target creature gets -3/-2 until end of turn.');
insert into card_color (id_card, id_color) values (2195,3);
insert into card_type (id_card, id_type) values (2195,7);
insert into card(id, name, manaCost, cmc, rarity_id, set_id, imageUrl, c_power, c_toughness, description) values ('2196','Untamed Hunger','{2}{B}','10','1','2','//gatherer.wizards.com/Handlers/Image.ashx?multiverseid=407601&type=card','none','none','Enchant creature
Enchanted creature gets +2/+1 and has menace. (It can§t be blocked except by two or more creatures.)');
insert into card_color (id_card, id_color) values (2196,3);
insert into card_type (id_card, id_type) values (2196,4);
insert into card(id, name, manaCost, cmc, rarity_id, set_id, imageUrl, c_power, c_toughness, description) values ('2197','Vampire Envoy','{2}{B}','10','1','2','//gatherer.wizards.com/Handlers/Image.ashx?multiverseid=407602&type=card','1','4','Flying
Whenever Vampire Envoy becomes tapped, you gain 1 life.');
insert into card_color (id_card, id_color) values (2197,3);
insert into card_type (id_card, id_type) values (2197,1);
insert into card(id, name, manaCost, cmc, rarity_id, set_id, imageUrl, c_power, c_toughness, description) values ('2198','Zulaport Chainmage','{3}{B}','10','1','2','//gatherer.wizards.com/Handlers/Image.ashx?multiverseid=407603&type=card','4','2','Cohort — {T}, Tap an untapped Ally you control: Target opponent loses 2 life.');
insert into card_color (id_card, id_color) values (2198,3);
insert into card_type (id_card, id_type) values (2198,1);
insert into card(id, name, manaCost, cmc, rarity_id, set_id, imageUrl, c_power, c_toughness, description) values ('2199','Consuming Sinkhole','{3}{R}','10','1','2','//gatherer.wizards.com/Handlers/Image.ashx?multiverseid=407604&type=card','none','none','Devoid (This card has no color.)
Choose one —
• Exile target land creature.
• Consuming Sinkhole deals 4 damage to target player.');
insert into card_color (id_card, id_color) values (2199,4);
insert into card_type (id_card, id_type) values (2199,7);
insert into card(id, name, manaCost, cmc, rarity_id, set_id, imageUrl, c_power, c_toughness, description) values ('2200','Eldrazi Aggressor','{2}{R}','10','1','2','//gatherer.wizards.com/Handlers/Image.ashx?multiverseid=407605&type=card','2','3','Devoid (This card has no color.)
Eldrazi Aggressor has haste as long as you control another colorless creature.');
insert into card_color (id_card, id_color) values (2200,4);
insert into card_type (id_card, id_type) values (2200,1);
insert into card(id, name, manaCost, cmc, rarity_id, set_id, imageUrl, c_power, c_toughness, description) values ('2201','Eldrazi Obligator','{2}{R}','10','3','2','//gatherer.wizards.com/Handlers/Image.ashx?multiverseid=407606&type=card','3','1','Devoid (This card has no color.)
When you cast Eldrazi Obligator, you may pay {1}{C}. If you do, gain control of target creature until end of turn, untap that creature, and it gains haste until end of turn. ({C} represents colorless mana.)
Haste');
insert into card_color (id_card, id_color) values (2201,4);
insert into card_type (id_card, id_type) values (2201,1);
insert into card(id, name, manaCost, cmc, rarity_id, set_id, imageUrl, c_power, c_toughness, description) values ('2202','Immobilizer Eldrazi','{1}{R}','10','2','2','//gatherer.wizards.com/Handlers/Image.ashx?multiverseid=407607&type=card','2','1','Devoid (This card has no color.)
{2}{C}: Each creature with toughness greater than its power can§t block this turn. ({C} represents colorless mana.)');
insert into card_color (id_card, id_color) values (2202,4);
insert into card_type (id_card, id_type) values (2202,1);
insert into card(id, name, manaCost, cmc, rarity_id, set_id, imageUrl, c_power, c_toughness, description) values ('2203','Kozilek§s Return','{2}{R}','10','4','2','//gatherer.wizards.com/Handlers/Image.ashx?multiverseid=407608&type=card','none','none','Devoid (This card has no color.)
Kozilek§s Return deals 2 damage to each creature.
Whenever you cast an Eldrazi creature spell with converted mana cost 7 or greater, you may exile Kozilek§s Return from your graveyard. If you do, Kozilek§s Return deals 5 damage to each creature.');
insert into card_color (id_card, id_color) values (2203,4);
insert into card_type (id_card, id_type) values (2203,7);
insert into card(id, name, manaCost, cmc, rarity_id, set_id, imageUrl, c_power, c_toughness, description) values ('2204','Maw of Kozilek','{3}{R}','10','1','2','//gatherer.wizards.com/Handlers/Image.ashx?multiverseid=407609&type=card','2','5','Devoid (This card has no color.)
{C}: Maw of Kozilek gets +2/-2 until end of turn. ({C} represents colorless mana.)');
insert into card_color (id_card, id_color) values (2204,4);
insert into card_type (id_card, id_type) values (2204,1);
insert into card(id, name, manaCost, cmc, rarity_id, set_id, imageUrl, c_power, c_toughness, description) values ('2205','Reality Hemorrhage','{1}{R}','10','1','2','//gatherer.wizards.com/Handlers/Image.ashx?multiverseid=407610&type=card','none','none','Devoid (This card has no color.)
Reality Hemorrhage deals 2 damage to target creature or player.');
insert into card_color (id_card, id_color) values (2205,4);
insert into card_type (id_card, id_type) values (2205,7);
insert into card(id, name, manaCost, cmc, rarity_id, set_id, imageUrl, c_power, c_toughness, description) values ('2206','Akoum Flameseeker','{2}{R}','10','1','2','//gatherer.wizards.com/Handlers/Image.ashx?multiverseid=407611&type=card','3','2','Cohort — {T}, Tap an untapped Ally you control: Discard a card. If you do, draw a card.');
insert into card_color (id_card, id_color) values (2206,4);
insert into card_type (id_card, id_type) values (2206,1);
insert into card(id, name, manaCost, cmc, rarity_id, set_id, imageUrl, c_power, c_toughness, description) values ('2207','Boulder Salvo','{4}{R}','10','1','2','//gatherer.wizards.com/Handlers/Image.ashx?multiverseid=407612&type=card','none','none','Surge {1}{R} (You may cast this spell for its surge cost if you or a teammate has cast another spell this turn.)
Boulder Salvo deals 4 damage to target creature.');
insert into card_color (id_card, id_color) values (2207,4);
insert into card_type (id_card, id_type) values (2207,6);
insert into card(id, name, manaCost, cmc, rarity_id, set_id, imageUrl, c_power, c_toughness, description) values ('2208','Brute Strength','{1}{R}','10','1','2','//gatherer.wizards.com/Handlers/Image.ashx?multiverseid=407613&type=card','none','none','Target creature gets +3/+1 and gains trample until end of turn.');
insert into card_color (id_card, id_color) values (2208,4);
insert into card_type (id_card, id_type) values (2208,7);
insert into card(id, name, manaCost, cmc, rarity_id, set_id, imageUrl, c_power, c_toughness, description) values ('2209','Chandra, Flamecaller','{4}{R}{R}','10','4','2','//gatherer.wizards.com/Handlers/Image.ashx?multiverseid=407614&type=card','none','none','+1: Create two 3/1 red Elemental creature tokens with haste. Exile them at the beginning of the next end step.
0: Discard all the cards in your hand, then draw that many cards plus one.
−X: Chandra, Flamecaller deals X damage to each creature.');
insert into card_color (id_card, id_color) values (2209,4);
insert into card_type (id_card, id_type) values (2209,5);
insert into card(id, name, manaCost, cmc, rarity_id, set_id, imageUrl, c_power, c_toughness, description) values ('2210','Cinder Hellion','{4}{R}','10','1','2','//gatherer.wizards.com/Handlers/Image.ashx?multiverseid=407615&type=card','4','4','Trample
When Cinder Hellion enters the battlefield, it deals 2 damage to target opponent.');
insert into card_color (id_card, id_color) values (2210,4);
insert into card_type (id_card, id_type) values (2210,1);
insert into card(id, name, manaCost, cmc, rarity_id, set_id, imageUrl, c_power, c_toughness, description) values ('2211','Devour in Flames','{2}{R}','10','2','2','//gatherer.wizards.com/Handlers/Image.ashx?multiverseid=407616&type=card','none','none','As an additional cost to cast Devour in Flames, return a land you control to its owner§s hand.
Devour in Flames deals 5 damage to target creature or planeswalker.');
insert into card_color (id_card, id_color) values (2211,4);
insert into card_type (id_card, id_type) values (2211,6);
insert into card(id, name, manaCost, cmc, rarity_id, set_id, imageUrl, c_power, c_toughness, description) values ('2212','Embodiment of Fury','{3}{R}','10','2','2','//gatherer.wizards.com/Handlers/Image.ashx?multiverseid=407617&type=card','4','3','Trample
Land creatures you control have trample.
Landfall — Whenever a land enters the battlefield under your control, you may have target land you control become a 3/3 Elemental creature with haste until end of turn. It§s still a land.');
insert into card_color (id_card, id_color) values (2212,4);
insert into card_type (id_card, id_type) values (2212,1);
insert into card(id, name, manaCost, cmc, rarity_id, set_id, imageUrl, c_power, c_toughness, description) values ('2213','Expedite','{R}','10','1','2','//gatherer.wizards.com/Handlers/Image.ashx?multiverseid=407618&type=card','none','none','Target creature gains haste until end of turn.
Draw a card.');
insert into card_color (id_card, id_color) values (2213,4);
insert into card_type (id_card, id_type) values (2213,7);
insert into card(id, name, manaCost, cmc, rarity_id, set_id, imageUrl, c_power, c_toughness, description) values ('2214','Fall of the Titans','{X}{X}{R}','10','3','2','//gatherer.wizards.com/Handlers/Image.ashx?multiverseid=407619&type=card','none','none','Surge {X}{R} (You may cast this spell for its surge cost if you or a teammate has cast another spell this turn.)
Fall of the Titans deals X damage to each of up to two target creatures and/or players.');
insert into card_color (id_card, id_color) values (2214,4);
insert into card_type (id_card, id_type) values (2214,7);
insert into card(id, name, manaCost, cmc, rarity_id, set_id, imageUrl, c_power, c_toughness, description) values ('2215','Goblin Dark-Dwellers','{3}{R}{R}','10','3','2','//gatherer.wizards.com/Handlers/Image.ashx?multiverseid=407620&type=card','4','4','Menace
When Goblin Dark-Dwellers enters the battlefield, you may cast target instant or sorcery card with converted mana cost 3 or less from your graveyard without paying its mana cost. If that card would be put into your graveyard this turn, exile it instead.');
insert into card_color (id_card, id_color) values (2215,4);
insert into card_type (id_card, id_type) values (2215,1);
insert into card(id, name, manaCost, cmc, rarity_id, set_id, imageUrl, c_power, c_toughness, description) values ('2216','Goblin Freerunner','{3}{R}','10','1','2','//gatherer.wizards.com/Handlers/Image.ashx?multiverseid=407621&type=card','3','2','Surge {1}{R} (You may cast this spell for its surge cost if you or a teammate has cast another spell this turn.)
Menace (This creature can§t be blocked except by two or more creatures.)');
insert into card_color (id_card, id_color) values (2216,4);
insert into card_type (id_card, id_type) values (2216,1);
insert into card(id, name, manaCost, cmc, rarity_id, set_id, imageUrl, c_power, c_toughness, description) values ('2217','Kazuul§s Toll Collector','{2}{R}','10','2','2','//gatherer.wizards.com/Handlers/Image.ashx?multiverseid=407622&type=card','3','2','{0}: Attach target Equipment you control to Kazuul§s Toll Collector. Activate this ability only any time you could cast a sorcery.');
insert into card_color (id_card, id_color) values (2217,4);
insert into card_type (id_card, id_type) values (2217,1);
insert into card(id, name, manaCost, cmc, rarity_id, set_id, imageUrl, c_power, c_toughness, description) values ('2218','Oath of Chandra','{1}{R}','10','3','2','//gatherer.wizards.com/Handlers/Image.ashx?multiverseid=407623&type=card','none','none','When Oath of Chandra enters the battlefield, it deals 3 damage to target creature an opponent controls.
At the beginning of each end step, if a planeswalker entered the battlefield under your control this turn, Oath of Chandra deals 2 damage to each opponent.');
insert into card_color (id_card, id_color) values (2218,4);
insert into card_type (id_card, id_type) values (2218,4);
insert into card_supertype (id_card, id_supertype) values (2218,3);
insert into card(id, name, manaCost, cmc, rarity_id, set_id, imageUrl, c_power, c_toughness, description) values ('2219','Press into Service','{4}{R}','10','2','2','//gatherer.wizards.com/Handlers/Image.ashx?multiverseid=407624&type=card','none','none','Support 2. (Put a +1/+1 counter on each of up to two target creatures.)
Gain control of target creature until end of turn. Untap that creature. It gains haste until end of turn.');
insert into card_color (id_card, id_color) values (2219,4);
insert into card_type (id_card, id_type) values (2219,6);
insert into card(id, name, manaCost, cmc, rarity_id, set_id, imageUrl, c_power, c_toughness, description) values ('2220','Pyromancer§s Assault','{3}{R}','10','2','2','//gatherer.wizards.com/Handlers/Image.ashx?multiverseid=407625&type=card','none','none','Whenever you cast your second spell each turn, Pyromancer§s Assault deals 2 damage to target creature or player.');
insert into card_color (id_card, id_color) values (2220,4);
insert into card_type (id_card, id_type) values (2220,4);
insert into card(id, name, manaCost, cmc, rarity_id, set_id, imageUrl, c_power, c_toughness, description) values ('2221','Reckless Bushwhacker','{2}{R}','10','2','2','//gatherer.wizards.com/Handlers/Image.ashx?multiverseid=407626&type=card','2','1','Surge {1}{R} (You may cast this spell for its surge cost if you or a teammate has cast another spell this turn.)
Haste
When Reckless Bushwhacker enters the battlefield, if its surge cost was paid, other creatures you control get +1/+0 and gain haste until end of turn.');
insert into card_color (id_card, id_color) values (2221,4);
insert into card_type (id_card, id_type) values (2221,1);
insert into card(id, name, manaCost, cmc, rarity_id, set_id, imageUrl, c_power, c_toughness, description) values ('2222','Sparkmage§s Gambit','{1}{R}','10','1','2','//gatherer.wizards.com/Handlers/Image.ashx?multiverseid=407627&type=card','none','none','Sparkmage§s Gambit deals 1 damage to each of up to two target creatures. Those creatures can§t block this turn.');
insert into card_color (id_card, id_color) values (2222,4);
insert into card_type (id_card, id_type) values (2222,6);
insert into card(id, name, manaCost, cmc, rarity_id, set_id, imageUrl, c_power, c_toughness, description) values ('2223','Tears of Valakut','{1}{R}','10','2','2','//gatherer.wizards.com/Handlers/Image.ashx?multiverseid=407628&type=card','none','none','Tears of Valakut can§t be countered by spells or abilities.
Tears of Valakut deals 5 damage to target creature with flying.');
insert into card_color (id_card, id_color) values (2223,4);
insert into card_type (id_card, id_type) values (2223,7);
insert into card(id, name, manaCost, cmc, rarity_id, set_id, imageUrl, c_power, c_toughness, description) values ('2224','Tyrant of Valakut','{5}{R}{R}','10','3','2','//gatherer.wizards.com/Handlers/Image.ashx?multiverseid=407629&type=card','5','4','Surge {3}{R}{R} (You may cast this spell for its surge cost if you or a teammate has cast another spell this turn.)
Flying
When Tyrant of Valakut enters the battlefield, if its surge cost was paid, it deals 3 damage to target creature or player.');
insert into card_color (id_card, id_color) values (2224,4);
insert into card_type (id_card, id_type) values (2224,1);
insert into card(id, name, manaCost, cmc, rarity_id, set_id, imageUrl, c_power, c_toughness, description) values ('2225','Zada§s Commando','{1}{R}','10','1','2','//gatherer.wizards.com/Handlers/Image.ashx?multiverseid=407630&type=card','2','1','First strike
Cohort — {T}, Tap an untapped Ally you control: Zada§s Commando deals 1 damage to target opponent.');
insert into card_color (id_card, id_color) values (2225,4);
insert into card_type (id_card, id_type) values (2225,1);
insert into card(id, name, manaCost, cmc, rarity_id, set_id, imageUrl, c_power, c_toughness, description) values ('2226','Birthing Hulk','{6}{G}','10','2','2','//gatherer.wizards.com/Handlers/Image.ashx?multiverseid=407631&type=card','5','4','Devoid (This card has no color.)
When Birthing Hulk enters the battlefield, create two 1/1 colorless Eldrazi Scion creature tokens. They have "Sacrifice this creature: Add {C} to your mana pool." ({C} represents colorless mana.)
{1}{C}: Regenerate Birthing Hulk.');
insert into card_color (id_card, id_color) values (2226,5);
insert into card_type (id_card, id_type) values (2226,1);
insert into card(id, name, manaCost, cmc, rarity_id, set_id, imageUrl, c_power, c_toughness, description) values ('2227','Ruin in Their Wake','{1}{G}','10','2','2','//gatherer.wizards.com/Handlers/Image.ashx?multiverseid=407632&type=card','none','none','Devoid (This card has no color.)
Search your library for a basic land card and reveal it. You may put that card onto the battlefield tapped if you control a land named Wastes. Otherwise, put that card into your hand. Then shuffle your library.');
insert into card_color (id_card, id_color) values (2227,5);
insert into card_type (id_card, id_type) values (2227,6);
insert into card(id, name, manaCost, cmc, rarity_id, set_id, imageUrl, c_power, c_toughness, description) values ('2228','Scion Summoner','{2}{G}','10','1','2','//gatherer.wizards.com/Handlers/Image.ashx?multiverseid=407633&type=card','2','2','Devoid (This card has no color.)
When Scion Summoner enters the battlefield, create a 1/1 colorless Eldrazi Scion creature token. It has "Sacrifice this creature: Add {C} to your mana pool." ({C} represents colorless mana.)');
insert into card_color (id_card, id_color) values (2228,5);
insert into card_type (id_card, id_type) values (2228,1);
insert into card(id, name, manaCost, cmc, rarity_id, set_id, imageUrl, c_power, c_toughness, description) values ('2229','Stalking Drone','{1}{G}','10','1','2','//gatherer.wizards.com/Handlers/Image.ashx?multiverseid=407634&type=card','2','2','Devoid (This card has no color.)
{C}: Stalking Drone gets +1/+2 until end of turn. Activate this ability only once each turn. ({C} represents colorless mana.)');
insert into card_color (id_card, id_color) values (2229,5);
insert into card_type (id_card, id_type) values (2229,1);
insert into card(id, name, manaCost, cmc, rarity_id, set_id, imageUrl, c_power, c_toughness, description) values ('2230','Vile Redeemer','{2}{G}','10','3','2','//gatherer.wizards.com/Handlers/Image.ashx?multiverseid=407635&type=card','3','3','Devoid (This card has no color.)
Flash
When you cast Vile Redeemer, you may pay {C}. If you do, create a 1/1 colorless Eldrazi Scion creature token for each nontoken creature that died under your control this turn. Those tokens have "Sacrifice this creature: Add {C} to your mana pool."');
insert into card_color (id_card, id_color) values (2230,5);
insert into card_type (id_card, id_type) values (2230,1);
insert into card(id, name, manaCost, cmc, rarity_id, set_id, imageUrl, c_power, c_toughness, description) values ('2231','World Breaker','{6}{G}','10','4','2','//gatherer.wizards.com/Handlers/Image.ashx?multiverseid=407636&type=card','5','7','Devoid (This card has no color.)
When you cast World Breaker, exile target artifact, enchantment, or land.
Reach
{2}{C}, Sacrifice a land: Return World Breaker from your graveyard to your hand. ({C} represents colorless mana.)');
insert into card_color (id_card, id_color) values (2231,5);
insert into card_type (id_card, id_type) values (2231,1);
insert into card(id, name, manaCost, cmc, rarity_id, set_id, imageUrl, c_power, c_toughness, description) values ('2232','Baloth Pup','{1}{G}','10','2','2','//gatherer.wizards.com/Handlers/Image.ashx?multiverseid=407637&type=card','3','1','Baloth Pup has trample as long as it has a +1/+1 counter on it.');
insert into card_color (id_card, id_color) values (2232,5);
insert into card_type (id_card, id_type) values (2232,1);
insert into card(id, name, manaCost, cmc, rarity_id, set_id, imageUrl, c_power, c_toughness, description) values ('2233','Bonds of Mortality','{1}{G}','10','2','2','//gatherer.wizards.com/Handlers/Image.ashx?multiverseid=407638&type=card','none','none','When Bonds of Mortality enters the battlefield, draw a card.
{G}: Creatures your opponents control lose hexproof and indestructible until end of turn.');
insert into card_color (id_card, id_color) values (2233,5);
insert into card_type (id_card, id_type) values (2233,4);
insert into card(id, name, manaCost, cmc, rarity_id, set_id, imageUrl, c_power, c_toughness, description) values ('2234','Canopy Gorger','{4}{G}{G}','10','1','2','//gatherer.wizards.com/Handlers/Image.ashx?multiverseid=407639&type=card','6','5','null');
insert into card_color (id_card, id_color) values (2234,5);
insert into card_type (id_card, id_type) values (2234,1);
insert into card(id, name, manaCost, cmc, rarity_id, set_id, imageUrl, c_power, c_toughness, description) values ('2235','Elemental Uprising','{1}{G}','10','1','2','//gatherer.wizards.com/Handlers/Image.ashx?multiverseid=407640&type=card','none','none','Target land you control becomes a 4/4 Elemental creature with haste until end of turn. It§s still a land. It must be blocked this turn if able.');
insert into card_color (id_card, id_color) values (2235,5);
insert into card_type (id_card, id_type) values (2235,7);
insert into card(id, name, manaCost, cmc, rarity_id, set_id, imageUrl, c_power, c_toughness, description) values ('2236','Embodiment of Insight','{4}{G}','10','2','2','//gatherer.wizards.com/Handlers/Image.ashx?multiverseid=407641&type=card','4','4','Vigilance
Land creatures you control have vigilance.
Landfall — Whenever a land enters the battlefield under your control, you may have target land you control become a 3/3 Elemental creature with haste until end of turn. It§s still a land.');
insert into card_color (id_card, id_color) values (2236,5);
insert into card_type (id_card, id_type) values (2236,1);
insert into card(id, name, manaCost, cmc, rarity_id, set_id, imageUrl, c_power, c_toughness, description) values ('2237','Gladehart Cavalry','{5}{G}{G}','10','3','2','//gatherer.wizards.com/Handlers/Image.ashx?multiverseid=407642&type=card','6','6','When Gladehart Cavalry enters the battlefield, support 6. (Put a +1/+1 counter on each of up to six other target creatures.)
Whenever a creature you control with a +1/+1 counter on it dies, you gain 2 life.');
insert into card_color (id_card, id_color) values (2237,5);
insert into card_type (id_card, id_type) values (2237,1);
insert into card(id, name, manaCost, cmc, rarity_id, set_id, imageUrl, c_power, c_toughness, description) values ('2238','Harvester Troll','{3}{G}','10','2','2','//gatherer.wizards.com/Handlers/Image.ashx?multiverseid=407643&type=card','2','3','When Harvester Troll enters the battlefield, you may sacrifice a creature or land. If you do, put two +1/+1 counters on Harvester Troll.');
insert into card_color (id_card, id_color) values (2238,5);
insert into card_type (id_card, id_type) values (2238,1);
insert into card(id, name, manaCost, cmc, rarity_id, set_id, imageUrl, c_power, c_toughness, description) values ('2239','Lead by Example','{1}{G}','10','1','2','//gatherer.wizards.com/Handlers/Image.ashx?multiverseid=407644&type=card','none','none','Support 2. (Put a +1/+1 counter on each of up to two target creatures.)');
insert into card_color (id_card, id_color) values (2239,5);
insert into card_type (id_card, id_type) values (2239,7);
insert into card(id, name, manaCost, cmc, rarity_id, set_id, imageUrl, c_power, c_toughness, description) values ('2240','Loam Larva','{1}{G}','10','1','2','//gatherer.wizards.com/Handlers/Image.ashx?multiverseid=407645&type=card','1','3','When Loam Larva enters the battlefield, you may search your library for a basic land card, reveal it, then shuffle your library and put that card on top of it.');
insert into card_color (id_card, id_color) values (2240,5);
insert into card_type (id_card, id_type) values (2240,1);
insert into card(id, name, manaCost, cmc, rarity_id, set_id, imageUrl, c_power, c_toughness, description) values ('2241','Natural State','{G}','10','1','2','//gatherer.wizards.com/Handlers/Image.ashx?multiverseid=407646&type=card','none','none','Destroy target artifact or enchantment with converted mana cost 3 or less.');
insert into card_color (id_card, id_color) values (2241,5);
insert into card_type (id_card, id_type) values (2241,7);
insert into card(id, name, manaCost, cmc, rarity_id, set_id, imageUrl, c_power, c_toughness, description) values ('2242','Netcaster Spider','{2}{G}','10','1','2','//gatherer.wizards.com/Handlers/Image.ashx?multiverseid=407647&type=card','2','3','Reach (This creature can block creatures with flying.)
Whenever Netcaster Spider blocks a creature with flying, Netcaster Spider gets +2/+0 until end of turn.');
insert into card_color (id_card, id_color) values (2242,5);
insert into card_type (id_card, id_type) values (2242,1);
insert into card(id, name, manaCost, cmc, rarity_id, set_id, imageUrl, c_power, c_toughness, description) values ('2243','Nissa, Voice of Zendikar','{1}{G}{G}','10','4','2','//gatherer.wizards.com/Handlers/Image.ashx?multiverseid=407648&type=card','none','none','+1: Create a 0/1 green Plant creature token.
−2: Put a +1/+1 counter on each creature you control.
−7: You gain X life and draw X cards, where X is the number of lands you control.');
insert into card_color (id_card, id_color) values (2243,5);
insert into card_type (id_card, id_type) values (2243,5);
insert into card(id, name, manaCost, cmc, rarity_id, set_id, imageUrl, c_power, c_toughness, description) values ('2244','Nissa§s Judgment','{4}{G}','10','2','2','//gatherer.wizards.com/Handlers/Image.ashx?multiverseid=407649&type=card','none','none','Support 2. (Put a +1/+1 counter on each of up to two target creatures.)
Choose up to one target creature an opponent controls. Each creature you control with a +1/+1 counter on it deals damage equal to its power to that creature.');
insert into card_color (id_card, id_color) values (2244,5);
insert into card_type (id_card, id_type) values (2244,6);
insert into card(id, name, manaCost, cmc, rarity_id, set_id, imageUrl, c_power, c_toughness, description) values ('2245','Oath of Nissa','{G}','10','3','2','//gatherer.wizards.com/Handlers/Image.ashx?multiverseid=407650&type=card','none','none','When Oath of Nissa enters the battlefield, look at the top three cards of your library. You may reveal a creature, land, or planeswalker card from among them and put it into your hand. Put the rest on the bottom of your library in any order.
You may spend mana as though it were mana of any color to cast planeswalker spells.');
insert into card_color (id_card, id_color) values (2245,5);
insert into card_type (id_card, id_type) values (2245,4);
insert into card_supertype (id_card, id_supertype) values (2245,3);
insert into card(id, name, manaCost, cmc, rarity_id, set_id, imageUrl, c_power, c_toughness, description) values ('2246','Pulse of Murasa','{2}{G}','10','1','2','//gatherer.wizards.com/Handlers/Image.ashx?multiverseid=407651&type=card','none','none','Return target creature or land card from a graveyard to its owner§s hand. You gain 6 life.');
insert into card_color (id_card, id_color) values (2246,5);
insert into card_type (id_card, id_type) values (2246,7);
insert into card(id, name, manaCost, cmc, rarity_id, set_id, imageUrl, c_power, c_toughness, description) values ('2247','Saddleback Lagac','{3}{G}','10','1','2','//gatherer.wizards.com/Handlers/Image.ashx?multiverseid=407652&type=card','3','1','When Saddleback Lagac enters the battlefield, support 2. (Put a +1/+1 counter on each of up to two other target creatures.)');
insert into card_color (id_card, id_color) values (2247,5);
insert into card_type (id_card, id_type) values (2247,1);
insert into card(id, name, manaCost, cmc, rarity_id, set_id, imageUrl, c_power, c_toughness, description) values ('2248','Seed Guardian','{2}{G}{G}','10','2','2','//gatherer.wizards.com/Handlers/Image.ashx?multiverseid=407653&type=card','3','4','Reach
When Seed Guardian dies, create an X/X green Elemental creature token, where X is the number of creature cards in your graveyard.');
insert into card_color (id_card, id_color) values (2248,5);
insert into card_type (id_card, id_type) values (2248,1);
insert into card(id, name, manaCost, cmc, rarity_id, set_id, imageUrl, c_power, c_toughness, description) values ('2249','Sylvan Advocate','{1}{G}','10','3','2','//gatherer.wizards.com/Handlers/Image.ashx?multiverseid=407654&type=card','2','3','Vigilance
As long as you control six or more lands, Sylvan Advocate and land creatures you control get +2/+2.');
insert into card_color (id_card, id_color) values (2249,5);
insert into card_type (id_card, id_type) values (2249,1);
insert into card(id, name, manaCost, cmc, rarity_id, set_id, imageUrl, c_power, c_toughness, description) values ('2250','Tajuru Pathwarden','{4}{G}','10','1','2','//gatherer.wizards.com/Handlers/Image.ashx?multiverseid=407655&type=card','5','4','Vigilance, trample');
insert into card_color (id_card, id_color) values (2250,5);
insert into card_type (id_card, id_type) values (2250,1);
insert into card(id, name, manaCost, cmc, rarity_id, set_id, imageUrl, c_power, c_toughness, description) values ('2251','Vines of the Recluse','{G}','10','1','2','//gatherer.wizards.com/Handlers/Image.ashx?multiverseid=407656&type=card','none','none','Target creature gets +1/+2 and gains reach until end of turn. Untap it. (A creature with reach can block creatures with flying.)');
insert into card_color (id_card, id_color) values (2251,5);
insert into card_type (id_card, id_type) values (2251,7);
insert into card(id, name, manaCost, cmc, rarity_id, set_id, imageUrl, c_power, c_toughness, description) values ('2252','Zendikar Resurgent','{5}{G}{G}','10','3','2','//gatherer.wizards.com/Handlers/Image.ashx?multiverseid=407657&type=card','none','none','Whenever you tap a land for mana, add one mana to your mana pool of any type that land produced. (The types of mana are white, blue, black, red, green, and colorless.)
Whenever you cast a creature spell, draw a card.');
insert into card_color (id_card, id_color) values (2252,5);
insert into card_type (id_card, id_type) values (2252,4);
insert into card(id, name, manaCost, cmc, rarity_id, set_id, imageUrl, c_power, c_toughness, description) values ('2253','Flayer Drone','{1}{B}{R}','10','2','2','//gatherer.wizards.com/Handlers/Image.ashx?multiverseid=407658&type=card','3','1','Devoid (This card has no color.)
First strike
Whenever another colorless creature enters the battlefield under your control, target opponent loses 1 life.');
insert into card_color (id_card, id_color) values (2253,3);
insert into card_color (id_card, id_color) values (2253,4);
insert into card_type (id_card, id_type) values (2253,1);
insert into card(id, name, manaCost, cmc, rarity_id, set_id, imageUrl, c_power, c_toughness, description) values ('2254','Mindmelter','{1}{U}{B}','10','2','2','//gatherer.wizards.com/Handlers/Image.ashx?multiverseid=407659&type=card','2','2','Devoid (This card has no color.)
Mindmelter can§t be blocked.
{3}{C}: Target opponent exiles a card from his or her hand. Activate this ability only any time you could cast a sorcery. ({C} represents colorless mana.)');
insert into card_color (id_card, id_color) values (2254,6);
insert into card_color (id_card, id_color) values (2254,3);
insert into card_type (id_card, id_type) values (2254,1);
insert into card(id, name, manaCost, cmc, rarity_id, set_id, imageUrl, c_power, c_toughness, description) values ('2255','Void Grafter','{1}{G}{U}','10','2','2','//gatherer.wizards.com/Handlers/Image.ashx?multiverseid=407660&type=card','2','4','Devoid (This card has no color.)
Flash (You may cast this spell any time you could cast an instant.)
When Void Grafter enters the battlefield, another target creature you control gains hexproof until end of turn.');
insert into card_color (id_card, id_color) values (2255,6);
insert into card_color (id_card, id_color) values (2255,5);
insert into card_type (id_card, id_type) values (2255,1);
insert into card(id, name, manaCost, cmc, rarity_id, set_id, imageUrl, c_power, c_toughness, description) values ('2256','Ayli, Eternal Pilgrim','{W}{B}','10','3','2','//gatherer.wizards.com/Handlers/Image.ashx?multiverseid=407661&type=card','2','3','Deathtouch
{1}, Sacrifice another creature: You gain life equal to the sacrificed creature§s toughness.
{1}{W}{B}, Sacrifice another creature: Exile target nonland permanent. Activate this ability only if you have at least 10 life more than your starting life total.');
insert into card_color (id_card, id_color) values (2256,2);
insert into card_color (id_card, id_color) values (2256,3);
insert into card_type (id_card, id_type) values (2256,1);
insert into card_supertype (id_card, id_supertype) values (2256,3);
insert into card(id, name, manaCost, cmc, rarity_id, set_id, imageUrl, c_power, c_toughness, description) values ('2257','Baloth Null','{4}{B}{G}','10','2','2','//gatherer.wizards.com/Handlers/Image.ashx?multiverseid=407662&type=card','4','5','When Baloth Null enters the battlefield, return up to two target creature cards from your graveyard to your hand.');
insert into card_color (id_card, id_color) values (2257,3);
insert into card_color (id_card, id_color) values (2257,5);
insert into card_type (id_card, id_type) values (2257,1);
insert into card(id, name, manaCost, cmc, rarity_id, set_id, imageUrl, c_power, c_toughness, description) values ('2258','Cliffhaven Vampire','{2}{W}{B}','10','2','2','//gatherer.wizards.com/Handlers/Image.ashx?multiverseid=407663&type=card','2','4','Flying
Whenever you gain life, each opponent loses 1 life.');
insert into card_color (id_card, id_color) values (2258,2);
insert into card_color (id_card, id_color) values (2258,3);
insert into card_type (id_card, id_type) values (2258,1);
insert into card(id, name, manaCost, cmc, rarity_id, set_id, imageUrl, c_power, c_toughness, description) values ('2259','Joraga Auxiliary','{1}{G}{W}','10','2','2','//gatherer.wizards.com/Handlers/Image.ashx?multiverseid=407664&type=card','2','3','{4}{G}{W}: Support 2. (Put a +1/+1 counter on each of up to two other target creatures.)');
insert into card_color (id_card, id_color) values (2259,2);
insert into card_color (id_card, id_color) values (2259,5);
insert into card_type (id_card, id_type) values (2259,1);
insert into card(id, name, manaCost, cmc, rarity_id, set_id, imageUrl, c_power, c_toughness, description) values ('2260','Jori En, Ruin Diver','{1}{U}{R}','10','3','2','//gatherer.wizards.com/Handlers/Image.ashx?multiverseid=407665&type=card','2','3','Whenever you cast your second spell each turn, draw a card.');
insert into card_color (id_card, id_color) values (2260,6);
insert into card_color (id_card, id_color) values (2260,4);
insert into card_type (id_card, id_type) values (2260,1);
insert into card_supertype (id_card, id_supertype) values (2260,3);
insert into card(id, name, manaCost, cmc, rarity_id, set_id, imageUrl, c_power, c_toughness, description) values ('2261','Mina and Denn, Wildborn','{2}{R}{G}','10','3','2','//gatherer.wizards.com/Handlers/Image.ashx?multiverseid=407666&type=card','4','4','You may play an additional land on each of your turns.
{R}{G}, Return a land you control to its owner§s hand: Target creature gains trample until end of turn.');
insert into card_color (id_card, id_color) values (2261,4);
insert into card_color (id_card, id_color) values (2261,5);
insert into card_type (id_card, id_type) values (2261,1);
insert into card_supertype (id_card, id_supertype) values (2261,3);
insert into card(id, name, manaCost, cmc, rarity_id, set_id, imageUrl, c_power, c_toughness, description) values ('2262','Reflector Mage','{1}{W}{U}','10','2','2','//gatherer.wizards.com/Handlers/Image.ashx?multiverseid=407667&type=card','2','3','When Reflector Mage enters the battlefield, return target creature an opponent controls to its owner§s hand. That creature§s owner can§t cast spells with the same name as that creature until your next turn.');
insert into card_color (id_card, id_color) values (2262,2);
insert into card_color (id_card, id_color) values (2262,6);
insert into card_type (id_card, id_type) values (2262,1);
insert into card(id, name, manaCost, cmc, rarity_id, set_id, imageUrl, c_power, c_toughness, description) values ('2263','Relentless Hunter','{1}{R}{G}','10','2','2','//gatherer.wizards.com/Handlers/Image.ashx?multiverseid=407668&type=card','3','3','{1}{R}{G}: Relentless Hunter gets +1/+1 and gains trample until end of turn.');
insert into card_color (id_card, id_color) values (2263,4);
insert into card_color (id_card, id_color) values (2263,5);
insert into card_type (id_card, id_type) values (2263,1);
insert into card(id, name, manaCost, cmc, rarity_id, set_id, imageUrl, c_power, c_toughness, description) values ('2264','Stormchaser Mage','{U}{R}','10','2','2','//gatherer.wizards.com/Handlers/Image.ashx?multiverseid=407669&type=card','1','3','Flying, haste
Prowess (Whenever you cast a noncreature spell, this creature gets +1/+1 until end of turn.)');
insert into card_color (id_card, id_color) values (2264,6);
insert into card_color (id_card, id_color) values (2264,4);
insert into card_type (id_card, id_type) values (2264,1);
insert into card(id, name, manaCost, cmc, rarity_id, set_id, imageUrl, c_power, c_toughness, description) values ('2265','Weapons Trainer','{R}{W}','10','2','2','//gatherer.wizards.com/Handlers/Image.ashx?multiverseid=407670&type=card','3','2','Other creatures you control get +1/+0 as long as you control an Equipment.');
insert into card_color (id_card, id_color) values (2265,2);
insert into card_color (id_card, id_color) values (2265,4);
insert into card_type (id_card, id_type) values (2265,1);
insert into card(id, name, manaCost, cmc, rarity_id, set_id, imageUrl, c_power, c_toughness, description) values ('2266','Bone Saw','{0}','10','1','2','//gatherer.wizards.com/Handlers/Image.ashx?multiverseid=407671&type=card','none','none','Equipped creature gets +1/+0.
Equip {1} ({1}: Attach to target creature you control. Equip only as a sorcery.)');
insert into card_color (id_card, id_color) values (2266,1);
insert into card_type (id_card, id_type) values (2266,3);
insert into card(id, name, manaCost, cmc, rarity_id, set_id, imageUrl, c_power, c_toughness, description) values ('2267','Captain§s Claws','{2}','10','3','2','//gatherer.wizards.com/Handlers/Image.ashx?multiverseid=407672&type=card','none','none','Equipped creature gets +1/+0.
Whenever equipped creature attacks, create a 1/1 white Kor Ally creature token that§s tapped and attacking.
Equip {1}');
insert into card_color (id_card, id_color) values (2267,1);
insert into card_type (id_card, id_type) values (2267,3);
insert into card(id, name, manaCost, cmc, rarity_id, set_id, imageUrl, c_power, c_toughness, description) values ('2268','Chitinous Cloak','{3}','10','2','2','//gatherer.wizards.com/Handlers/Image.ashx?multiverseid=407673&type=card','none','none','Equipped creature gets +2/+2 and has menace. (It can§t be blocked except by two or more creatures.)
Equip {3}');
insert into card_color (id_card, id_color) values (2268,1);
insert into card_type (id_card, id_type) values (2268,3);
insert into card(id, name, manaCost, cmc, rarity_id, set_id, imageUrl, c_power, c_toughness, description) values ('2269','Hedron Crawler','{2}','10','1','2','//gatherer.wizards.com/Handlers/Image.ashx?multiverseid=407674&type=card','0','1','{T}: Add {C} to your mana pool. ({C} represents colorless mana.)');
insert into card_color (id_card, id_color) values (2269,1);
insert into card_type (id_card, id_type) values (2269,3);
insert into card_type (id_card, id_type) values (2269,1);
insert into card(id, name, manaCost, cmc, rarity_id, set_id, imageUrl, c_power, c_toughness, description) values ('2270','Seer§s Lantern','{3}','10','1','2','//gatherer.wizards.com/Handlers/Image.ashx?multiverseid=407675&type=card','none','none','{T}: Add {C} to your mana pool. ({C} represents colorless mana.)
{2}, {T}: Scry 1. (Look at the top card of your library. You may put that card on the bottom of your library.)');
insert into card_color (id_card, id_color) values (2270,1);
insert into card_type (id_card, id_type) values (2270,3);
insert into card(id, name, manaCost, cmc, rarity_id, set_id, imageUrl, c_power, c_toughness, description) values ('2271','Stoneforge Masterwork','{1}','10','3','2','//gatherer.wizards.com/Handlers/Image.ashx?multiverseid=407676&type=card','none','none','Equipped creature gets +1/+1 for each other creature you control that shares a creature type with it.
Equip {2}');
insert into card_color (id_card, id_color) values (2271,1);
insert into card_type (id_card, id_type) values (2271,3);
insert into card(id, name, manaCost, cmc, rarity_id, set_id, imageUrl, c_power, c_toughness, description) values ('2272','Strider Harness','{3}','10','2','2','//gatherer.wizards.com/Handlers/Image.ashx?multiverseid=407677&type=card','none','none','Equipped creature gets +1/+1 and has haste.
Equip {1}');
insert into card_color (id_card, id_color) values (2272,1);
insert into card_type (id_card, id_type) values (2272,3);
insert into card(id, name, manaCost, cmc, rarity_id, set_id, imageUrl, c_power, c_toughness, description) values ('2273','Cinder Barrens','null','10','2','2','//gatherer.wizards.com/Handlers/Image.ashx?multiverseid=407678&type=card','none','none','Cinder Barrens enters the battlefield tapped.
{T}: Add {B} or {R} to your mana pool.');
insert into card_color (id_card, id_color) values (2273,3);
insert into card_color (id_card, id_color) values (2273,4);
insert into card_type (id_card, id_type) values (2273,2);
insert into card(id, name, manaCost, cmc, rarity_id, set_id, imageUrl, c_power, c_toughness, description) values ('2274','Corrupted Crossroads','null','10','3','2','//gatherer.wizards.com/Handlers/Image.ashx?multiverseid=407679&type=card','none','none','{T}: Add {C} to your mana pool. ({C} represents colorless mana.)
{T}, Pay 1 life: Add one mana of any color to your mana pool. Spend this mana only to cast a spell with devoid.');
insert into card_color (id_card, id_color) values (2274,1);
insert into card_type (id_card, id_type) values (2274,2);
insert into card(id, name, manaCost, cmc, rarity_id, set_id, imageUrl, c_power, c_toughness, description) values ('2275','Crumbling Vestige','null','10','1','2','//gatherer.wizards.com/Handlers/Image.ashx?multiverseid=407680&type=card','none','none','Crumbling Vestige enters the battlefield tapped.
When Crumbling Vestige enters the battlefield, add one mana of any color to your mana pool.
{T}: Add {C} to your mana pool. ({C} represents colorless mana.)');
insert into card_color (id_card, id_color) values (2275,1);
insert into card_type (id_card, id_type) values (2275,2);
insert into card(id, name, manaCost, cmc, rarity_id, set_id, imageUrl, c_power, c_toughness, description) values ('2276','Hissing Quagmire','null','10','3','2','//gatherer.wizards.com/Handlers/Image.ashx?multiverseid=407681&type=card','none','none','Hissing Quagmire enters the battlefield tapped.
{T}: Add {B} or {G} to your mana pool.
{1}{B}{G}: Hissing Quagmire becomes a 2/2 black and green Elemental creature with deathtouch until end of turn. It§s still a land.');
insert into card_color (id_card, id_color) values (2276,3);
insert into card_color (id_card, id_color) values (2276,5);
insert into card_type (id_card, id_type) values (2276,2);
insert into card(id, name, manaCost, cmc, rarity_id, set_id, imageUrl, c_power, c_toughness, description) values ('2277','Holdout Settlement','null','10','1','2','//gatherer.wizards.com/Handlers/Image.ashx?multiverseid=407682&type=card','none','none','{T}: Add {C} to your mana pool. ({C} represents colorless mana.)
{T}, Tap an untapped creature you control: Add one mana of any color to your mana pool.');
insert into card_color (id_card, id_color) values (2277,1);
insert into card_type (id_card, id_type) values (2277,2);
insert into card(id, name, manaCost, cmc, rarity_id, set_id, imageUrl, c_power, c_toughness, description) values ('2278','Meandering River','null','10','2','2','//gatherer.wizards.com/Handlers/Image.ashx?multiverseid=407683&type=card','none','none','Meandering River enters the battlefield tapped.
{T}: Add {W} or {U} to your mana pool.');
insert into card_color (id_card, id_color) values (2278,2);
insert into card_color (id_card, id_color) values (2278,6);
insert into card_type (id_card, id_type) values (2278,2);
insert into card(id, name, manaCost, cmc, rarity_id, set_id, imageUrl, c_power, c_toughness, description) values ('2279','Mirrorpool','null','10','4','2','//gatherer.wizards.com/Handlers/Image.ashx?multiverseid=407684&type=card','none','none','Mirrorpool enters the battlefield tapped.
{T}: Add {C} to your mana pool.
{2}{C}, {T}, Sacrifice Mirrorpool: Copy target instant or sorcery spell you control. You may choose new targets for the copy.
{4}{C}, {T}, Sacrifice Mirrorpool: Create a token that§s a copy of target creature you control.');
insert into card_color (id_card, id_color) values (2279,1);
insert into card_type (id_card, id_type) values (2279,2);
insert into card(id, name, manaCost, cmc, rarity_id, set_id, imageUrl, c_power, c_toughness, description) values ('2280','Needle Spires','null','10','3','2','//gatherer.wizards.com/Handlers/Image.ashx?multiverseid=407685&type=card','none','none','Needle Spires enters the battlefield tapped.
{T}: Add {R} or {W} to your mana pool.
{2}{R}{W}: Needle Spires becomes a 2/1 red and white Elemental creature with double strike until end of turn. It§s still a land.');
insert into card_color (id_card, id_color) values (2280,4);
insert into card_color (id_card, id_color) values (2280,2);
insert into card_type (id_card, id_type) values (2280,2);
insert into card(id, name, manaCost, cmc, rarity_id, set_id, imageUrl, c_power, c_toughness, description) values ('2281','Ruins of Oran-Rief','null','10','3','2','//gatherer.wizards.com/Handlers/Image.ashx?multiverseid=407686&type=card','none','none','Ruins of Oran-Rief enters the battlefield tapped.
{T}: Add {C} to your mana pool. ({C} represents colorless mana.)
{T}: Put a +1/+1 counter on target colorless creature that entered the battlefield this turn.');
insert into card_color (id_card, id_color) values (2281,1);
insert into card_type (id_card, id_type) values (2281,2);
insert into card(id, name, manaCost, cmc, rarity_id, set_id, imageUrl, c_power, c_toughness, description) values ('2282','Sea Gate Wreckage','null','10','3','2','//gatherer.wizards.com/Handlers/Image.ashx?multiverseid=407687&type=card','none','none','{T}: Add {C} to your mana pool. ({C} represents colorless mana.)
{2}{C}, {T}: Draw a card. Activate this ability only if you have no cards in hand.');
insert into card_color (id_card, id_color) values (2282,1);
insert into card_type (id_card, id_type) values (2282,2);
insert into card(id, name, manaCost, cmc, rarity_id, set_id, imageUrl, c_power, c_toughness, description) values ('2283','Submerged Boneyard','null','10','2','2','//gatherer.wizards.com/Handlers/Image.ashx?multiverseid=407688&type=card','none','none','Submerged Boneyard enters the battlefield tapped.
{T}: Add {U} or {B} to your mana pool.');
insert into card_color (id_card, id_color) values (2283,6);
insert into card_color (id_card, id_color) values (2283,3);
insert into card_type (id_card, id_type) values (2283,2);
insert into card(id, name, manaCost, cmc, rarity_id, set_id, imageUrl, c_power, c_toughness, description) values ('2284','Timber Gorge','null','10','2','2','//gatherer.wizards.com/Handlers/Image.ashx?multiverseid=407689&type=card','none','none','Timber Gorge enters the battlefield tapped.
{T}: Add {R} or {G} to your mana pool.');
insert into card_color (id_card, id_color) values (2284,4);
insert into card_color (id_card, id_color) values (2284,5);
insert into card_type (id_card, id_type) values (2284,2);
insert into card(id, name, manaCost, cmc, rarity_id, set_id, imageUrl, c_power, c_toughness, description) values ('2285','Tranquil Expanse','null','10','2','2','//gatherer.wizards.com/Handlers/Image.ashx?multiverseid=407690&type=card','none','none','Tranquil Expanse enters the battlefield tapped.
{T}: Add {G} or {W} to your mana pool.');
insert into card_color (id_card, id_color) values (2285,5);
insert into card_color (id_card, id_color) values (2285,2);
insert into card_type (id_card, id_type) values (2285,2);
insert into card(id, name, manaCost, cmc, rarity_id, set_id, imageUrl, c_power, c_toughness, description) values ('2286','Unknown Shores','null','10','1','2','//gatherer.wizards.com/Handlers/Image.ashx?multiverseid=407691&type=card','none','none','{T}: Add {C} to your mana pool. ({C} represents colorless mana.)
{1}, {T}: Add one mana of any color to your mana pool.');
insert into card_color (id_card, id_color) values (2286,1);
insert into card_type (id_card, id_type) values (2286,2);
insert into card(id, name, manaCost, cmc, rarity_id, set_id, imageUrl, c_power, c_toughness, description) values ('2287','Wandering Fumarole','null','10','3','2','//gatherer.wizards.com/Handlers/Image.ashx?multiverseid=407692&type=card','none','none','Wandering Fumarole enters the battlefield tapped.
{T}: Add {U} or {R} to your mana pool.
{2}{U}{R}: Until end of turn, Wandering Fumarole becomes a 1/4 blue and red Elemental creature with "{0}: Switch this creature§s power and toughness until end of turn." It§s still a land.');
insert into card_color (id_card, id_color) values (2287,6);
insert into card_color (id_card, id_color) values (2287,4);
insert into card_type (id_card, id_type) values (2287,2);
insert into card(id, name, manaCost, cmc, rarity_id, set_id, imageUrl, c_power, c_toughness, description) values ('2288','Wastes','null','10','6','2','//gatherer.wizards.com/Handlers/Image.ashx?multiverseid=407693&type=card','none','none','{T}: Add {C} to your mana pool');
insert into card_color (id_card, id_color) values (2288,1);
insert into card_type (id_card, id_type) values (2288,2);
insert into card_supertype (id_card, id_supertype) values (2288,2);
insert into card(id, name, manaCost, cmc, rarity_id, set_id, imageUrl, c_power, c_toughness, description) values ('2289','Wastes','null','10','6','2','//gatherer.wizards.com/Handlers/Image.ashx?multiverseid=407694&type=card','none','none','{T}: Add {C} to your mana pool');
insert into card_color (id_card, id_color) values (2289,1);
insert into card_type (id_card, id_type) values (2289,2);
insert into card_supertype (id_card, id_supertype) values (2289,2);
insert into card(id, name, manaCost, cmc, rarity_id, set_id, imageUrl, c_power, c_toughness, description) values ('2290','Wastes','null','10','6','2','//gatherer.wizards.com/Handlers/Image.ashx?multiverseid=407695&type=card','none','none','{T}: Add {C} to your mana pool');
insert into card_color (id_card, id_color) values (2290,1);
insert into card_type (id_card, id_type) values (2290,2);
insert into card_supertype (id_card, id_supertype) values (2290,2);
insert into card(id, name, manaCost, cmc, rarity_id, set_id, imageUrl, c_power, c_toughness, description) values ('2291','Wastes','null','10','6','2','//gatherer.wizards.com/Handlers/Image.ashx?multiverseid=407696&type=card','none','none','{T}: Add {C} to your mana pool');
insert into card_color (id_card, id_color) values (2291,1);
insert into card_type (id_card, id_type) values (2291,2);
insert into card_supertype (id_card, id_supertype) values (2291,2);
insert into card(id, name, manaCost, cmc, rarity_id, set_id, imageUrl, c_power, c_toughness, description) values ('2388','Always Watching','{1}{W}{W}','10','3','3','//gatherer.wizards.com/Handlers/Image.ashx?multiverseid=409737&type=card','none','none','Nontoken creatures you control get +1/+1 and have vigilance.');
insert into card_color (id_card, id_color) values (2388,2);
insert into card_type (id_card, id_type) values (2388,4);
insert into card(id, name, manaCost, cmc, rarity_id, set_id, imageUrl, c_power, c_toughness, description) values ('2389','Angel of Deliverance','{6}{W}{W}','10','3','3','//gatherer.wizards.com/Handlers/Image.ashx?multiverseid=409738&type=card','6','6','Flying
Delirium — Whenever Angel of Deliverance deals damage, if there are four or more card types among cards in your graveyard, exile target creature an opponent controls.');
insert into card_color (id_card, id_color) values (2389,2);
insert into card_type (id_card, id_type) values (2389,1);
insert into card(id, name, manaCost, cmc, rarity_id, set_id, imageUrl, c_power, c_toughness, description) values ('2390','Angelic Purge','{2}{W}','10','1','3','//gatherer.wizards.com/Handlers/Image.ashx?multiverseid=409739&type=card','none','none','As an additional cost to cast Angelic Purge, sacrifice a permanent.
Exile target artifact, creature, or enchantment.');
insert into card_color (id_card, id_color) values (2390,2);
insert into card_type (id_card, id_type) values (2390,6);
insert into card(id, name, manaCost, cmc, rarity_id, set_id, imageUrl, c_power, c_toughness, description) values ('2391','Apothecary Geist','{3}{W}','10','1','3','//gatherer.wizards.com/Handlers/Image.ashx?multiverseid=409740&type=card','2','3','Flying
When Apothecary Geist enters the battlefield, if you control another Spirit, you gain 3 life.');
insert into card_color (id_card, id_color) values (2391,2);
insert into card_type (id_card, id_type) values (2391,1);
insert into card(id, name, manaCost, cmc, rarity_id, set_id, imageUrl, c_power, c_toughness, description) values ('2392','Archangel Avacyn','{3}{W}{W}','10','4','3','//gatherer.wizards.com/Handlers/Image.ashx?multiverseid=409741&type=card','4','4','Flash
Flying, vigilance
When Archangel Avacyn enters the battlefield, creatures you control gain indestructible until end of turn.
When a non-Angel creature you control dies, transform Archangel Avacyn at the beginning of the next upkeep.');
insert into card_color (id_card, id_color) values (2392,2);
insert into card_color (id_card, id_color) values (2392,4);
insert into card_type (id_card, id_type) values (2392,1);
insert into card_supertype (id_card, id_supertype) values (2392,3);
insert into card(id, name, manaCost, cmc, rarity_id, set_id, imageUrl, c_power, c_toughness, description) values ('2393','Avacyn, the Purifier','null','10','4','3','//gatherer.wizards.com/Handlers/Image.ashx?multiverseid=409742&type=card','6','5','Flying
When this creature transforms into Avacyn, the Purifier, it deals 3 damage to each other creature and each opponent.');
insert into card_color (id_card, id_color) values (2393,2);
insert into card_color (id_card, id_color) values (2393,4);
insert into card_type (id_card, id_type) values (2393,1);
insert into card_supertype (id_card, id_supertype) values (2393,3);
insert into card(id, name, manaCost, cmc, rarity_id, set_id, imageUrl, c_power, c_toughness, description) values ('2394','Avacynian Missionaries','{3}{W}','10','2','3','//gatherer.wizards.com/Handlers/Image.ashx?multiverseid=409743&type=card','3','3','At the beginning of your end step, if Avacynian Missionaries is equipped, transform it.');
insert into card_color (id_card, id_color) values (2394,2);
insert into card_type (id_card, id_type) values (2394,1);
insert into card(id, name, manaCost, cmc, rarity_id, set_id, imageUrl, c_power, c_toughness, description) values ('2395','Lunarch Inquisitors','null','10','2','3','//gatherer.wizards.com/Handlers/Image.ashx?multiverseid=409744&type=card','4','4','When this creature transforms into Lunarch Inquisitors, you may exile another target creature until Lunarch Inquisitors leaves the battlefield.');
insert into card_color (id_card, id_color) values (2395,2);
insert into card_type (id_card, id_type) values (2395,1);
insert into card(id, name, manaCost, cmc, rarity_id, set_id, imageUrl, c_power, c_toughness, description) values ('2396','Bound by Moonsilver','{2}{W}','10','2','3','//gatherer.wizards.com/Handlers/Image.ashx?multiverseid=409745&type=card','none','none','Enchant creature
Enchanted creature can§t attack, block, or transform.
Sacrifice another permanent: Attach Bound by Moonsilver to target creature. Activate this ability only any time you could cast a sorcery and only once each turn.');
insert into card_color (id_card, id_color) values (2396,2);
insert into card_type (id_card, id_type) values (2396,4);
insert into card(id, name, manaCost, cmc, rarity_id, set_id, imageUrl, c_power, c_toughness, description) values ('2397','Bygone Bishop','{2}{W}','10','3','3','//gatherer.wizards.com/Handlers/Image.ashx?multiverseid=409746&type=card','2','3','Flying
Whenever you cast a creature spell with converted mana cost 3 or less, investigate. (Create a colorless Clue artifact token with "{2}, Sacrifice this artifact: Draw a card.")');
insert into card_color (id_card, id_color) values (2397,2);
insert into card_type (id_card, id_type) values (2397,1);
insert into card(id, name, manaCost, cmc, rarity_id, set_id, imageUrl, c_power, c_toughness, description) values ('2398','Cathar§s Companion','{2}{W}','10','1','3','//gatherer.wizards.com/Handlers/Image.ashx?multiverseid=409747&type=card','3','1','Whenever you cast a noncreature spell, Cathar§s Companion gains indestructible until end of turn. (Damage and effects that say "destroy" don§t destroy it.)');
insert into card_color (id_card, id_color) values (2398,2);
insert into card_type (id_card, id_type) values (2398,1);
insert into card(id, name, manaCost, cmc, rarity_id, set_id, imageUrl, c_power, c_toughness, description) values ('2399','Chaplain§s Blessing','{W}','10','1','3','//gatherer.wizards.com/Handlers/Image.ashx?multiverseid=409748&type=card','none','none','You gain 5 life.');
insert into card_color (id_card, id_color) values (2399,2);
insert into card_type (id_card, id_type) values (2399,6);
insert into card(id, name, manaCost, cmc, rarity_id, set_id, imageUrl, c_power, c_toughness, description) values ('2400','Dauntless Cathar','{2}{W}','10','1','3','//gatherer.wizards.com/Handlers/Image.ashx?multiverseid=409749&type=card','3','2','{1}{W}, Exile Dauntless Cathar from your graveyard: Create a 1/1 white Spirit creature token with flying. Activate this ability only any time you could cast a sorcery.');
insert into card_color (id_card, id_color) values (2400,2);
insert into card_type (id_card, id_type) values (2400,1);
insert into card(id, name, manaCost, cmc, rarity_id, set_id, imageUrl, c_power, c_toughness, description) values ('2401','Declaration in Stone','{1}{W}','10','3','3','//gatherer.wizards.com/Handlers/Image.ashx?multiverseid=409750&type=card','none','none','Exile target creature and all other creatures its controller controls with the same name as that creature. That player investigates for each nontoken creature exiled this way.');
insert into card_color (id_card, id_color) values (2401,2);
insert into card_type (id_card, id_type) values (2401,6);
insert into card(id, name, manaCost, cmc, rarity_id, set_id, imageUrl, c_power, c_toughness, description) values ('2402','Descend upon the Sinful','{4}{W}{W}','10','4','3','//gatherer.wizards.com/Handlers/Image.ashx?multiverseid=409751&type=card','none','none','Exile all creatures.
Delirium — Create a 4/4 white Angel creature token with flying if there are four or more card types among cards in your graveyard.');
insert into card_color (id_card, id_color) values (2402,2);
insert into card_type (id_card, id_type) values (2402,6);
insert into card(id, name, manaCost, cmc, rarity_id, set_id, imageUrl, c_power, c_toughness, description) values ('2403','Devilthorn Fox','{1}{W}','10','1','3','//gatherer.wizards.com/Handlers/Image.ashx?multiverseid=409752&type=card','3','1','null');
insert into card_color (id_card, id_color) values (2403,2);
insert into card_type (id_card, id_type) values (2403,1);
insert into card(id, name, manaCost, cmc, rarity_id, set_id, imageUrl, c_power, c_toughness, description) values ('2404','Drogskol Cavalry','{5}{W}{W}','10','3','3','//gatherer.wizards.com/Handlers/Image.ashx?multiverseid=409753&type=card','4','4','Flying
Whenever another Spirit enters the battlefield under your control, you gain 2 life.
{3}{W}: Create a 1/1 white Spirit creature token with flying.');
insert into card_color (id_card, id_color) values (2404,2);
insert into card_type (id_card, id_type) values (2404,1);
insert into card(id, name, manaCost, cmc, rarity_id, set_id, imageUrl, c_power, c_toughness, description) values ('2405','Eerie Interlude','{2}{W}','10','3','3','//gatherer.wizards.com/Handlers/Image.ashx?multiverseid=409754&type=card','none','none','Exile any number of target creatures you control. Return those cards to the battlefield under their owner§s control at the beginning of the next end step.');
insert into card_color (id_card, id_color) values (2405,2);
insert into card_type (id_card, id_type) values (2405,7);
insert into card(id, name, manaCost, cmc, rarity_id, set_id, imageUrl, c_power, c_toughness, description) values ('2406','Emissary of the Sleepless','{4}{W}','10','1','3','//gatherer.wizards.com/Handlers/Image.ashx?multiverseid=409755&type=card','2','4','Flying
When Emissary of the Sleepless enters the battlefield, if a creature died this turn, create a 1/1 white Spirit creature token with flying.');
insert into card_color (id_card, id_color) values (2406,2);
insert into card_type (id_card, id_type) values (2406,1);
insert into card(id, name, manaCost, cmc, rarity_id, set_id, imageUrl, c_power, c_toughness, description) values ('2407','Ethereal Guidance','{2}{W}','10','1','3','//gatherer.wizards.com/Handlers/Image.ashx?multiverseid=409756&type=card','none','none','Creatures you control get +2/+1 until end of turn.');
insert into card_color (id_card, id_color) values (2407,2);
insert into card_type (id_card, id_type) values (2407,6);
insert into card(id, name, manaCost, cmc, rarity_id, set_id, imageUrl, c_power, c_toughness, description) values ('2408','Expose Evil','{1}{W}','10','1','3','//gatherer.wizards.com/Handlers/Image.ashx?multiverseid=409757&type=card','none','none','Tap up to two target creatures.
Investigate. (Create a colorless Clue artifact token with "{2}, Sacrifice this artifact: Draw a card.")');
insert into card_color (id_card, id_color) values (2408,2);
insert into card_type (id_card, id_type) values (2408,7);
insert into card(id, name, manaCost, cmc, rarity_id, set_id, imageUrl, c_power, c_toughness, description) values ('2409','Gryff§s Boon','{W}','10','2','3','//gatherer.wizards.com/Handlers/Image.ashx?multiverseid=409758&type=card','none','none','Enchant creature
Enchanted creature gets +1/+0 and has flying.
{3}{W}: Return Gryff§s Boon from your graveyard to the battlefield attached to target creature. Activate this ability only any time you could cast a sorcery.');
insert into card_color (id_card, id_color) values (2409,2);
insert into card_type (id_card, id_type) values (2409,4);
insert into card(id, name, manaCost, cmc, rarity_id, set_id, imageUrl, c_power, c_toughness, description) values ('2410','Hanweir Militia Captain','{1}{W}','10','3','3','//gatherer.wizards.com/Handlers/Image.ashx?multiverseid=409759&type=card','2','2','At the beginning of your upkeep, if you control four or more creatures, transform Hanweir Militia Captain.');
insert into card_color (id_card, id_color) values (2410,2);
insert into card_type (id_card, id_type) values (2410,1);
insert into card(id, name, manaCost, cmc, rarity_id, set_id, imageUrl, c_power, c_toughness, description) values ('2411','Westvale Cult Leader','null','10','3','3','//gatherer.wizards.com/Handlers/Image.ashx?multiverseid=409760&type=card','*','*','Westvale Cult Leader§s power and toughness are each equal to the number of creatures you control.
At the beginning of your end step, create a 1/1 white and black Human Cleric creature token.');
insert into card_color (id_card, id_color) values (2411,2);
insert into card_type (id_card, id_type) values (2411,1);
insert into card(id, name, manaCost, cmc, rarity_id, set_id, imageUrl, c_power, c_toughness, description) values ('2412','Hope Against Hope','{2}{W}','10','2','3','//gatherer.wizards.com/Handlers/Image.ashx?multiverseid=409761&type=card','none','none','Enchant creature
Enchanted creature gets +1/+1 for each creature you control.
As long as enchanted creature is a Human, it has first strike.');
insert into card_color (id_card, id_color) values (2412,2);
insert into card_type (id_card, id_type) values (2412,4);
insert into card(id, name, manaCost, cmc, rarity_id, set_id, imageUrl, c_power, c_toughness, description) values ('2413','Humble the Brute','{4}{W}','10','2','3','//gatherer.wizards.com/Handlers/Image.ashx?multiverseid=409762&type=card','none','none','Destroy target creature with power 4 or greater.
Investigate. (Create a colorless Clue artifact token with "{2}, Sacrifice this artifact: Draw a card.")');
insert into card_color (id_card, id_color) values (2413,2);
insert into card_type (id_card, id_type) values (2413,7);
insert into card(id, name, manaCost, cmc, rarity_id, set_id, imageUrl, c_power, c_toughness, description) values ('2414','Inquisitor§s Ox','{3}{W}','10','1','3','//gatherer.wizards.com/Handlers/Image.ashx?multiverseid=409763&type=card','2','5','Delirium — Inquisitor§s Ox gets +1/+0 and has vigilance as long as there are four or more card types among cards in your graveyard.');
insert into card_color (id_card, id_color) values (2414,2);
insert into card_type (id_card, id_type) values (2414,1);
insert into card(id, name, manaCost, cmc, rarity_id, set_id, imageUrl, c_power, c_toughness, description) values ('2415','Inspiring Captain','{3}{W}','10','1','3','//gatherer.wizards.com/Handlers/Image.ashx?multiverseid=409764&type=card','3','3','When Inspiring Captain enters the battlefield, creatures you control get +1/+1 until end of turn.');
insert into card_color (id_card, id_color) values (2415,2);
insert into card_type (id_card, id_type) values (2415,1);
insert into card(id, name, manaCost, cmc, rarity_id, set_id, imageUrl, c_power, c_toughness, description) values ('2416','Militant Inquisitor','{2}{W}','10','1','3','//gatherer.wizards.com/Handlers/Image.ashx?multiverseid=409765&type=card','2','3','Militant Inquisitor gets +1/+0 for each Equipment you control.');
insert into card_color (id_card, id_color) values (2416,2);
insert into card_type (id_card, id_type) values (2416,1);
insert into card(id, name, manaCost, cmc, rarity_id, set_id, imageUrl, c_power, c_toughness, description) values ('2417','Moorland Drifter','{1}{W}','10','1','3','//gatherer.wizards.com/Handlers/Image.ashx?multiverseid=409766&type=card','2','2','Delirium — Moorland Drifter has flying as long as there are four or more card types among cards in your graveyard.');
insert into card_color (id_card, id_color) values (2417,2);
insert into card_type (id_card, id_type) values (2417,1);
insert into card(id, name, manaCost, cmc, rarity_id, set_id, imageUrl, c_power, c_toughness, description) values ('2418','Nahiri§s Machinations','{1}{W}','10','2','3','//gatherer.wizards.com/Handlers/Image.ashx?multiverseid=409767&type=card','none','none','At the beginning of combat on your turn, target creature you control gains indestructible until end of turn.
{1}{R}: Nahiri§s Machinations deals 1 damage to target blocking creature.');
insert into card_color (id_card, id_color) values (2418,2);
insert into card_color (id_card, id_color) values (2418,4);
insert into card_type (id_card, id_type) values (2418,4);
insert into card(id, name, manaCost, cmc, rarity_id, set_id, imageUrl, c_power, c_toughness, description) values ('2419','Nearheath Chaplain','{3}{W}','10','2','3','//gatherer.wizards.com/Handlers/Image.ashx?multiverseid=409768&type=card','3','1','Lifelink
{2}{W}, Exile Nearheath Chaplain from your graveyard: Create two 1/1 white Spirit creature tokens with flying. Activate this ability only any time you could cast a sorcery.');
insert into card_color (id_card, id_color) values (2419,2);
insert into card_type (id_card, id_type) values (2419,1);
insert into card(id, name, manaCost, cmc, rarity_id, set_id, imageUrl, c_power, c_toughness, description) values ('2420','Not Forgotten','{1}{W}','10','2','3','//gatherer.wizards.com/Handlers/Image.ashx?multiverseid=409769&type=card','none','none','Put target card from a graveyard on the top or bottom of its owner§s library. Create a 1/1 white Spirit creature token with flying.');
insert into card_color (id_card, id_color) values (2420,2);
insert into card_type (id_card, id_type) values (2420,6);
insert into card(id, name, manaCost, cmc, rarity_id, set_id, imageUrl, c_power, c_toughness, description) values ('2421','Odric, Lunarch Marshal','{3}{W}','10','3','3','//gatherer.wizards.com/Handlers/Image.ashx?multiverseid=409770&type=card','3','3','At the beginning of each combat, creatures you control gain first strike until end of turn if a creature you control has first strike. The same is true for flying, deathtouch, double strike, haste, hexproof, indestructible, lifelink, menace, reach, skulk, trample, and vigilance.');
insert into card_color (id_card, id_color) values (2421,2);
insert into card_type (id_card, id_type) values (2421,1);
insert into card_supertype (id_card, id_supertype) values (2421,3);
insert into card(id, name, manaCost, cmc, rarity_id, set_id, imageUrl, c_power, c_toughness, description) values ('2422','Open the Armory','{1}{W}','10','2','3','//gatherer.wizards.com/Handlers/Image.ashx?multiverseid=409771&type=card','none','none','Search your library for an Aura or Equipment card, reveal it, and put it into your hand. Then shuffle your library.');
insert into card_color (id_card, id_color) values (2422,2);
insert into card_type (id_card, id_type) values (2422,6);
insert into card(id, name, manaCost, cmc, rarity_id, set_id, imageUrl, c_power, c_toughness, description) values ('2423','Paranoid Parish-Blade','{2}{W}','10','2','3','//gatherer.wizards.com/Handlers/Image.ashx?multiverseid=409772&type=card','3','2','Delirium — Paranoid Parish-Blade gets +1/+0 and has first strike as long as there are four or more card types among cards in your graveyard.');
insert into card_color (id_card, id_color) values (2423,2);
insert into card_type (id_card, id_type) values (2423,1);
insert into card(id, name, manaCost, cmc, rarity_id, set_id, imageUrl, c_power, c_toughness, description) values ('2424','Pious Evangel','{2}{W}','10','2','3','//gatherer.wizards.com/Handlers/Image.ashx?multiverseid=409773&type=card','2','2','Whenever Pious Evangel or another creature enters the battlefield under your control, you gain 1 life.
{2}, {T}, Sacrifice another permanent: Transform Pious Evangel.');
insert into card_color (id_card, id_color) values (2424,2);
insert into card_color (id_card, id_color) values (2424,3);
insert into card_type (id_card, id_type) values (2424,1);
insert into card(id, name, manaCost, cmc, rarity_id, set_id, imageUrl, c_power, c_toughness, description) values ('2425','Wayward Disciple','null','10','2','3','//gatherer.wizards.com/Handlers/Image.ashx?multiverseid=409774&type=card','2','4','Whenever Wayward Disciple or another creature you control dies, target opponent loses 1 life and you gain 1 life.');
insert into card_color (id_card, id_color) values (2425,2);
insert into card_color (id_card, id_color) values (2425,3);
insert into card_type (id_card, id_type) values (2425,1);
insert into card(id, name, manaCost, cmc, rarity_id, set_id, imageUrl, c_power, c_toughness, description) values ('2426','Puncturing Light','{1}{W}','10','1','3','//gatherer.wizards.com/Handlers/Image.ashx?multiverseid=409775&type=card','none','none','Destroy target attacking or blocking creature with power 3 or less.');
insert into card_color (id_card, id_color) values (2426,2);
insert into card_type (id_card, id_type) values (2426,7);
insert into card(id, name, manaCost, cmc, rarity_id, set_id, imageUrl, c_power, c_toughness, description) values ('2427','Reaper of Flight Moonsilver','{3}{W}{W}','10','2','3','//gatherer.wizards.com/Handlers/Image.ashx?multiverseid=409776&type=card','3','3','Flying
Delirium — Sacrifice another creature: Reaper of Flight Moonsilver gets +2/+1 until end of turn. Activate this ability only if there are four or more card types among cards in your graveyard.');
insert into card_color (id_card, id_color) values (2427,2);
insert into card_type (id_card, id_type) values (2427,1);
insert into card(id, name, manaCost, cmc, rarity_id, set_id, imageUrl, c_power, c_toughness, description) values ('2428','Silverstrike','{3}{W}','10','2','3','//gatherer.wizards.com/Handlers/Image.ashx?multiverseid=409777&type=card','none','none','Destroy target attacking creature. You gain 3 life.');
insert into card_color (id_card, id_color) values (2428,2);
insert into card_type (id_card, id_type) values (2428,7);
insert into card(id, name, manaCost, cmc, rarity_id, set_id, imageUrl, c_power, c_toughness, description) values ('2429','Spectral Shepherd','{2}{W}','10','2','3','//gatherer.wizards.com/Handlers/Image.ashx?multiverseid=409778&type=card','2','2','Flying
{1}{U}: Return target Spirit you control to its owner§s hand.');
insert into card_color (id_card, id_color) values (2429,2);
insert into card_color (id_card, id_color) values (2429,6);
insert into card_type (id_card, id_type) values (2429,1);
insert into card(id, name, manaCost, cmc, rarity_id, set_id, imageUrl, c_power, c_toughness, description) values ('2430','Stern Constable','{W}','10','1','3','//gatherer.wizards.com/Handlers/Image.ashx?multiverseid=409779&type=card','1','1','{T}, Discard a card: Tap target creature.');
insert into card_color (id_card, id_color) values (2430,2);
insert into card_type (id_card, id_type) values (2430,1);
insert into card(id, name, manaCost, cmc, rarity_id, set_id, imageUrl, c_power, c_toughness, description) values ('2431','Strength of Arms','{W}','10','1','3','//gatherer.wizards.com/Handlers/Image.ashx?multiverseid=409780&type=card','none','none','Target creature gets +2/+2 until end of turn. If you control an Equipment, create a 1/1 white Human Soldier creature token.');
insert into card_color (id_card, id_color) values (2431,2);
insert into card_type (id_card, id_type) values (2431,7);
insert into card(id, name, manaCost, cmc, rarity_id, set_id, imageUrl, c_power, c_toughness, description) values ('2432','Survive the Night','{2}{W}','10','1','3','//gatherer.wizards.com/Handlers/Image.ashx?multiverseid=409781&type=card','none','none','Target creature gets +1/+0 and gains indestructible until end of turn. (Damage and effects that say "destroy" don§t destroy it.)
Investigate. (Create a colorless Clue artifact token with "{2}, Sacrifice this artifact: Draw a card.")');
insert into card_color (id_card, id_color) values (2432,2);
insert into card_type (id_card, id_type) values (2432,7);
insert into card(id, name, manaCost, cmc, rarity_id, set_id, imageUrl, c_power, c_toughness, description) values ('2433','Tenacity','{3}{W}','10','2','3','//gatherer.wizards.com/Handlers/Image.ashx?multiverseid=409782&type=card','none','none','Creatures you control get +1/+1 and gain lifelink until end of turn. Untap those creatures.');
insert into card_color (id_card, id_color) values (2433,2);
insert into card_type (id_card, id_type) values (2433,7);
insert into card(id, name, manaCost, cmc, rarity_id, set_id, imageUrl, c_power, c_toughness, description) values ('2434','Thalia§s Lieutenant','{1}{W}','10','3','3','//gatherer.wizards.com/Handlers/Image.ashx?multiverseid=409783&type=card','1','1','When Thalia§s Lieutenant enters the battlefield, put a +1/+1 counter on each other Human you control.
Whenever another Human enters the battlefield under your control, put a +1/+1 counter on Thalia§s Lieutenant.');
insert into card_color (id_card, id_color) values (2434,2);
insert into card_type (id_card, id_type) values (2434,1);
insert into card(id, name, manaCost, cmc, rarity_id, set_id, imageUrl, c_power, c_toughness, description) values ('2435','Thraben Inspector','{W}','10','1','3','//gatherer.wizards.com/Handlers/Image.ashx?multiverseid=409784&type=card','1','2','When Thraben Inspector enters the battlefield, investigate. (Create a colorless Clue artifact token with "{2}, Sacrifice this artifact: Draw a card.")');
insert into card_color (id_card, id_color) values (2435,2);
insert into card_type (id_card, id_type) values (2435,1);
insert into card(id, name, manaCost, cmc, rarity_id, set_id, imageUrl, c_power, c_toughness, description) values ('2436','Topplegeist','{W}','10','2','3','//gatherer.wizards.com/Handlers/Image.ashx?multiverseid=409785&type=card','1','1','Flying
When Topplegeist enters the battlefield, tap target creature an opponent controls.
Delirium — At the beginning of each opponent§s upkeep, if there are four or more card types among cards in your graveyard, tap target creature that player controls.');
insert into card_color (id_card, id_color) values (2436,2);
insert into card_type (id_card, id_type) values (2436,1);
insert into card(id, name, manaCost, cmc, rarity_id, set_id, imageUrl, c_power, c_toughness, description) values ('2437','Town Gossipmonger','{W}','10','2','3','//gatherer.wizards.com/Handlers/Image.ashx?multiverseid=409786&type=card','1','1','{T}, Tap an untapped creature you control: Transform Town Gossipmonger.');
insert into card_color (id_card, id_color) values (2437,2);
insert into card_color (id_card, id_color) values (2437,4);
insert into card_type (id_card, id_type) values (2437,1);
insert into card(id, name, manaCost, cmc, rarity_id, set_id, imageUrl, c_power, c_toughness, description) values ('2438','Incited Rabble','null','10','2','3','//gatherer.wizards.com/Handlers/Image.ashx?multiverseid=409787&type=card','2','3','Incited Rabble attacks each combat if able.
{2}: Incited Rabble gets +1/+0 until end of turn.');
insert into card_color (id_card, id_color) values (2438,2);
insert into card_color (id_card, id_color) values (2438,4);
insert into card_type (id_card, id_type) values (2438,1);
insert into card(id, name, manaCost, cmc, rarity_id, set_id, imageUrl, c_power, c_toughness, description) values ('2439','Unruly Mob','{1}{W}','10','1','3','//gatherer.wizards.com/Handlers/Image.ashx?multiverseid=409788&type=card','1','1','Whenever another creature you control dies, put a +1/+1 counter on Unruly Mob.');
insert into card_color (id_card, id_color) values (2439,2);
insert into card_type (id_card, id_type) values (2439,1);
insert into card(id, name, manaCost, cmc, rarity_id, set_id, imageUrl, c_power, c_toughness, description) values ('2440','Vessel of Ephemera','{1}{W}','10','1','3','//gatherer.wizards.com/Handlers/Image.ashx?multiverseid=409789&type=card','none','none','{2}{W}, Sacrifice Vessel of Ephemera: Create two 1/1 white Spirit creature tokens with flying.');
insert into card_color (id_card, id_color) values (2440,2);
insert into card_type (id_card, id_type) values (2440,4);
insert into card(id, name, manaCost, cmc, rarity_id, set_id, imageUrl, c_power, c_toughness, description) values ('2441','Aberrant Researcher','{3}{U}','10','2','3','//gatherer.wizards.com/Handlers/Image.ashx?multiverseid=409790&type=card','3','2','Flying
At the beginning of your upkeep, put the top card of your library into your graveyard. If it§s an instant or sorcery card, transform Aberrant Researcher.');
insert into card_color (id_card, id_color) values (2441,6);
insert into card_type (id_card, id_type) values (2441,1);
insert into card(id, name, manaCost, cmc, rarity_id, set_id, imageUrl, c_power, c_toughness, description) values ('2442','Perfected Form','null','10','2','3','//gatherer.wizards.com/Handlers/Image.ashx?multiverseid=409791&type=card','5','4','Flying');
insert into card_color (id_card, id_color) values (2442,6);
insert into card_type (id_card, id_type) values (2442,1);
insert into card(id, name, manaCost, cmc, rarity_id, set_id, imageUrl, c_power, c_toughness, description) values ('2443','Broken Concentration','{1}{U}{U}','10','2','3','//gatherer.wizards.com/Handlers/Image.ashx?multiverseid=409792&type=card','none','none','Counter target spell.
Madness {3}{U} (If you discard this card, discard it into exile. When you do, cast it for its madness cost or put it into your graveyard.)');
insert into card_color (id_card, id_color) values (2443,6);
insert into card_type (id_card, id_type) values (2443,7);
insert into card(id, name, manaCost, cmc, rarity_id, set_id, imageUrl, c_power, c_toughness, description) values ('2444','Catalog','{2}{U}','10','1','3','//gatherer.wizards.com/Handlers/Image.ashx?multiverseid=409793&type=card','none','none','Draw two cards, then discard a card.');
insert into card_color (id_card, id_color) values (2444,6);
insert into card_type (id_card, id_type) values (2444,7);
insert into card(id, name, manaCost, cmc, rarity_id, set_id, imageUrl, c_power, c_toughness, description) values ('2445','Compelling Deterrence','{1}{U}','10','2','3','//gatherer.wizards.com/Handlers/Image.ashx?multiverseid=409794&type=card','none','none','Return target nonland permanent to its owner§s hand. Then that player discards a card if you control a Zombie.');
insert into card_color (id_card, id_color) values (2445,6);
insert into card_type (id_card, id_type) values (2445,7);
insert into card(id, name, manaCost, cmc, rarity_id, set_id, imageUrl, c_power, c_toughness, description) values ('2446','Confirm Suspicions','{3}{U}{U}','10','3','3','//gatherer.wizards.com/Handlers/Image.ashx?multiverseid=409795&type=card','none','none','Counter target spell.
Investigate three times. (To investigate, create a colorless Clue artifact token with "{2}, Sacrifice this artifact: Draw a card.")');
insert into card_color (id_card, id_color) values (2446,6);
insert into card_type (id_card, id_type) values (2446,7);
insert into card(id, name, manaCost, cmc, rarity_id, set_id, imageUrl, c_power, c_toughness, description) values ('2447','Daring Sleuth','{1}{U}','10','2','3','//gatherer.wizards.com/Handlers/Image.ashx?multiverseid=409796&type=card','2','1','When you sacrifice a Clue, transform Daring Sleuth.');
insert into card_color (id_card, id_color) values (2447,6);
insert into card_type (id_card, id_type) values (2447,1);
insert into card(id, name, manaCost, cmc, rarity_id, set_id, imageUrl, c_power, c_toughness, description) values ('2448','Bearer of Overwhelming Truths','null','10','2','3','//gatherer.wizards.com/Handlers/Image.ashx?multiverseid=409797&type=card','3','2','Prowess (Whenever you cast a noncreature spell, this creature gets +1/+1 until end of turn.)
Whenever Bearer of Overwhelming Truths deals combat damage to a player, investigate. (Create a colorless Clue artifact token with "{2}, Sacrifice this artifact: Draw a card.")');
insert into card_color (id_card, id_color) values (2448,6);
insert into card_type (id_card, id_type) values (2448,1);
insert into card(id, name, manaCost, cmc, rarity_id, set_id, imageUrl, c_power, c_toughness, description) values ('2449','Deny Existence','{2}{U}','10','1','3','//gatherer.wizards.com/Handlers/Image.ashx?multiverseid=409798&type=card','none','none','Counter target creature spell. If that spell is countered this way, exile it instead of putting it into its owner§s graveyard.');
insert into card_color (id_card, id_color) values (2449,6);
insert into card_type (id_card, id_type) values (2449,7);
insert into card(id, name, manaCost, cmc, rarity_id, set_id, imageUrl, c_power, c_toughness, description) values ('2450','Drownyard Explorers','{3}{U}','10','1','3','//gatherer.wizards.com/Handlers/Image.ashx?multiverseid=409799&type=card','2','4','When Drownyard Explorers enters the battlefield, investigate. (Create a colorless Clue artifact token with "{2}, Sacrifice this artifact: Draw a card.")');
insert into card_color (id_card, id_color) values (2450,6);
insert into card_type (id_card, id_type) values (2450,1);
insert into card(id, name, manaCost, cmc, rarity_id, set_id, imageUrl, c_power, c_toughness, description) values ('2451','Drunau Corpse Trawler','{3}{U}','10','2','3','//gatherer.wizards.com/Handlers/Image.ashx?multiverseid=409800&type=card','1','1','When Drunau Corpse Trawler enters the battlefield, create a 2/2 black Zombie creature token.
{2}{B}: Target Zombie gains deathtouch until end of turn.');
insert into card_color (id_card, id_color) values (2451,6);
insert into card_color (id_card, id_color) values (2451,3);
insert into card_type (id_card, id_type) values (2451,1);
insert into card(id, name, manaCost, cmc, rarity_id, set_id, imageUrl, c_power, c_toughness, description) values ('2452','Engulf the Shore','{3}{U}','10','3','3','//gatherer.wizards.com/Handlers/Image.ashx?multiverseid=409801&type=card','none','none','Return to their owners§ hands all creatures with toughness less than or equal to the number of Islands you control.');
insert into card_color (id_card, id_color) values (2452,6);
insert into card_type (id_card, id_type) values (2452,7);
insert into card(id, name, manaCost, cmc, rarity_id, set_id, imageUrl, c_power, c_toughness, description) values ('2453','Epiphany at the Drownyard','{X}{U}','10','3','3','//gatherer.wizards.com/Handlers/Image.ashx?multiverseid=409802&type=card','none','none','Reveal the top X plus one cards of your library and separate them into two piles. An opponent chooses one of those piles. Put that pile into your hand and the other into your graveyard.');
insert into card_color (id_card, id_color) values (2453,6);
insert into card_type (id_card, id_type) values (2453,7);
insert into card(id, name, manaCost, cmc, rarity_id, set_id, imageUrl, c_power, c_toughness, description) values ('2454','Erdwal Illuminator','{1}{U}','10','2','3','//gatherer.wizards.com/Handlers/Image.ashx?multiverseid=409803&type=card','1','3','Flying
Whenever you investigate for the first time each turn, investigate an additional time.');
insert into card_color (id_card, id_color) values (2454,6);
insert into card_type (id_card, id_type) values (2454,1);
insert into card(id, name, manaCost, cmc, rarity_id, set_id, imageUrl, c_power, c_toughness, description) values ('2455','Essence Flux','{U}','10','2','3','//gatherer.wizards.com/Handlers/Image.ashx?multiverseid=409804&type=card','none','none','Exile target creature you control, then return that card to the battlefield under its owner§s control. If it§s a Spirit, put a +1/+1 counter on it.');
insert into card_color (id_card, id_color) values (2455,6);
insert into card_type (id_card, id_type) values (2455,7);
insert into card(id, name, manaCost, cmc, rarity_id, set_id, imageUrl, c_power, c_toughness, description) values ('2456','Fleeting Memories','{2}{U}','10','2','3','//gatherer.wizards.com/Handlers/Image.ashx?multiverseid=409805&type=card','none','none','When Fleeting Memories enters the battlefield, investigate. (Create a colorless Clue artifact token with "{2}, Sacrifice this artifact: Draw a card.")
Whenever you sacrifice a Clue, target player puts the top three cards of his or her library into his or her graveyard.');
insert into card_color (id_card, id_color) values (2456,6);
insert into card_type (id_card, id_type) values (2456,4);
insert into card(id, name, manaCost, cmc, rarity_id, set_id, imageUrl, c_power, c_toughness, description) values ('2457','Forgotten Creation','{3}{U}','10','3','3','//gatherer.wizards.com/Handlers/Image.ashx?multiverseid=409806&type=card','3','3','Skulk (This creature can§t be blocked by creatures with greater power.)
At the beginning of your upkeep, you may discard all the cards in your hand. If you do, draw that many cards.');
insert into card_color (id_card, id_color) values (2457,6);
insert into card_type (id_card, id_type) values (2457,1);
insert into card(id, name, manaCost, cmc, rarity_id, set_id, imageUrl, c_power, c_toughness, description) values ('2458','Furtive Homunculus','{1}{U}','10','1','3','//gatherer.wizards.com/Handlers/Image.ashx?multiverseid=409807&type=card','2','1','Skulk (This creature can§t be blocked by creatures with greater power.)');
insert into card_color (id_card, id_color) values (2458,6);
insert into card_type (id_card, id_type) values (2458,1);
insert into card(id, name, manaCost, cmc, rarity_id, set_id, imageUrl, c_power, c_toughness, description) values ('2459','Geralf§s Masterpiece','{3}{U}{U}','10','4','3','//gatherer.wizards.com/Handlers/Image.ashx?multiverseid=409808&type=card','7','7','Flying
Geralf§s Masterpiece gets -1/-1 for each card in your hand.
{3}{U}, Discard three cards: Return Geralf§s Masterpiece from your graveyard to the battlefield tapped.');
insert into card_color (id_card, id_color) values (2459,6);
insert into card_type (id_card, id_type) values (2459,1);
insert into card(id, name, manaCost, cmc, rarity_id, set_id, imageUrl, c_power, c_toughness, description) values ('2460','Ghostly Wings','{1}{U}','10','1','3','//gatherer.wizards.com/Handlers/Image.ashx?multiverseid=409809&type=card','none','none','Enchant creature
Enchanted creature gets +1/+1 and has flying.
Discard a card: Return enchanted creature to its owner§s hand.');
insert into card_color (id_card, id_color) values (2460,6);
insert into card_type (id_card, id_type) values (2460,4);
insert into card(id, name, manaCost, cmc, rarity_id, set_id, imageUrl, c_power, c_toughness, description) values ('2461','Gone Missing','{4}{U}','10','1','3','//gatherer.wizards.com/Handlers/Image.ashx?multiverseid=409810&type=card','none','none','Put target permanent on top of its owner§s library.
Investigate. (Create a colorless Clue artifact token with "{2}, Sacrifice this artifact: Draw a card.")');
insert into card_color (id_card, id_color) values (2461,6);
insert into card_type (id_card, id_type) values (2461,6);
insert into card(id, name, manaCost, cmc, rarity_id, set_id, imageUrl, c_power, c_toughness, description) values ('2462','Invasive Surgery','{U}','10','2','3','//gatherer.wizards.com/Handlers/Image.ashx?multiverseid=409811&type=card','none','none','Counter target sorcery spell.
Delirium — If there are four or more card types among cards in your graveyard, search the graveyard, hand, and library of that spell§s controller for any number of cards with the same name as that spell, exile those cards, then that player shuffles his or her library.');
insert into card_color (id_card, id_color) values (2462,6);
insert into card_type (id_card, id_type) values (2462,7);
insert into card(id, name, manaCost, cmc, rarity_id, set_id, imageUrl, c_power, c_toughness, description) values ('2463','Jace, Unraveler of Secrets','{3}{U}{U}','10','4','3','//gatherer.wizards.com/Handlers/Image.ashx?multiverseid=409812&type=card','none','none','+1: Scry 1, then draw a card.
−2: Return target creature to its owner§s hand.
−8: You get an emblem with "Whenever an opponent casts his or her first spell each turn, counter that spell."');
insert into card_color (id_card, id_color) values (2463,6);
insert into card_type (id_card, id_type) values (2463,5);
insert into card(id, name, manaCost, cmc, rarity_id, set_id, imageUrl, c_power, c_toughness, description) values ('2464','Jace§s Scrutiny','{1}{U}','10','1','3','//gatherer.wizards.com/Handlers/Image.ashx?multiverseid=409813&type=card','none','none','Target creature gets -4/-0 until end of turn.
Investigate. (Create a colorless Clue artifact token with "{2}, Sacrifice this artifact: Draw a card.")');
insert into card_color (id_card, id_color) values (2464,6);
insert into card_type (id_card, id_type) values (2464,7);
insert into card(id, name, manaCost, cmc, rarity_id, set_id, imageUrl, c_power, c_toughness, description) values ('2465','Just the Wind','{1}{U}','10','1','3','//gatherer.wizards.com/Handlers/Image.ashx?multiverseid=409814&type=card','none','none','Return target creature to its owner§s hand.
Madness {U} (If you discard this card, discard it into exile. When you do, cast it for its madness cost or put it into your graveyard.)');
insert into card_color (id_card, id_color) values (2465,6);
insert into card_type (id_card, id_type) values (2465,7);
insert into card(id, name, manaCost, cmc, rarity_id, set_id, imageUrl, c_power, c_toughness, description) values ('2466','Lamplighter of Selhoff','{4}{U}','10','1','3','//gatherer.wizards.com/Handlers/Image.ashx?multiverseid=409815&type=card','3','5','When Lamplighter of Selhoff enters the battlefield, if you control another Zombie, you may draw a card. If you do, discard a card.');
insert into card_color (id_card, id_color) values (2466,6);
insert into card_type (id_card, id_type) values (2466,1);
insert into card(id, name, manaCost, cmc, rarity_id, set_id, imageUrl, c_power, c_toughness, description) values ('2467','Manic Scribe','{1}{U}','10','2','3','//gatherer.wizards.com/Handlers/Image.ashx?multiverseid=409816&type=card','0','3','When Manic Scribe enters the battlefield, each opponent puts the top three cards of his or her library into his or her graveyard.
Delirium — At the beginning of each opponent§s upkeep, if there are four or more card types among cards in your graveyard, that player puts the top three cards of his or her library into his or her graveyard.');
insert into card_color (id_card, id_color) values (2467,6);
insert into card_type (id_card, id_type) values (2467,1);
insert into card(id, name, manaCost, cmc, rarity_id, set_id, imageUrl, c_power, c_toughness, description) values ('2468','Nagging Thoughts','{1}{U}','10','1','3','//gatherer.wizards.com/Handlers/Image.ashx?multiverseid=409817&type=card','none','none','Look at the top two cards of your library. Put one of them into your hand and the other into your graveyard.
Madness {1}{U} (If you discard this card, discard it into exile. When you do, cast it for its madness cost or put it into your graveyard.)');
insert into card_color (id_card, id_color) values (2468,6);
insert into card_type (id_card, id_type) values (2468,6);
insert into card(id, name, manaCost, cmc, rarity_id, set_id, imageUrl, c_power, c_toughness, description) values ('2469','Nephalia Moondrakes','{5}{U}{U}','10','3','3','//gatherer.wizards.com/Handlers/Image.ashx?multiverseid=409818&type=card','5','5','Flying
When Nephalia Moondrakes enters the battlefield, target creature gains flying until end of turn.
{4}{U}{U}, Exile Nephalia Moondrakes from your graveyard: Creatures you control gain flying until end of turn.');
insert into card_color (id_card, id_color) values (2469,6);
insert into card_type (id_card, id_type) values (2469,1);
insert into card(id, name, manaCost, cmc, rarity_id, set_id, imageUrl, c_power, c_toughness, description) values ('2470','Niblis of Dusk','{2}{U}','10','1','3','//gatherer.wizards.com/Handlers/Image.ashx?multiverseid=409819&type=card','2','1','Flying
Prowess (Whenever you cast a noncreature spell, this creature gets +1/+1 until end of turn.)');
insert into card_color (id_card, id_color) values (2470,6);
insert into card_type (id_card, id_type) values (2470,1);
insert into card(id, name, manaCost, cmc, rarity_id, set_id, imageUrl, c_power, c_toughness, description) values ('2471','Ongoing Investigation','{1}{U}','10','2','3','//gatherer.wizards.com/Handlers/Image.ashx?multiverseid=409820&type=card','none','none','Whenever one or more creatures you control deal combat damage to a player, investigate. (Create a colorless Clue artifact token with "{2}, Sacrifice this artifact: Draw a card.")
{1}{G}, Exile a creature card from your graveyard: Investigate. You gain 2 life.');
insert into card_color (id_card, id_color) values (2471,6);
insert into card_color (id_card, id_color) values (2471,5);
insert into card_type (id_card, id_type) values (2471,4);
insert into card(id, name, manaCost, cmc, rarity_id, set_id, imageUrl, c_power, c_toughness, description) values ('2472','Pieces of the Puzzle','{2}{U}','10','1','3','//gatherer.wizards.com/Handlers/Image.ashx?multiverseid=409821&type=card','none','none','Reveal the top five cards of your library. Put up to two instant and/or sorcery cards from among them into your hand and the rest into your graveyard.');
insert into card_color (id_card, id_color) values (2472,6);
insert into card_type (id_card, id_type) values (2472,6);
insert into card(id, name, manaCost, cmc, rarity_id, set_id, imageUrl, c_power, c_toughness, description) values ('2473','Pore Over the Pages','{3}{U}{U}','10','2','3','//gatherer.wizards.com/Handlers/Image.ashx?multiverseid=409822&type=card','none','none','Draw three cards, untap up to two lands, then discard a card.');
insert into card_color (id_card, id_color) values (2473,6);
insert into card_type (id_card, id_type) values (2473,6);
insert into card(id, name, manaCost, cmc, rarity_id, set_id, imageUrl, c_power, c_toughness, description) values ('2474','Press for Answers','{1}{U}','10','1','3','//gatherer.wizards.com/Handlers/Image.ashx?multiverseid=409823&type=card','none','none','Tap target creature. It doesn§t untap during its controller§s next untap step.
Investigate. (Create a colorless Clue artifact token with "{2}, Sacrifice this artifact: Draw a card.")');
insert into card_color (id_card, id_color) values (2474,6);
insert into card_type (id_card, id_type) values (2474,6);
insert into card(id, name, manaCost, cmc, rarity_id, set_id, imageUrl, c_power, c_toughness, description) values ('2475','Rattlechains','{1}{U}','10','3','3','//gatherer.wizards.com/Handlers/Image.ashx?multiverseid=409824&type=card','2','1','Flash
Flying
When Rattlechains enters the battlefield, target Spirit gains hexproof until end of turn.
You may cast Spirit spells as though they had flash.');
insert into card_color (id_card, id_color) values (2475,6);
insert into card_type (id_card, id_type) values (2475,1);
insert into card(id, name, manaCost, cmc, rarity_id, set_id, imageUrl, c_power, c_toughness, description) values ('2476','Reckless Scholar','{2}{U}','10','2','3','//gatherer.wizards.com/Handlers/Image.ashx?multiverseid=409825&type=card','2','1','{T}: Target player draws a card, then discards a card.');
insert into card_color (id_card, id_color) values (2476,6);
insert into card_type (id_card, id_type) values (2476,1);
insert into card(id, name, manaCost, cmc, rarity_id, set_id, imageUrl, c_power, c_toughness, description) values ('2477','Rise from the Tides','{5}{U}','10','2','3','//gatherer.wizards.com/Handlers/Image.ashx?multiverseid=409826&type=card','none','none','Create a tapped 2/2 black Zombie creature token for each instant and sorcery card in your graveyard.');
insert into card_color (id_card, id_color) values (2477,6);
insert into card_type (id_card, id_type) values (2477,6);
insert into card(id, name, manaCost, cmc, rarity_id, set_id, imageUrl, c_power, c_toughness, description) values ('2478','Seagraf Skaab','{1}{U}','10','1','3','//gatherer.wizards.com/Handlers/Image.ashx?multiverseid=409827&type=card','1','3','null');
insert into card_color (id_card, id_color) values (2478,6);
insert into card_type (id_card, id_type) values (2478,1);
insert into card(id, name, manaCost, cmc, rarity_id, set_id, imageUrl, c_power, c_toughness, description) values ('2479','Silburlind Snapper','{5}{U}','10','1','3','//gatherer.wizards.com/Handlers/Image.ashx?multiverseid=409828&type=card','6','6','Silburlind Snapper can§t attack unless you§ve cast a noncreature spell this turn.');
insert into card_color (id_card, id_color) values (2479,6);
insert into card_type (id_card, id_type) values (2479,1);
insert into card(id, name, manaCost, cmc, rarity_id, set_id, imageUrl, c_power, c_toughness, description) values ('2480','Silent Observer','{3}{U}','10','1','3','//gatherer.wizards.com/Handlers/Image.ashx?multiverseid=409829&type=card','1','5','Flying');
insert into card_color (id_card, id_color) values (2480,6);
insert into card_type (id_card, id_type) values (2480,1);
insert into card(id, name, manaCost, cmc, rarity_id, set_id, imageUrl, c_power, c_toughness, description) values ('2481','Sleep Paralysis','{3}{U}','10','1','3','//gatherer.wizards.com/Handlers/Image.ashx?multiverseid=409830&type=card','none','none','Enchant creature
When Sleep Paralysis enters the battlefield, tap enchanted creature.
Enchanted creature doesn§t untap during its controller§s untap step.');
insert into card_color (id_card, id_color) values (2481,6);
insert into card_type (id_card, id_type) values (2481,4);
insert into card(id, name, manaCost, cmc, rarity_id, set_id, imageUrl, c_power, c_toughness, description) values ('2482','Startled Awake','{2}{U}{U}','10','4','3','//gatherer.wizards.com/Handlers/Image.ashx?multiverseid=409831&type=card','none','none','Target opponent puts the top thirteen cards of his or her library into his or her graveyard.
{3}{U}{U}: Put Startled Awake from your graveyard onto the battlefield transformed. Activate this ability only any time you could cast a sorcery.');
insert into card_color (id_card, id_color) values (2482,6);
insert into card_type (id_card, id_type) values (2482,6);
insert into card(id, name, manaCost, cmc, rarity_id, set_id, imageUrl, c_power, c_toughness, description) values ('2483','Persistent Nightmare','null','10','4','3','//gatherer.wizards.com/Handlers/Image.ashx?multiverseid=409832&type=card','1','1','Skulk (This creature can§t be blocked by creatures with greater power.)
When Persistent Nightmare deals combat damage to a player, return it to its owner§s hand.');
insert into card_color (id_card, id_color) values (2483,6);
insert into card_type (id_card, id_type) values (2483,1);
insert into card(id, name, manaCost, cmc, rarity_id, set_id, imageUrl, c_power, c_toughness, description) values ('2484','Stitched Mangler','{2}{U}','10','1','3','//gatherer.wizards.com/Handlers/Image.ashx?multiverseid=409833&type=card','2','3','Stitched Mangler enters the battlefield tapped.
When Stitched Mangler enters the battlefield, tap target creature an opponent controls. That creature doesn§t untap during its controller§s next untap step.');
insert into card_color (id_card, id_color) values (2484,6);
insert into card_type (id_card, id_type) values (2484,1);
insert into card(id, name, manaCost, cmc, rarity_id, set_id, imageUrl, c_power, c_toughness, description) values ('2485','Stitchwing Skaab','{3}{U}','10','2','3','//gatherer.wizards.com/Handlers/Image.ashx?multiverseid=409834&type=card','3','1','Flying
{1}{U}, Discard two cards: Return Stitchwing Skaab from your graveyard to the battlefield tapped.');
insert into card_color (id_card, id_color) values (2485,6);
insert into card_type (id_card, id_type) values (2485,1);
insert into card(id, name, manaCost, cmc, rarity_id, set_id, imageUrl, c_power, c_toughness, description) values ('2486','Stormrider Spirit','{4}{U}','10','1','3','//gatherer.wizards.com/Handlers/Image.ashx?multiverseid=409835&type=card','3','3','Flash (You may cast this spell any time you could cast an instant.)
Flying');
insert into card_color (id_card, id_color) values (2486,6);
insert into card_type (id_card, id_type) values (2486,1);
insert into card(id, name, manaCost, cmc, rarity_id, set_id, imageUrl, c_power, c_toughness, description) values ('2487','Thing in the Ice','{1}{U}','10','3','3','//gatherer.wizards.com/Handlers/Image.ashx?multiverseid=409836&type=card','0','4','Defender
Thing in the Ice enters the battlefield with four ice counters on it.
Whenever you cast an instant or sorcery spell, remove an ice counter from Thing in the Ice. Then if it has no ice counters on it, transform it.');
insert into card_color (id_card, id_color) values (2487,6);
insert into card_type (id_card, id_type) values (2487,1);
insert into card(id, name, manaCost, cmc, rarity_id, set_id, imageUrl, c_power, c_toughness, description) values ('2488','Awoken Horror','null','10','3','3','//gatherer.wizards.com/Handlers/Image.ashx?multiverseid=409837&type=card','7','8','When this creature transforms into Awoken Horror, return all non-Horror creatures to their owners§ hands.');
insert into card_color (id_card, id_color) values (2488,6);
insert into card_type (id_card, id_type) values (2488,1);
insert into card(id, name, manaCost, cmc, rarity_id, set_id, imageUrl, c_power, c_toughness, description) values ('2489','Trail of Evidence','{2}{U}','10','2','3','//gatherer.wizards.com/Handlers/Image.ashx?multiverseid=409838&type=card','none','none','Whenever you cast an instant or sorcery spell, investigate. (Create a colorless Clue artifact token with "{2}, Sacrifice this artifact: Draw a card.")');
insert into card_color (id_card, id_color) values (2489,6);
insert into card_type (id_card, id_type) values (2489,4);
insert into card(id, name, manaCost, cmc, rarity_id, set_id, imageUrl, c_power, c_toughness, description) values ('2490','Uninvited Geist','{2}{U}','10','2','3','//gatherer.wizards.com/Handlers/Image.ashx?multiverseid=409839&type=card','2','2','Skulk (This creature can§t be blocked by creatures with greater power.)
When Uninvited Geist deals combat damage to a player, transform it.');
insert into card_color (id_card, id_color) values (2490,6);
insert into card_type (id_card, id_type) values (2490,1);
insert into card(id, name, manaCost, cmc, rarity_id, set_id, imageUrl, c_power, c_toughness, description) values ('2491','Unimpeded Trespasser','null','10','2','3','//gatherer.wizards.com/Handlers/Image.ashx?multiverseid=409840&type=card','3','3','Unimpeded Trespasser can§t be blocked.');
insert into card_color (id_card, id_color) values (2491,6);
insert into card_type (id_card, id_type) values (2491,1);
insert into card(id, name, manaCost, cmc, rarity_id, set_id, imageUrl, c_power, c_toughness, description) values ('2492','Vessel of Paramnesia','{1}{U}','10','1','3','//gatherer.wizards.com/Handlers/Image.ashx?multiverseid=409841&type=card','none','none','{U}, Sacrifice Vessel of Paramnesia: Target player puts the top three cards of his or her library into his or her graveyard. Draw a card.');
insert into card_color (id_card, id_color) values (2492,6);
insert into card_type (id_card, id_type) values (2492,4);
insert into card(id, name, manaCost, cmc, rarity_id, set_id, imageUrl, c_power, c_toughness, description) values ('2493','Welcome to the Fold','{2}{U}{U}','10','3','3','//gatherer.wizards.com/Handlers/Image.ashx?multiverseid=409842&type=card','none','none','Madness {X}{U}{U} (If you discard this card, discard it into exile. When you do, cast it for its madness cost or put it into your graveyard.)
Gain control of target creature if its toughness is 2 or less. If Welcome to the Fold§s madness cost was paid, instead gain control of that creature if its toughness is X or less.');
insert into card_color (id_card, id_color) values (2493,6);
insert into card_type (id_card, id_type) values (2493,6);
insert into card(id, name, manaCost, cmc, rarity_id, set_id, imageUrl, c_power, c_toughness, description) values ('2494','Accursed Witch','{3}{B}','10','2','3','//gatherer.wizards.com/Handlers/Image.ashx?multiverseid=409843&type=card','4','2','Spells your opponents cast that target Accursed Witch cost {1} less to cast.
When Accursed Witch dies, return it to the battlefield transformed under your control attached to target opponent.');
insert into card_color (id_card, id_color) values (2494,3);
insert into card_type (id_card, id_type) values (2494,1);
insert into card(id, name, manaCost, cmc, rarity_id, set_id, imageUrl, c_power, c_toughness, description) values ('2495','Infectious Curse','null','10','2','3','//gatherer.wizards.com/Handlers/Image.ashx?multiverseid=409844&type=card','none','none','Enchant player
Spells you cast that target enchanted player cost {1} less to cast.
At the beginning of enchanted player§s upkeep, that player loses 1 life and you gain 1 life.');
insert into card_color (id_card, id_color) values (2495,3);
insert into card_type (id_card, id_type) values (2495,4);
insert into card(id, name, manaCost, cmc, rarity_id, set_id, imageUrl, c_power, c_toughness, description) values ('2496','Alms of the Vein','{2}{B}','10','1','3','//gatherer.wizards.com/Handlers/Image.ashx?multiverseid=409845&type=card','none','none','Target opponent loses 3 life and you gain 3 life.
Madness {B} (If you discard this card, discard it into exile. When you do, cast it for its madness cost or put it into your graveyard.)');
insert into card_color (id_card, id_color) values (2496,3);
insert into card_type (id_card, id_type) values (2496,6);
insert into card(id, name, manaCost, cmc, rarity_id, set_id, imageUrl, c_power, c_toughness, description) values ('2497','Asylum Visitor','{1}{B}','10','3','3','//gatherer.wizards.com/Handlers/Image.ashx?multiverseid=409846&type=card','3','1','At the beginning of each player§s upkeep, if that player has no cards in hand, you draw a card and you lose 1 life.
Madness {1}{B} (If you discard this card, discard it into exile. When you do, cast it for its madness cost or put it into your graveyard.)');
insert into card_color (id_card, id_color) values (2497,3);
insert into card_type (id_card, id_type) values (2497,1);
insert into card(id, name, manaCost, cmc, rarity_id, set_id, imageUrl, c_power, c_toughness, description) values ('2498','Behind the Scenes','{2}{B}','10','2','3','//gatherer.wizards.com/Handlers/Image.ashx?multiverseid=409847&type=card','none','none','Creatures you control have skulk. (They can§t be blocked by creatures with greater power.)
{4}{W}: Creatures you control get +1/+1 until end of turn.');
insert into card_color (id_card, id_color) values (2498,3);
insert into card_color (id_card, id_color) values (2498,2);
insert into card_type (id_card, id_type) values (2498,4);
insert into card(id, name, manaCost, cmc, rarity_id, set_id, imageUrl, c_power, c_toughness, description) values ('2499','Behold the Beyond','{5}{B}{B}','10','4','3','//gatherer.wizards.com/Handlers/Image.ashx?multiverseid=409848&type=card','none','none','Discard your hand. Search your library for three cards and put those cards into your hand. Then shuffle your library.');
insert into card_color (id_card, id_color) values (2499,3);
insert into card_type (id_card, id_type) values (2499,6);
insert into card(id, name, manaCost, cmc, rarity_id, set_id, imageUrl, c_power, c_toughness, description) values ('2500','Biting Rain','{2}{B}{B}','10','2','3','//gatherer.wizards.com/Handlers/Image.ashx?multiverseid=409849&type=card','none','none','All creatures get -2/-2 until end of turn.
Madness {2}{B} (If you discard this card, discard it into exile. When you do, cast it for its madness cost or put it into your graveyard.)');
insert into card_color (id_card, id_color) values (2500,3);
insert into card_type (id_card, id_type) values (2500,6);
insert into card(id, name, manaCost, cmc, rarity_id, set_id, imageUrl, c_power, c_toughness, description) values ('2501','Call the Bloodline','{1}{B}','10','2','3','//gatherer.wizards.com/Handlers/Image.ashx?multiverseid=409850&type=card','none','none','{1}, Discard a card: Create a 1/1 black Vampire Knight creature token with lifelink. Activate this ability only once each turn.');
insert into card_color (id_card, id_color) values (2501,3);
insert into card_type (id_card, id_type) values (2501,4);
insert into card(id, name, manaCost, cmc, rarity_id, set_id, imageUrl, c_power, c_toughness, description) values ('2502','Creeping Dread','{3}{B}','10','2','3','//gatherer.wizards.com/Handlers/Image.ashx?multiverseid=409851&type=card','none','none','At the beginning of your upkeep, each player discards a card. Each opponent who discarded a card that shares a card type with the card you discarded loses 3 life. (Players reveal the discarded cards simultaneously.)');
insert into card_color (id_card, id_color) values (2502,3);
insert into card_type (id_card, id_type) values (2502,4);
insert into card(id, name, manaCost, cmc, rarity_id, set_id, imageUrl, c_power, c_toughness, description) values ('2503','Crow of Dark Tidings','{2}{B}','10','1','3','//gatherer.wizards.com/Handlers/Image.ashx?multiverseid=409852&type=card','2','1','Flying
When Crow of Dark Tidings enters the battlefield or dies, put the top two cards of your library into your graveyard.');
insert into card_color (id_card, id_color) values (2503,3);
insert into card_type (id_card, id_type) values (2503,1);
insert into card(id, name, manaCost, cmc, rarity_id, set_id, imageUrl, c_power, c_toughness, description) values ('2504','Dead Weight','{B}','10','1','3','//gatherer.wizards.com/Handlers/Image.ashx?multiverseid=409853&type=card','none','none','Enchant creature
Enchanted creature gets -2/-2.');
insert into card_color (id_card, id_color) values (2504,3);
insert into card_type (id_card, id_type) values (2504,4);
insert into card(id, name, manaCost, cmc, rarity_id, set_id, imageUrl, c_power, c_toughness, description) values ('2505','Diregraf Colossus','{2}{B}','10','3','3','//gatherer.wizards.com/Handlers/Image.ashx?multiverseid=409854&type=card','2','2','Diregraf Colossus enters the battlefield with a +1/+1 counter on it for each Zombie card in your graveyard.
Whenever you cast a Zombie spell, create a tapped 2/2 black Zombie creature token.');
insert into card_color (id_card, id_color) values (2505,3);
insert into card_type (id_card, id_type) values (2505,1);
insert into card(id, name, manaCost, cmc, rarity_id, set_id, imageUrl, c_power, c_toughness, description) values ('2506','Elusive Tormentor','{2}{B}{B}','10','3','3','//gatherer.wizards.com/Handlers/Image.ashx?multiverseid=409855&type=card','4','4','{1}, Discard a card: Transform Elusive Tormentor.');
insert into card_color (id_card, id_color) values (2506,6);
insert into card_color (id_card, id_color) values (2506,3);
insert into card_type (id_card, id_type) values (2506,1);
insert into card(id, name, manaCost, cmc, rarity_id, set_id, imageUrl, c_power, c_toughness, description) values ('2507','Insidious Mist','null','10','3','3','//gatherer.wizards.com/Handlers/Image.ashx?multiverseid=409856&type=card','0','1','Hexproof, indestructible
Insidious Mist can§t block and can§t be blocked.
Whenever Insidious Mist attacks and isn§t blocked, you may pay {2}{B}. If you do, transform it.');
insert into card_color (id_card, id_color) values (2507,6);
insert into card_color (id_card, id_color) values (2507,3);
insert into card_type (id_card, id_type) values (2507,1);
insert into card(id, name, manaCost, cmc, rarity_id, set_id, imageUrl, c_power, c_toughness, description) values ('2508','Ever After','{4}{B}{B}','10','3','3','//gatherer.wizards.com/Handlers/Image.ashx?multiverseid=409857&type=card','none','none','Return up to two target creature cards from your graveyard to the battlefield. Each of those creatures is a black Zombie in addition to its other colors and types. Put Ever After on the bottom of its owner§s library.');
insert into card_color (id_card, id_color) values (2508,3);
insert into card_type (id_card, id_type) values (2508,6);
insert into card(id, name, manaCost, cmc, rarity_id, set_id, imageUrl, c_power, c_toughness, description) values ('2509','Farbog Revenant','{2}{B}','10','1','3','//gatherer.wizards.com/Handlers/Image.ashx?multiverseid=409858&type=card','1','3','Skulk (This creature can§t be blocked by creatures with greater power.)
Lifelink (Damage dealt by this creature also causes you to gain that much life.)');
insert into card_color (id_card, id_color) values (2509,3);
insert into card_type (id_card, id_type) values (2509,1);
insert into card(id, name, manaCost, cmc, rarity_id, set_id, imageUrl, c_power, c_toughness, description) values ('2510','From Under the Floorboards','{3}{B}{B}','10','3','3','//gatherer.wizards.com/Handlers/Image.ashx?multiverseid=409859&type=card','none','none','Madness {X}{B}{B} (If you discard this card, discard it into exile. When you do, cast it for its madness cost or put it into your graveyard.)
Create three tapped 2/2 black Zombie creature tokens and you gain 3 life. If From Under the Floorboards§s madness cost was paid, instead create X of those tokens and you gain X life.');
insert into card_color (id_card, id_color) values (2510,3);
insert into card_type (id_card, id_type) values (2510,6);
insert into card(id, name, manaCost, cmc, rarity_id, set_id, imageUrl, c_power, c_toughness, description) values ('2511','Ghoulcaller§s Accomplice','{1}{B}','10','1','3','//gatherer.wizards.com/Handlers/Image.ashx?multiverseid=409860&type=card','2','2','{3}{B}, Exile Ghoulcaller§s Accomplice from your graveyard: Create a 2/2 black Zombie creature token. Activate this ability only any time you could cast a sorcery.');
insert into card_color (id_card, id_color) values (2511,3);
insert into card_type (id_card, id_type) values (2511,1);
insert into card(id, name, manaCost, cmc, rarity_id, set_id, imageUrl, c_power, c_toughness, description) values ('2512','Ghoulsteed','{4}{B}','10','2','3','//gatherer.wizards.com/Handlers/Image.ashx?multiverseid=409861&type=card','4','4','{2}{B}, Discard two cards: Return Ghoulsteed from your graveyard to the battlefield tapped.');
insert into card_color (id_card, id_color) values (2512,3);
insert into card_type (id_card, id_type) values (2512,1);
insert into card(id, name, manaCost, cmc, rarity_id, set_id, imageUrl, c_power, c_toughness, description) values ('2513','Gisa§s Bidding','{2}{B}{B}','10','2','3','//gatherer.wizards.com/Handlers/Image.ashx?multiverseid=409862&type=card','none','none','Create two 2/2 black Zombie creature tokens.
Madness {2}{B} (If you discard this card, discard it into exile. When you do, cast it for its madness cost or put it into your graveyard.)');
insert into card_color (id_card, id_color) values (2513,3);
insert into card_type (id_card, id_type) values (2513,6);
insert into card(id, name, manaCost, cmc, rarity_id, set_id, imageUrl, c_power, c_toughness, description) values ('2514','Grotesque Mutation','{1}{B}','10','1','3','//gatherer.wizards.com/Handlers/Image.ashx?multiverseid=409863&type=card','none','none','Target creature gets +3/+1 and gains lifelink until end of turn. (Damage dealt by the creature also causes its controller to gain that much life.)');
insert into card_color (id_card, id_color) values (2514,3);
insert into card_type (id_card, id_type) values (2514,7);
insert into card(id, name, manaCost, cmc, rarity_id, set_id, imageUrl, c_power, c_toughness, description) values ('2515','Heir of Falkenrath','{1}{B}','10','2','3','//gatherer.wizards.com/Handlers/Image.ashx?multiverseid=409864&type=card','2','1','Discard a card: Transform Heir of Falkenrath. Activate this ability only once each turn.');
insert into card_color (id_card, id_color) values (2515,3);
insert into card_type (id_card, id_type) values (2515,1);
insert into card(id, name, manaCost, cmc, rarity_id, set_id, imageUrl, c_power, c_toughness, description) values ('2516','Heir to the Night','null','10','2','3','//gatherer.wizards.com/Handlers/Image.ashx?multiverseid=409865&type=card','3','2','Flying');
insert into card_color (id_card, id_color) values (2516,3);
insert into card_type (id_card, id_type) values (2516,1);
insert into card(id, name, manaCost, cmc, rarity_id, set_id, imageUrl, c_power, c_toughness, description) values ('2517','Hound of the Farbogs','{4}{B}','10','1','3','//gatherer.wizards.com/Handlers/Image.ashx?multiverseid=409866&type=card','5','3','Delirium — Hound of the Farbogs has menace as long as there are four or more card types among cards in your graveyard. (A creature with menace can§t be blocked except by two or more creatures.)');
insert into card_color (id_card, id_color) values (2517,3);
insert into card_type (id_card, id_type) values (2517,1);
insert into card(id, name, manaCost, cmc, rarity_id, set_id, imageUrl, c_power, c_toughness, description) values ('2518','Indulgent Aristocrat','{B}','10','2','3','//gatherer.wizards.com/Handlers/Image.ashx?multiverseid=409867&type=card','1','1','Lifelink
{2}, Sacrifice a creature: Put a +1/+1 counter on each Vampire you control.');
insert into card_color (id_card, id_color) values (2518,3);
insert into card_type (id_card, id_type) values (2518,1);
insert into card(id, name, manaCost, cmc, rarity_id, set_id, imageUrl, c_power, c_toughness, description) values ('2519','Kindly Stranger','{2}{B}','10','2','3','//gatherer.wizards.com/Handlers/Image.ashx?multiverseid=409868&type=card','2','3','Delirium — {2}{B}: Transform Kindly Stranger. Activate this ability only if there are four or more card types among cards in your graveyard.');
insert into card_color (id_card, id_color) values (2519,3);
insert into card_type (id_card, id_type) values (2519,1);
insert into card(id, name, manaCost, cmc, rarity_id, set_id, imageUrl, c_power, c_toughness, description) values ('2520','Demon-Possessed Witch','null','10','2','3','//gatherer.wizards.com/Handlers/Image.ashx?multiverseid=409869&type=card','4','3','When this creature transforms into Demon-Possessed Witch, you may destroy target creature.');
insert into card_color (id_card, id_color) values (2520,3);
insert into card_type (id_card, id_type) values (2520,1);
insert into card(id, name, manaCost, cmc, rarity_id, set_id, imageUrl, c_power, c_toughness, description) values ('2521','Liliana§s Indignation','{X}{B}','10','2','3','//gatherer.wizards.com/Handlers/Image.ashx?multiverseid=409870&type=card','none','none','Put the top X cards of your library into your graveyard. Target player loses 2 life for each creature card put into your graveyard this way.');
insert into card_color (id_card, id_color) values (2521,3);
insert into card_type (id_card, id_type) values (2521,6);
insert into card(id, name, manaCost, cmc, rarity_id, set_id, imageUrl, c_power, c_toughness, description) values ('2522','Macabre Waltz','{1}{B}','10','1','3','//gatherer.wizards.com/Handlers/Image.ashx?multiverseid=409871&type=card','none','none','Return up to two target creature cards from your graveyard to your hand, then discard a card.');
insert into card_color (id_card, id_color) values (2522,3);
insert into card_type (id_card, id_type) values (2522,6);
insert into card(id, name, manaCost, cmc, rarity_id, set_id, imageUrl, c_power, c_toughness, description) values ('2523','Markov Dreadknight','{3}{B}{B}','10','3','3','//gatherer.wizards.com/Handlers/Image.ashx?multiverseid=409872&type=card','3','3','Flying
{2}{B}, Discard a card: Put two +1/+1 counters on Markov Dreadknight.');
insert into card_color (id_card, id_color) values (2523,3);
insert into card_type (id_card, id_type) values (2523,1);
insert into card(id, name, manaCost, cmc, rarity_id, set_id, imageUrl, c_power, c_toughness, description) values ('2524','Merciless Resolve','{2}{B}','10','1','3','//gatherer.wizards.com/Handlers/Image.ashx?multiverseid=409873&type=card','none','none','As an additional cost to cast Merciless Resolve, sacrifice a creature or land.
Draw two cards.');
insert into card_color (id_card, id_color) values (2524,3);
insert into card_type (id_card, id_type) values (2524,7);
insert into card(id, name, manaCost, cmc, rarity_id, set_id, imageUrl, c_power, c_toughness, description) values ('2525','Mindwrack Demon','{2}{B}{B}','10','4','3','//gatherer.wizards.com/Handlers/Image.ashx?multiverseid=409874&type=card','4','5','Flying, trample
When Mindwrack Demon enters the battlefield, put the top four cards of your library into your graveyard.
Delirium — At the beginning of your upkeep, you lose 4 life unless there are four or more card types among cards in your graveyard.');
insert into card_color (id_card, id_color) values (2525,3);
insert into card_type (id_card, id_type) values (2525,1);
insert into card(id, name, manaCost, cmc, rarity_id, set_id, imageUrl, c_power, c_toughness, description) values ('2526','Morkrut Necropod','{5}{B}','10','2','3','//gatherer.wizards.com/Handlers/Image.ashx?multiverseid=409875&type=card','7','7','Menace (This creature can§t be blocked except by two or more creatures.)
Whenever Morkrut Necropod attacks or blocks, sacrifice another creature or land.');
insert into card_color (id_card, id_color) values (2526,3);
insert into card_type (id_card, id_type) values (2526,1);
insert into card(id, name, manaCost, cmc, rarity_id, set_id, imageUrl, c_power, c_toughness, description) values ('2527','Murderous Compulsion','{1}{B}','10','1','3','//gatherer.wizards.com/Handlers/Image.ashx?multiverseid=409876&type=card','none','none','Destroy target tapped creature.
Madness {1}{B} (If you discard this card, discard it into exile. When you do, cast it for its madness cost or put it into your graveyard.)');
insert into card_color (id_card, id_color) values (2527,3);
insert into card_type (id_card, id_type) values (2527,6);
insert into card(id, name, manaCost, cmc, rarity_id, set_id, imageUrl, c_power, c_toughness, description) values ('2528','Olivia§s Bloodsworn','{1}{B}','10','2','3','//gatherer.wizards.com/Handlers/Image.ashx?multiverseid=409877&type=card','2','1','Flying
Olivia§s Bloodsworn can§t block.
{R}: Target Vampire gains haste until end of turn.');
insert into card_color (id_card, id_color) values (2528,3);
insert into card_color (id_card, id_color) values (2528,4);
insert into card_type (id_card, id_type) values (2528,1);
insert into card(id, name, manaCost, cmc, rarity_id, set_id, imageUrl, c_power, c_toughness, description) values ('2529','Pale Rider of Trostad','{1}{B}','10','2','3','//gatherer.wizards.com/Handlers/Image.ashx?multiverseid=409878&type=card','3','3','Skulk (This creature can§t be blocked by creatures with greater power.)
When Pale Rider of Trostad enters the battlefield, discard a card.');
insert into card_color (id_card, id_color) values (2529,3);
insert into card_type (id_card, id_type) values (2529,1);
insert into card(id, name, manaCost, cmc, rarity_id, set_id, imageUrl, c_power, c_toughness, description) values ('2530','Pick the Brain','{2}{B}','10','2','3','//gatherer.wizards.com/Handlers/Image.ashx?multiverseid=409879&type=card','none','none','Target opponent reveals his or her hand. You choose a nonland card from it and exile that card.
Delirium — If there are four or more card types among cards in your graveyard, search that player§s graveyard, hand, and library for any number of cards with the same name as the exiled card, exile those cards, then that player shuffles his or her library.');
insert into card_color (id_card, id_color) values (2530,3);
insert into card_type (id_card, id_type) values (2530,6);
insert into card(id, name, manaCost, cmc, rarity_id, set_id, imageUrl, c_power, c_toughness, description) values ('2531','Rancid Rats','{1}{B}','10','1','3','//gatherer.wizards.com/Handlers/Image.ashx?multiverseid=409880&type=card','1','1','Skulk (This creature can§t be blocked by creatures with greater power.)
Deathtouch (Any amount of damage this deals to a creature is enough to destroy it.)');
insert into card_color (id_card, id_color) values (2531,3);
insert into card_type (id_card, id_type) values (2531,1);
insert into card(id, name, manaCost, cmc, rarity_id, set_id, imageUrl, c_power, c_toughness, description) values ('2532','Relentless Dead','{B}{B}','10','4','3','//gatherer.wizards.com/Handlers/Image.ashx?multiverseid=409881&type=card','2','2','Menace (This creature can§t be blocked except by two or more creatures.)
When Relentless Dead dies, you may pay {B}. If you do, return it to its owner§s hand.
When Relentless Dead dies, you may pay {X}. If you do, return another target Zombie creature card with converted mana cost X from your graveyard to the battlefield.');
insert into card_color (id_card, id_color) values (2532,3);
insert into card_type (id_card, id_type) values (2532,1);
insert into card(id, name, manaCost, cmc, rarity_id, set_id, imageUrl, c_power, c_toughness, description) values ('2533','Rottenheart Ghoul','{3}{B}','10','1','3','//gatherer.wizards.com/Handlers/Image.ashx?multiverseid=409882&type=card','2','4','When Rottenheart Ghoul dies, target player discards a card.');
insert into card_color (id_card, id_color) values (2533,3);
insert into card_type (id_card, id_type) values (2533,1);
insert into card(id, name, manaCost, cmc, rarity_id, set_id, imageUrl, c_power, c_toughness, description) values ('2534','Sanitarium Skeleton','{B}','10','1','3','//gatherer.wizards.com/Handlers/Image.ashx?multiverseid=409883&type=card','1','2','{2}{B}: Return Sanitarium Skeleton from your graveyard to your hand.');
insert into card_color (id_card, id_color) values (2534,3);
insert into card_type (id_card, id_type) values (2534,1);
insert into card(id, name, manaCost, cmc, rarity_id, set_id, imageUrl, c_power, c_toughness, description) values ('2535','Shamble Back','{B}','10','1','3','//gatherer.wizards.com/Handlers/Image.ashx?multiverseid=409884&type=card','none','none','Exile target creature card from a graveyard. Create a 2/2 black Zombie creature token. You gain 2 life.');
insert into card_color (id_card, id_color) values (2535,3);
insert into card_type (id_card, id_type) values (2535,6);
insert into card(id, name, manaCost, cmc, rarity_id, set_id, imageUrl, c_power, c_toughness, description) values ('2536','Sinister Concoction','{B}','10','2','3','//gatherer.wizards.com/Handlers/Image.ashx?multiverseid=409885&type=card','none','none','{B}, Pay 1 life, Put the top card of your library into your graveyard, Discard a card, Sacrifice Sinister Concoction: Destroy target creature.');
insert into card_color (id_card, id_color) values (2536,3);
insert into card_type (id_card, id_type) values (2536,4);
insert into card(id, name, manaCost, cmc, rarity_id, set_id, imageUrl, c_power, c_toughness, description) values ('2537','Stallion of Ashmouth','{3}{B}','10','1','3','//gatherer.wizards.com/Handlers/Image.ashx?multiverseid=409886&type=card','3','3','Delirium — {1}{B}: Stallion of Ashmouth gets +1/+1 until end of turn. Activate this ability only if there are four or more card types among cards in your graveyard.');
insert into card_color (id_card, id_color) values (2537,3);
insert into card_type (id_card, id_type) values (2537,1);
insert into card(id, name, manaCost, cmc, rarity_id, set_id, imageUrl, c_power, c_toughness, description) values ('2538','Stromkirk Mentor','{3}{B}','10','1','3','//gatherer.wizards.com/Handlers/Image.ashx?multiverseid=409887&type=card','4','2','When Stromkirk Mentor enters the battlefield, put a +1/+1 counter on another target Vampire you control.');
insert into card_color (id_card, id_color) values (2538,3);
insert into card_type (id_card, id_type) values (2538,1);
insert into card(id, name, manaCost, cmc, rarity_id, set_id, imageUrl, c_power, c_toughness, description) values ('2539','Throttle','{4}{B}','10','1','3','//gatherer.wizards.com/Handlers/Image.ashx?multiverseid=409888&type=card','none','none','Target creature gets -4/-4 until end of turn.');
insert into card_color (id_card, id_color) values (2539,3);
insert into card_type (id_card, id_type) values (2539,7);
insert into card(id, name, manaCost, cmc, rarity_id, set_id, imageUrl, c_power, c_toughness, description) values ('2540','To the Slaughter','{2}{B}','10','3','3','//gatherer.wizards.com/Handlers/Image.ashx?multiverseid=409889&type=card','none','none','Target player sacrifices a creature or planeswalker.
Delirium — If there are four or more card types among cards in your graveyard, instead that player sacrifices a creature and a planeswalker.');
insert into card_color (id_card, id_color) values (2540,3);
insert into card_type (id_card, id_type) values (2540,7);
insert into card(id, name, manaCost, cmc, rarity_id, set_id, imageUrl, c_power, c_toughness, description) values ('2541','Tooth Collector','{2}{B}','10','2','3','//gatherer.wizards.com/Handlers/Image.ashx?multiverseid=409890&type=card','3','2','When Tooth Collector enters the battlefield, target creature an opponent controls gets -1/-1 until end of turn.
Delirium — At the beginning of each opponent§s upkeep, if there are four or more card types among cards in your graveyard, target creature that player controls gets -1/-1 until end of turn.');
insert into card_color (id_card, id_color) values (2541,3);
insert into card_type (id_card, id_type) values (2541,1);
insert into card(id, name, manaCost, cmc, rarity_id, set_id, imageUrl, c_power, c_toughness, description) values ('2542','Triskaidekaphobia','{3}{B}','10','3','3','//gatherer.wizards.com/Handlers/Image.ashx?multiverseid=409891&type=card','none','none','At the beginning of your upkeep, choose one —
• Each player with exactly 13 life loses the game, then each player gains 1 life.
• Each player with exactly 13 life loses the game, then each player loses 1 life.');
insert into card_color (id_card, id_color) values (2542,3);
insert into card_type (id_card, id_type) values (2542,4);
insert into card(id, name, manaCost, cmc, rarity_id, set_id, imageUrl, c_power, c_toughness, description) values ('2543','Twins of Maurer Estate','{4}{B}','10','1','3','//gatherer.wizards.com/Handlers/Image.ashx?multiverseid=409892&type=card','3','5','Madness {2}{B} (If you discard this card, discard it into exile. When you do, cast it for its madness cost or put it into your graveyard.)');
insert into card_color (id_card, id_color) values (2543,3);
insert into card_type (id_card, id_type) values (2543,1);
insert into card(id, name, manaCost, cmc, rarity_id, set_id, imageUrl, c_power, c_toughness, description) values ('2544','Vampire Noble','{2}{B}','10','1','3','//gatherer.wizards.com/Handlers/Image.ashx?multiverseid=409893&type=card','3','2','null');
insert into card_color (id_card, id_color) values (2544,3);
insert into card_type (id_card, id_type) values (2544,1);
insert into card(id, name, manaCost, cmc, rarity_id, set_id, imageUrl, c_power, c_toughness, description) values ('2545','Vessel of Malignity','{1}{B}','10','1','3','//gatherer.wizards.com/Handlers/Image.ashx?multiverseid=409894&type=card','none','none','{1}{B}, Sacrifice Vessel of Malignity: Target opponent exiles two cards from his or her hand. Activate this ability only any time you could cast a sorcery.');
insert into card_color (id_card, id_color) values (2545,3);
insert into card_type (id_card, id_type) values (2545,4);
insert into card(id, name, manaCost, cmc, rarity_id, set_id, imageUrl, c_power, c_toughness, description) values ('2546','Avacyn§s Judgment','{1}{R}','10','3','3','//gatherer.wizards.com/Handlers/Image.ashx?multiverseid=409895&type=card','none','none','Madness {X}{R} (If you discard this card, discard it into exile. When you do, cast it for its madness cost or put it into your graveyard.)
Avacyn§s Judgment deals 2 damage divided as you choose among any number of target creatures and/or players. If Avacyn§s Judgment§s madness cost was paid, it deals X damage divided as you choose among those creatures and/or players instead.');
insert into card_color (id_card, id_color) values (2546,4);
insert into card_type (id_card, id_type) values (2546,6);
insert into card(id, name, manaCost, cmc, rarity_id, set_id, imageUrl, c_power, c_toughness, description) values ('2547','Bloodmad Vampire','{2}{R}','10','1','3','//gatherer.wizards.com/Handlers/Image.ashx?multiverseid=409896&type=card','4','1','Whenever Bloodmad Vampire deals combat damage to a player, put a +1/+1 counter on it.
Madness {1}{R} (If you discard this card, discard it into exile. When you do, cast it for its madness cost or put it into your graveyard.)');
insert into card_color (id_card, id_color) values (2547,4);
insert into card_type (id_card, id_type) values (2547,1);
insert into card(id, name, manaCost, cmc, rarity_id, set_id, imageUrl, c_power, c_toughness, description) values ('2548','Breakneck Rider','{1}{R}{R}','10','2','3','//gatherer.wizards.com/Handlers/Image.ashx?multiverseid=409897&type=card','3','3','At the beginning of each upkeep, if no spells were cast last turn, transform Breakneck Rider.');
insert into card_color (id_card, id_color) values (2548,4);
insert into card_type (id_card, id_type) values (2548,1);
insert into card(id, name, manaCost, cmc, rarity_id, set_id, imageUrl, c_power, c_toughness, description) values ('2549','Neck Breaker','null','10','2','3','//gatherer.wizards.com/Handlers/Image.ashx?multiverseid=409898&type=card','4','3','Attacking creatures you control get +1/+0 and have trample.
At the beginning of each upkeep, if a player cast two or more spells last turn, transform Neck Breaker.');
insert into card_color (id_card, id_color) values (2549,4);
insert into card_type (id_card, id_type) values (2549,1);
insert into card(id, name, manaCost, cmc, rarity_id, set_id, imageUrl, c_power, c_toughness, description) values ('2550','Burn from Within','{X}{R}','10','3','3','//gatherer.wizards.com/Handlers/Image.ashx?multiverseid=409899&type=card','none','none','Burn from Within deals X damage to target creature or player. If a creature is dealt damage this way, it loses indestructible until end of turn. If that creature would die this turn, exile it instead.');
insert into card_color (id_card, id_color) values (2550,4);
insert into card_type (id_card, id_type) values (2550,6);
insert into card(id, name, manaCost, cmc, rarity_id, set_id, imageUrl, c_power, c_toughness, description) values ('2551','Convicted Killer','{2}{R}','10','1','3','//gatherer.wizards.com/Handlers/Image.ashx?multiverseid=409900&type=card','2','2','At the beginning of each upkeep, if no spells were cast last turn, transform Convicted Killer.');
insert into card_color (id_card, id_color) values (2551,4);
insert into card_type (id_card, id_type) values (2551,1);
insert into card(id, name, manaCost, cmc, rarity_id, set_id, imageUrl, c_power, c_toughness, description) values ('2552','Branded Howler','null','10','1','3','//gatherer.wizards.com/Handlers/Image.ashx?multiverseid=409901&type=card','4','4','At the beginning of each upkeep, if a player cast two or more spells last turn, transform Branded Howler.');
insert into card_color (id_card, id_color) values (2552,4);
insert into card_type (id_card, id_type) values (2552,1);
insert into card(id, name, manaCost, cmc, rarity_id, set_id, imageUrl, c_power, c_toughness, description) values ('2553','Dance with Devils','{3}{R}','10','2','3','//gatherer.wizards.com/Handlers/Image.ashx?multiverseid=409902&type=card','none','none','Create two 1/1 red Devil creature tokens. They have "When this creature dies, it deals 1 damage to target creature or player."');
insert into card_color (id_card, id_color) values (2553,4);
insert into card_type (id_card, id_type) values (2553,7);
insert into card(id, name, manaCost, cmc, rarity_id, set_id, imageUrl, c_power, c_toughness, description) values ('2554','Devils§ Playground','{4}{R}{R}','10','3','3','//gatherer.wizards.com/Handlers/Image.ashx?multiverseid=409903&type=card','none','none','Create four 1/1 red Devil creature tokens. They have "When this creature dies, it deals 1 damage to target creature or player."');
insert into card_color (id_card, id_color) values (2554,4);
insert into card_type (id_card, id_type) values (2554,6);
insert into card(id, name, manaCost, cmc, rarity_id, set_id, imageUrl, c_power, c_toughness, description) values ('2555','Dissension in the Ranks','{3}{R}{R}','10','2','3','//gatherer.wizards.com/Handlers/Image.ashx?multiverseid=409904&type=card','none','none','Target blocking creature fights another target blocking creature.');
insert into card_color (id_card, id_color) values (2555,4);
insert into card_type (id_card, id_type) values (2555,7);
insert into card(id, name, manaCost, cmc, rarity_id, set_id, imageUrl, c_power, c_toughness, description) values ('2556','Dual Shot','{R}','10','1','3','//gatherer.wizards.com/Handlers/Image.ashx?multiverseid=409905&type=card','none','none','Dual Shot deals 1 damage to each of up to two target creatures.');
insert into card_color (id_card, id_color) values (2556,4);
insert into card_type (id_card, id_type) values (2556,7);
insert into card(id, name, manaCost, cmc, rarity_id, set_id, imageUrl, c_power, c_toughness, description) values ('2557','Ember-Eye Wolf','{1}{R}','10','1','3','//gatherer.wizards.com/Handlers/Image.ashx?multiverseid=409906&type=card','1','2','Haste
{1}{R}: Ember-Eye Wolf gets +2/+0 until end of turn.');
insert into card_color (id_card, id_color) values (2557,4);
insert into card_type (id_card, id_type) values (2557,1);
insert into card(id, name, manaCost, cmc, rarity_id, set_id, imageUrl, c_power, c_toughness, description) values ('2558','Falkenrath Gorger','{R}','10','3','3','//gatherer.wizards.com/Handlers/Image.ashx?multiverseid=409907&type=card','2','1','Each Vampire creature card you own that isn§t on the battlefield has madness. The madness cost is equal to its mana cost. (If you discard a card with madness, discard it into exile. When you do, cast it for its madness cost or put it into your graveyard.)');
insert into card_color (id_card, id_color) values (2558,4);
insert into card_type (id_card, id_type) values (2558,1);
insert into card(id, name, manaCost, cmc, rarity_id, set_id, imageUrl, c_power, c_toughness, description) values ('2559','Fiery Temper','{1}{R}{R}','10','1','3','//gatherer.wizards.com/Handlers/Image.ashx?multiverseid=409908&type=card','none','none','Fiery Temper deals 3 damage to target creature or player.
Madness {R} (If you discard this card, discard it into exile. When you do, cast it for its madness cost or put it into your graveyard.)');
insert into card_color (id_card, id_color) values (2559,4);
insert into card_type (id_card, id_type) values (2559,7);
insert into card(id, name, manaCost, cmc, rarity_id, set_id, imageUrl, c_power, c_toughness, description) values ('2560','Flameblade Angel','{4}{R}{R}','10','3','3','//gatherer.wizards.com/Handlers/Image.ashx?multiverseid=409909&type=card','4','4','Flying
Whenever a source an opponent controls deals damage to you or a permanent you control, you may have Flameblade Angel deal 1 damage to that source§s controller.');
insert into card_color (id_card, id_color) values (2560,4);
insert into card_type (id_card, id_type) values (2560,1);
insert into card(id, name, manaCost, cmc, rarity_id, set_id, imageUrl, c_power, c_toughness, description) values ('2561','Gatstaf Arsonists','{4}{R}','10','1','3','//gatherer.wizards.com/Handlers/Image.ashx?multiverseid=409910&type=card','5','4','At the beginning of each upkeep, if no spells were cast last turn, transform Gatstaf Arsonists.');
insert into card_color (id_card, id_color) values (2561,4);
insert into card_type (id_card, id_type) values (2561,1);
insert into card(id, name, manaCost, cmc, rarity_id, set_id, imageUrl, c_power, c_toughness, description) values ('2562','Gatstaf Ravagers','null','10','1','3','//gatherer.wizards.com/Handlers/Image.ashx?multiverseid=409911&type=card','6','5','Menace (This creature can§t be blocked except by two or more creatures.)
At the beginning of each upkeep, if a player cast two or more spells last turn, transform Gatstaf Ravagers.');
insert into card_color (id_card, id_color) values (2562,4);
insert into card_type (id_card, id_type) values (2562,1);
insert into card(id, name, manaCost, cmc, rarity_id, set_id, imageUrl, c_power, c_toughness, description) values ('2563','Geier Reach Bandit','{2}{R}','10','3','3','//gatherer.wizards.com/Handlers/Image.ashx?multiverseid=409912&type=card','3','2','Haste
At the beginning of each upkeep, if no spells were cast last turn, transform Geier Reach Bandit.');
insert into card_color (id_card, id_color) values (2563,4);
insert into card_type (id_card, id_type) values (2563,1);
insert into card(id, name, manaCost, cmc, rarity_id, set_id, imageUrl, c_power, c_toughness, description) values ('2564','Vildin-Pack Alpha','null','10','3','3','//gatherer.wizards.com/Handlers/Image.ashx?multiverseid=409913&type=card','4','3','Whenever a Werewolf enters the battlefield under your control, you may transform it.
At the beginning of each upkeep, if a player cast two or more spells last turn, transform Vildin-Pack Alpha.');
insert into card_color (id_card, id_color) values (2564,4);
insert into card_type (id_card, id_type) values (2564,1);
insert into card(id, name, manaCost, cmc, rarity_id, set_id, imageUrl, c_power, c_toughness, description) values ('2565','Geistblast','{2}{R}','10','2','3','//gatherer.wizards.com/Handlers/Image.ashx?multiverseid=409914&type=card','none','none','Geistblast deals 2 damage to target creature or player.
{2}{U}, Exile Geistblast from your graveyard: Copy target instant or sorcery spell you control. You may choose new targets for the copy.');
insert into card_color (id_card, id_color) values (2565,4);
insert into card_color (id_card, id_color) values (2565,6);
insert into card_type (id_card, id_type) values (2565,7);
insert into card(id, name, manaCost, cmc, rarity_id, set_id, imageUrl, c_power, c_toughness, description) values ('2566','Gibbering Fiend','{1}{R}','10','2','3','//gatherer.wizards.com/Handlers/Image.ashx?multiverseid=409915&type=card','2','1','When Gibbering Fiend enters the battlefield, it deals 1 damage to each opponent.
Delirium — At the beginning of each opponent§s upkeep, if there are four or more card types among cards in your graveyard, Gibbering Fiend deals 1 damage to that player.');
insert into card_color (id_card, id_color) values (2566,4);
insert into card_type (id_card, id_type) values (2566,1);
insert into card(id, name, manaCost, cmc, rarity_id, set_id, imageUrl, c_power, c_toughness, description) values ('2567','Goldnight Castigator','{2}{R}{R}','10','4','3','//gatherer.wizards.com/Handlers/Image.ashx?multiverseid=409916&type=card','4','9','Flying, haste
If a source would deal damage to you, it deals double that damage to you instead.
If a source would deal damage to Goldnight Castigator, it deals double that damage to Goldnight Castigator instead.');
insert into card_color (id_card, id_color) values (2567,4);
insert into card_type (id_card, id_type) values (2567,1);
insert into card(id, name, manaCost, cmc, rarity_id, set_id, imageUrl, c_power, c_toughness, description) values ('2568','Harness the Storm','{2}{R}','10','3','3','//gatherer.wizards.com/Handlers/Image.ashx?multiverseid=409917&type=card','none','none','Whenever you cast an instant or sorcery spell from your hand, you may cast target card with the same name as that spell from your graveyard. (You still pay its costs.)');
insert into card_color (id_card, id_color) values (2568,4);
insert into card_type (id_card, id_type) values (2568,4);
insert into card(id, name, manaCost, cmc, rarity_id, set_id, imageUrl, c_power, c_toughness, description) values ('2569','Howlpack Wolf','{2}{R}','10','1','3','//gatherer.wizards.com/Handlers/Image.ashx?multiverseid=409918&type=card','3','3','Howlpack Wolf can§t block unless you control another Wolf or Werewolf.');
insert into card_color (id_card, id_color) values (2569,4);
insert into card_type (id_card, id_type) values (2569,1);
insert into card(id, name, manaCost, cmc, rarity_id, set_id, imageUrl, c_power, c_toughness, description) values ('2570','Hulking Devil','{3}{R}','10','1','3','//gatherer.wizards.com/Handlers/Image.ashx?multiverseid=409919&type=card','5','2','null');
insert into card_color (id_card, id_color) values (2570,4);
insert into card_type (id_card, id_type) values (2570,1);
insert into card(id, name, manaCost, cmc, rarity_id, set_id, imageUrl, c_power, c_toughness, description) values ('2571','Incorrigible Youths','{3}{R}{R}','10','2','3','//gatherer.wizards.com/Handlers/Image.ashx?multiverseid=409920&type=card','4','3','Haste
Madness {2}{R} (If you discard this card, discard it into exile. When you do, cast it for its madness cost or put it into your graveyard.)');
insert into card_color (id_card, id_color) values (2571,4);
insert into card_type (id_card, id_type) values (2571,1);
insert into card(id, name, manaCost, cmc, rarity_id, set_id, imageUrl, c_power, c_toughness, description) values ('2572','Inner Struggle','{3}{R}','10','2','3','//gatherer.wizards.com/Handlers/Image.ashx?multiverseid=409921&type=card','none','none','Target creature deals damage to itself equal to its power.');
insert into card_color (id_card, id_color) values (2572,4);
insert into card_type (id_card, id_type) values (2572,7);
insert into card(id, name, manaCost, cmc, rarity_id, set_id, imageUrl, c_power, c_toughness, description) values ('2573','Insolent Neonate','{R}','10','1','3','//gatherer.wizards.com/Handlers/Image.ashx?multiverseid=409922&type=card','1','1','Menace (This creature can§t be blocked except by two or more creatures.)
Discard a card, Sacrifice Insolent Neonate: Draw a card.');
insert into card_color (id_card, id_color) values (2573,4);
insert into card_type (id_card, id_type) values (2573,1);
insert into card(id, name, manaCost, cmc, rarity_id, set_id, imageUrl, c_power, c_toughness, description) values ('2574','Kessig Forgemaster','{1}{R}','10','2','3','//gatherer.wizards.com/Handlers/Image.ashx?multiverseid=409923&type=card','2','1','Whenever Kessig Forgemaster blocks or becomes blocked by a creature, Kessig Forgemaster deals 1 damage to that creature.
At the beginning of each upkeep, if no spells were cast last turn, transform Kessig Forgemaster.');
insert into card_color (id_card, id_color) values (2574,4);
insert into card_type (id_card, id_type) values (2574,1);
insert into card(id, name, manaCost, cmc, rarity_id, set_id, imageUrl, c_power, c_toughness, description) values ('2575','Flameheart Werewolf','null','10','2','3','//gatherer.wizards.com/Handlers/Image.ashx?multiverseid=409924&type=card','3','2','Whenever Flameheart Werewolf blocks or becomes blocked by a creature, Flameheart Werewolf deals 2 damage to that creature.
At the beginning of each upkeep, if a player cast two or more spells last turn, transform Flameheart Werewolf.');
insert into card_color (id_card, id_color) values (2575,4);
insert into card_type (id_card, id_type) values (2575,1);
insert into card(id, name, manaCost, cmc, rarity_id, set_id, imageUrl, c_power, c_toughness, description) values ('2576','Lightning Axe','{R}','10','2','3','//gatherer.wizards.com/Handlers/Image.ashx?multiverseid=409925&type=card','none','none','As an additional cost to cast Lightning Axe, discard a card or pay {5}.
Lightning Axe deals 5 damage to target creature.');
insert into card_color (id_card, id_color) values (2576,4);
insert into card_type (id_card, id_type) values (2576,7);
insert into card(id, name, manaCost, cmc, rarity_id, set_id, imageUrl, c_power, c_toughness, description) values ('2577','Mad Prophet','{3}{R}','10','2','3','//gatherer.wizards.com/Handlers/Image.ashx?multiverseid=409926&type=card','2','2','Haste
{T}, Discard a card: Draw a card.');
insert into card_color (id_card, id_color) values (2577,4);
insert into card_type (id_card, id_type) values (2577,1);
insert into card(id, name, manaCost, cmc, rarity_id, set_id, imageUrl, c_power, c_toughness, description) values ('2578','Magmatic Chasm','{1}{R}','10','1','3','//gatherer.wizards.com/Handlers/Image.ashx?multiverseid=409927&type=card','none','none','Creatures without flying can§t block this turn.');
insert into card_color (id_card, id_color) values (2578,4);
insert into card_type (id_card, id_type) values (2578,6);
insert into card(id, name, manaCost, cmc, rarity_id, set_id, imageUrl, c_power, c_toughness, description) values ('2579','Malevolent Whispers','{3}{R}','10','2','3','//gatherer.wizards.com/Handlers/Image.ashx?multiverseid=409928&type=card','none','none','Gain control of target creature until end of turn. Untap that creature. It gets +2/+0 and gains haste until end of turn.
Madness {3}{R} (If you discard this card, discard it into exile. When you do, cast it for its madness cost or put it into your graveyard.)');
insert into card_color (id_card, id_color) values (2579,4);
insert into card_type (id_card, id_type) values (2579,6);
insert into card(id, name, manaCost, cmc, rarity_id, set_id, imageUrl, c_power, c_toughness, description) values ('2580','Pyre Hound','{3}{R}','10','1','3','//gatherer.wizards.com/Handlers/Image.ashx?multiverseid=409929&type=card','2','3','Trample
Whenever you cast an instant or sorcery spell, put a +1/+1 counter on Pyre Hound.');
insert into card_color (id_card, id_color) values (2580,4);
insert into card_type (id_card, id_type) values (2580,1);
insert into card(id, name, manaCost, cmc, rarity_id, set_id, imageUrl, c_power, c_toughness, description) values ('2581','Ravenous Bloodseeker','{1}{R}','10','2','3','//gatherer.wizards.com/Handlers/Image.ashx?multiverseid=409930&type=card','1','3','Discard a card: Ravenous Bloodseeker gets +2/-2 until end of turn.');
insert into card_color (id_card, id_color) values (2581,4);
insert into card_type (id_card, id_type) values (2581,1);
insert into card(id, name, manaCost, cmc, rarity_id, set_id, imageUrl, c_power, c_toughness, description) values ('2582','Reduce to Ashes','{4}{R}','10','1','3','//gatherer.wizards.com/Handlers/Image.ashx?multiverseid=409931&type=card','none','none','Reduce to Ashes deals 5 damage to target creature. If that creature would die this turn, exile it instead.');
insert into card_color (id_card, id_color) values (2582,4);
insert into card_type (id_card, id_type) values (2582,6);
insert into card(id, name, manaCost, cmc, rarity_id, set_id, imageUrl, c_power, c_toughness, description) values ('2583','Rush of Adrenaline','{R}','10','1','3','//gatherer.wizards.com/Handlers/Image.ashx?multiverseid=409932&type=card','none','none','Target creature gets +2/+1 and gains trample until end of turn.');
insert into card_color (id_card, id_color) values (2583,4);
insert into card_type (id_card, id_type) values (2583,7);
insert into card(id, name, manaCost, cmc, rarity_id, set_id, imageUrl, c_power, c_toughness, description) values ('2584','Sanguinary Mage','{1}{R}','10','1','3','//gatherer.wizards.com/Handlers/Image.ashx?multiverseid=409933&type=card','1','3','Prowess (Whenever you cast a noncreature spell, this creature gets +1/+1 until end of turn.)');
insert into card_color (id_card, id_color) values (2584,4);
insert into card_type (id_card, id_type) values (2584,1);
insert into card(id, name, manaCost, cmc, rarity_id, set_id, imageUrl, c_power, c_toughness, description) values ('2585','Scourge Wolf','{R}{R}','10','3','3','//gatherer.wizards.com/Handlers/Image.ashx?multiverseid=409934&type=card','2','2','First strike
Delirium — Scourge Wolf has double strike as long as there are four or more card types among cards in your graveyard.');
insert into card_color (id_card, id_color) values (2585,4);
insert into card_type (id_card, id_type) values (2585,1);
insert into card(id, name, manaCost, cmc, rarity_id, set_id, imageUrl, c_power, c_toughness, description) values ('2586','Senseless Rage','{1}{R}','10','1','3','//gatherer.wizards.com/Handlers/Image.ashx?multiverseid=409935&type=card','none','none','Enchant creature
Enchanted creature gets +2/+2.
Madness {1}{R} (If you discard this card, discard it into exile. When you do, cast it for its madness cost or put it into your graveyard.)');
insert into card_color (id_card, id_color) values (2586,4);
insert into card_type (id_card, id_type) values (2586,4);
insert into card(id, name, manaCost, cmc, rarity_id, set_id, imageUrl, c_power, c_toughness, description) values ('2587','Sin Prodder','{2}{R}','10','3','3','//gatherer.wizards.com/Handlers/Image.ashx?multiverseid=409936&type=card','3','2','Menace
At the beginning of your upkeep, reveal the top card of your library. Any opponent may have you put that card into your graveyard. If a player does, Sin Prodder deals damage to that player equal to that card§s converted mana cost. Otherwise, put that card into your hand.');
insert into card_color (id_card, id_color) values (2587,4);
insert into card_type (id_card, id_type) values (2587,1);
insert into card(id, name, manaCost, cmc, rarity_id, set_id, imageUrl, c_power, c_toughness, description) values ('2588','Skin Invasion','{R}','10','2','3','//gatherer.wizards.com/Handlers/Image.ashx?multiverseid=409937&type=card','none','none','Enchant creature
Enchanted creature attacks each combat if able.
When enchanted creature dies, return Skin Invasion to the battlefield transformed under your control.');
insert into card_color (id_card, id_color) values (2588,4);
insert into card_type (id_card, id_type) values (2588,4);
insert into card(id, name, manaCost, cmc, rarity_id, set_id, imageUrl, c_power, c_toughness, description) values ('2589','Skin Shedder','null','10','2','3','//gatherer.wizards.com/Handlers/Image.ashx?multiverseid=409938&type=card','3','4','null');
insert into card_color (id_card, id_color) values (2589,4);
insert into card_type (id_card, id_type) values (2589,1);
insert into card(id, name, manaCost, cmc, rarity_id, set_id, imageUrl, c_power, c_toughness, description) values ('2590','Spiteful Motives','{3}{R}','10','2','3','//gatherer.wizards.com/Handlers/Image.ashx?multiverseid=409939&type=card','none','none','Flash (You may cast this spell any time you could cast an instant.)
Enchant creature
Enchanted creature gets +3/+0 and has first strike.');
insert into card_color (id_card, id_color) values (2590,4);
insert into card_type (id_card, id_type) values (2590,4);
insert into card(id, name, manaCost, cmc, rarity_id, set_id, imageUrl, c_power, c_toughness, description) values ('2591','Stensia Masquerade','{2}{R}','10','2','3','//gatherer.wizards.com/Handlers/Image.ashx?multiverseid=409940&type=card','none','none','Attacking creatures you control have first strike.
Whenever a Vampire you control deals combat damage to a player, put a +1/+1 counter on it.
Madness {2}{R} (If you discard this card, discard it into exile. When you do, cast it for its madness cost or put it into your graveyard.)');
insert into card_color (id_card, id_color) values (2591,4);
insert into card_type (id_card, id_type) values (2591,4);
insert into card(id, name, manaCost, cmc, rarity_id, set_id, imageUrl, c_power, c_toughness, description) values ('2592','Structural Distortion','{3}{R}','10','1','3','//gatherer.wizards.com/Handlers/Image.ashx?multiverseid=409941&type=card','none','none','Exile target artifact or land. Structural Distortion deals 2 damage to that permanent§s controller.');
insert into card_color (id_card, id_color) values (2592,4);
insert into card_type (id_card, id_type) values (2592,6);
insert into card(id, name, manaCost, cmc, rarity_id, set_id, imageUrl, c_power, c_toughness, description) values ('2593','Tormenting Voice','{1}{R}','10','1','3','//gatherer.wizards.com/Handlers/Image.ashx?multiverseid=409942&type=card','none','none','As an additional cost to cast Tormenting Voice, discard a card.
Draw two cards.');
insert into card_color (id_card, id_color) values (2593,4);
insert into card_type (id_card, id_type) values (2593,6);
insert into card(id, name, manaCost, cmc, rarity_id, set_id, imageUrl, c_power, c_toughness, description) values ('2594','Ulrich§s Kindred','{2}{R}','10','2','3','//gatherer.wizards.com/Handlers/Image.ashx?multiverseid=409943&type=card','3','2','Trample
{3}{G}: Target attacking Wolf or Werewolf gains indestructible until end of turn.');
insert into card_color (id_card, id_color) values (2594,4);
insert into card_color (id_card, id_color) values (2594,5);
insert into card_type (id_card, id_type) values (2594,1);
insert into card(id, name, manaCost, cmc, rarity_id, set_id, imageUrl, c_power, c_toughness, description) values ('2595','Uncaged Fury','{2}{R}','10','1','3','//gatherer.wizards.com/Handlers/Image.ashx?multiverseid=409944&type=card','none','none','Target creature gets +1/+1 and gains double strike until end of turn. (It deals both first-strike and regular combat damage.)');
insert into card_color (id_card, id_color) values (2595,4);
insert into card_type (id_card, id_type) values (2595,7);
insert into card(id, name, manaCost, cmc, rarity_id, set_id, imageUrl, c_power, c_toughness, description) values ('2596','Vessel of Volatility','{1}{R}','10','1','3','//gatherer.wizards.com/Handlers/Image.ashx?multiverseid=409945&type=card','none','none','{1}{R}, Sacrifice Vessel of Volatility: Add {R}{R}{R}{R} to your mana pool.');
insert into card_color (id_card, id_color) values (2596,4);
insert into card_type (id_card, id_type) values (2596,4);
insert into card(id, name, manaCost, cmc, rarity_id, set_id, imageUrl, c_power, c_toughness, description) values ('2597','Village Messenger','{R}','10','2','3','//gatherer.wizards.com/Handlers/Image.ashx?multiverseid=409946&type=card','1','1','Haste
At the beginning of each upkeep, if no spells were cast last turn, transform Village Messenger.');
insert into card_color (id_card, id_color) values (2597,4);
insert into card_type (id_card, id_type) values (2597,1);
insert into card(id, name, manaCost, cmc, rarity_id, set_id, imageUrl, c_power, c_toughness, description) values ('2598','Moonrise Intruder','null','10','2','3','//gatherer.wizards.com/Handlers/Image.ashx?multiverseid=409947&type=card','2','2','Menace (This creature can§t be blocked except by two or more creatures.)
At the beginning of each upkeep, if a player cast two or more spells last turn, transform Moonrise Intruder.');
insert into card_color (id_card, id_color) values (2598,4);
insert into card_type (id_card, id_type) values (2598,1);
insert into card(id, name, manaCost, cmc, rarity_id, set_id, imageUrl, c_power, c_toughness, description) values ('2599','Voldaren Duelist','{3}{R}','10','1','3','//gatherer.wizards.com/Handlers/Image.ashx?multiverseid=409948&type=card','3','2','Haste
When Voldaren Duelist enters the battlefield, target creature can§t block this turn.');
insert into card_color (id_card, id_color) values (2599,4);
insert into card_type (id_card, id_type) values (2599,1);
insert into card(id, name, manaCost, cmc, rarity_id, set_id, imageUrl, c_power, c_toughness, description) values ('2600','Wolf of Devil§s Breach','{3}{R}{R}','10','4','3','//gatherer.wizards.com/Handlers/Image.ashx?multiverseid=409949&type=card','5','5','Whenever Wolf of Devil§s Breach attacks, you may pay {1}{R} and discard a card. If you do, Wolf of Devil§s Breach deals damage to target creature or planeswalker equal to the discarded card§s converted mana cost.');
insert into card_color (id_card, id_color) values (2600,4);
insert into card_type (id_card, id_type) values (2600,1);
insert into card(id, name, manaCost, cmc, rarity_id, set_id, imageUrl, c_power, c_toughness, description) values ('2601','Aim High','{1}{G}','10','1','3','//gatherer.wizards.com/Handlers/Image.ashx?multiverseid=409950&type=card','none','none','Untap target creature. It gets +2/+2 and gains reach until end of turn. (It can block creatures with flying.)');
insert into card_color (id_card, id_color) values (2601,5);
insert into card_type (id_card, id_type) values (2601,7);
insert into card(id, name, manaCost, cmc, rarity_id, set_id, imageUrl, c_power, c_toughness, description) values ('2602','Autumnal Gloom','{2}{G}','10','2','3','//gatherer.wizards.com/Handlers/Image.ashx?multiverseid=409951&type=card','none','none','{B}: Put the top card of your library into your graveyard.
Delirium — At the beginning of your end step, if there are four or more card types among cards in your graveyard, transform Autumnal Gloom.');
insert into card_color (id_card, id_color) values (2602,5);
insert into card_color (id_card, id_color) values (2602,3);
insert into card_type (id_card, id_type) values (2602,4);
insert into card(id, name, manaCost, cmc, rarity_id, set_id, imageUrl, c_power, c_toughness, description) values ('2603','Ancient of the Equinox','null','10','2','3','//gatherer.wizards.com/Handlers/Image.ashx?multiverseid=409952&type=card','4','4','Trample, hexproof');
insert into card_color (id_card, id_color) values (2603,5);
insert into card_color (id_card, id_color) values (2603,3);
insert into card_type (id_card, id_type) values (2603,1);
insert into card(id, name, manaCost, cmc, rarity_id, set_id, imageUrl, c_power, c_toughness, description) values ('2604','Briarbridge Patrol','{3}{G}','10','2','3','//gatherer.wizards.com/Handlers/Image.ashx?multiverseid=409953&type=card','3','3','Whenever Briarbridge Patrol deals damage to one or more creatures, investigate. (Create a colorless Clue artifact token with "{2}, Sacrifice this artifact: Draw a card.")
At the beginning of each end step, if you sacrificed three or more Clues this turn, you may put a creature card from your hand onto the battlefield.');
insert into card_color (id_card, id_color) values (2604,5);
insert into card_type (id_card, id_type) values (2604,1);
insert into card(id, name, manaCost, cmc, rarity_id, set_id, imageUrl, c_power, c_toughness, description) values ('2605','Byway Courier','{2}{G}','10','1','3','//gatherer.wizards.com/Handlers/Image.ashx?multiverseid=409954&type=card','3','2','When Byway Courier dies, investigate. (Create a colorless Clue artifact token with "{2}, Sacrifice this artifact: Draw a card.")');
insert into card_color (id_card, id_color) values (2605,5);
insert into card_type (id_card, id_type) values (2605,1);
insert into card(id, name, manaCost, cmc, rarity_id, set_id, imageUrl, c_power, c_toughness, description) values ('2606','Clip Wings','{1}{G}','10','1','3','//gatherer.wizards.com/Handlers/Image.ashx?multiverseid=409955&type=card','none','none','Each opponent sacrifices a creature with flying.');
insert into card_color (id_card, id_color) values (2606,5);
insert into card_type (id_card, id_type) values (2606,7);
insert into card(id, name, manaCost, cmc, rarity_id, set_id, imageUrl, c_power, c_toughness, description) values ('2607','Confront the Unknown','{G}','10','1','3','//gatherer.wizards.com/Handlers/Image.ashx?multiverseid=409956&type=card','none','none','Investigate, then target creature gets +1/+1 until end of turn for each Clue you control. (To investigate, create a colorless Clue artifact token with "{2}, Sacrifice this artifact: Draw a card.")');
insert into card_color (id_card, id_color) values (2607,5);
insert into card_type (id_card, id_type) values (2607,7);
insert into card(id, name, manaCost, cmc, rarity_id, set_id, imageUrl, c_power, c_toughness, description) values ('2608','Crawling Sensation','{2}{G}','10','2','3','//gatherer.wizards.com/Handlers/Image.ashx?multiverseid=409957&type=card','none','none','At the beginning of your upkeep, you may put the top two cards of your library into your graveyard.
Whenever one or more land cards are put into your graveyard from anywhere for the first time each turn, create a 1/1 green Insect creature token.');
insert into card_color (id_card, id_color) values (2608,5);
insert into card_type (id_card, id_type) values (2608,4);
insert into card(id, name, manaCost, cmc, rarity_id, set_id, imageUrl, c_power, c_toughness, description) values ('2609','Cryptolith Rite','{1}{G}','10','3','3','//gatherer.wizards.com/Handlers/Image.ashx?multiverseid=409958&type=card','none','none','Creatures you control have "{T}: Add one mana of any color to your mana pool."');
insert into card_color (id_card, id_color) values (2609,5);
insert into card_type (id_card, id_type) values (2609,4);
insert into card(id, name, manaCost, cmc, rarity_id, set_id, imageUrl, c_power, c_toughness, description) values ('2610','Cult of the Waxing Moon','{4}{G}','10','2','3','//gatherer.wizards.com/Handlers/Image.ashx?multiverseid=409959&type=card','5','4','Whenever a permanent you control transforms into a non-Human creature, create a 2/2 green Wolf creature token.');
insert into card_color (id_card, id_color) values (2610,5);
insert into card_type (id_card, id_type) values (2610,1);
insert into card(id, name, manaCost, cmc, rarity_id, set_id, imageUrl, c_power, c_toughness, description) values ('2611','Deathcap Cultivator','{1}{G}','10','3','3','//gatherer.wizards.com/Handlers/Image.ashx?multiverseid=409960&type=card','2','1','{T}: Add {B} or {G} to your mana pool.
Delirium — Deathcap Cultivator has deathtouch as long as there are four or more card types among cards in your graveyard.');
insert into card_color (id_card, id_color) values (2611,5);
insert into card_color (id_card, id_color) values (2611,3);
insert into card_type (id_card, id_type) values (2611,1);
insert into card(id, name, manaCost, cmc, rarity_id, set_id, imageUrl, c_power, c_toughness, description) values ('2612','Duskwatch Recruiter','{1}{G}','10','2','3','//gatherer.wizards.com/Handlers/Image.ashx?multiverseid=409961&type=card','2','2','{2}{G}: Look at the top three cards of your library. You may reveal a creature card from among them and put it into your hand. Put the rest on the bottom of your library in any order.
At the beginning of each upkeep, if no spells were cast last turn, transform Duskwatch Recruiter.');
insert into card_color (id_card, id_color) values (2612,5);
insert into card_type (id_card, id_type) values (2612,1);
insert into card(id, name, manaCost, cmc, rarity_id, set_id, imageUrl, c_power, c_toughness, description) values ('2613','Krallenhorde Howler','null','10','2','3','//gatherer.wizards.com/Handlers/Image.ashx?multiverseid=409962&type=card','3','3','Creature spells you cast cost {1} less to cast.
At the beginning of each upkeep, if a player cast two or more spells last turn, transform Krallenhorde Howler.');
insert into card_color (id_card, id_color) values (2613,5);
insert into card_type (id_card, id_type) values (2613,1);
insert into card(id, name, manaCost, cmc, rarity_id, set_id, imageUrl, c_power, c_toughness, description) values ('2614','Equestrian Skill','{3}{G}','10','1','3','//gatherer.wizards.com/Handlers/Image.ashx?multiverseid=409963&type=card','none','none','Enchant creature
Enchanted creature gets +3/+3.
As long as enchanted creature is a Human, it has trample.');
insert into card_color (id_card, id_color) values (2614,5);
insert into card_type (id_card, id_type) values (2614,4);
insert into card(id, name, manaCost, cmc, rarity_id, set_id, imageUrl, c_power, c_toughness, description) values ('2615','Fork in the Road','{1}{G}','10','1','3','//gatherer.wizards.com/Handlers/Image.ashx?multiverseid=409964&type=card','none','none','Search your library for up to two basic land cards and reveal them. Put one into your hand and the other into your graveyard. Then shuffle your library.');
insert into card_color (id_card, id_color) values (2615,5);
insert into card_type (id_card, id_type) values (2615,6);
insert into card(id, name, manaCost, cmc, rarity_id, set_id, imageUrl, c_power, c_toughness, description) values ('2616','Gloomwidow','{2}{G}','10','2','3','//gatherer.wizards.com/Handlers/Image.ashx?multiverseid=409965&type=card','3','3','Reach
Gloomwidow can block only creatures with flying.');
insert into card_color (id_card, id_color) values (2616,5);
insert into card_type (id_card, id_type) values (2616,1);
insert into card(id, name, manaCost, cmc, rarity_id, set_id, imageUrl, c_power, c_toughness, description) values ('2617','Graf Mole','{2}{G}','10','2','3','//gatherer.wizards.com/Handlers/Image.ashx?multiverseid=409966&type=card','2','4','Whenever you sacrifice a Clue, you gain 3 life.');
insert into card_color (id_card, id_color) values (2617,5);
insert into card_type (id_card, id_type) values (2617,1);
insert into card(id, name, manaCost, cmc, rarity_id, set_id, imageUrl, c_power, c_toughness, description) values ('2618','Groundskeeper','{G}','10','2','3','//gatherer.wizards.com/Handlers/Image.ashx?multiverseid=409967&type=card','1','1','{1}{G}: Return target basic land card from your graveyard to your hand.');
insert into card_color (id_card, id_color) values (2618,5);
insert into card_type (id_card, id_type) values (2618,1);
insert into card(id, name, manaCost, cmc, rarity_id, set_id, imageUrl, c_power, c_toughness, description) values ('2619','Hermit of the Natterknolls','{2}{G}','10','2','3','//gatherer.wizards.com/Handlers/Image.ashx?multiverseid=409968&type=card','2','3','Whenever an opponent casts a spell during your turn, draw a card.
At the beginning of each upkeep, if no spells were cast last turn, transform Hermit of the Natterknolls.');
insert into card_color (id_card, id_color) values (2619,5);
insert into card_type (id_card, id_type) values (2619,1);
insert into card(id, name, manaCost, cmc, rarity_id, set_id, imageUrl, c_power, c_toughness, description) values ('2620','Lone Wolf of the Natterknolls','null','10','2','3','//gatherer.wizards.com/Handlers/Image.ashx?multiverseid=409969&type=card','3','5','Whenever an opponent casts a spell during your turn, draw two cards.
At the beginning of each upkeep, if a player cast two or more spells last turn, transform Lone Wolf of the Natterknolls.');
insert into card_color (id_card, id_color) values (2620,5);
insert into card_type (id_card, id_type) values (2620,1);
insert into card(id, name, manaCost, cmc, rarity_id, set_id, imageUrl, c_power, c_toughness, description) values ('2621','Hinterland Logger','{1}{G}','10','1','3','//gatherer.wizards.com/Handlers/Image.ashx?multiverseid=409970&type=card','2','1','At the beginning of each upkeep, if no spells were cast last turn, transform Hinterland Logger.');
insert into card_color (id_card, id_color) values (2621,5);
insert into card_type (id_card, id_type) values (2621,1);
insert into card(id, name, manaCost, cmc, rarity_id, set_id, imageUrl, c_power, c_toughness, description) values ('2622','Timber Shredder','null','10','1','3','//gatherer.wizards.com/Handlers/Image.ashx?multiverseid=409971&type=card','4','2','Trample
At the beginning of each upkeep, if a player cast two or more spells last turn, transform Timber Shredder.');
insert into card_color (id_card, id_color) values (2622,5);
insert into card_type (id_card, id_type) values (2622,1);
insert into card(id, name, manaCost, cmc, rarity_id, set_id, imageUrl, c_power, c_toughness, description) values ('2623','Howlpack Resurgence','{2}{G}','10','2','3','//gatherer.wizards.com/Handlers/Image.ashx?multiverseid=409972&type=card','none','none','Flash (You may cast this spell any time you could cast an instant.)
Each creature you control that§s a Wolf or a Werewolf gets +1/+1 and has trample.');
insert into card_color (id_card, id_color) values (2623,5);
insert into card_type (id_card, id_type) values (2623,4);
insert into card(id, name, manaCost, cmc, rarity_id, set_id, imageUrl, c_power, c_toughness, description) values ('2624','Inexorable Blob','{2}{G}','10','3','3','//gatherer.wizards.com/Handlers/Image.ashx?multiverseid=409973&type=card','3','3','Delirium — Whenever Inexorable Blob attacks, if there are four or more card types among cards in your graveyard, create a 3/3 green Ooze creature token that§s tapped and attacking.');
insert into card_color (id_card, id_color) values (2624,5);
insert into card_type (id_card, id_type) values (2624,1);
insert into card(id, name, manaCost, cmc, rarity_id, set_id, imageUrl, c_power, c_toughness, description) values ('2625','Intrepid Provisioner','{3}{G}','10','1','3','//gatherer.wizards.com/Handlers/Image.ashx?multiverseid=409974&type=card','3','3','Trample
When Intrepid Provisioner enters the battlefield, another target Human you control gets +2/+2 until end of turn.');
insert into card_color (id_card, id_color) values (2625,5);
insert into card_type (id_card, id_type) values (2625,1);
insert into card(id, name, manaCost, cmc, rarity_id, set_id, imageUrl, c_power, c_toughness, description) values ('2626','Kessig Dire Swine','{4}{G}{G}','10','1','3','//gatherer.wizards.com/Handlers/Image.ashx?multiverseid=409975&type=card','6','6','Delirium — Kessig Dire Swine has trample as long as there are four or more card types among cards in your graveyard.');
insert into card_color (id_card, id_color) values (2626,5);
insert into card_type (id_card, id_type) values (2626,1);
insert into card(id, name, manaCost, cmc, rarity_id, set_id, imageUrl, c_power, c_toughness, description) values ('2627','Lambholt Pacifist','{1}{G}','10','2','3','//gatherer.wizards.com/Handlers/Image.ashx?multiverseid=409976&type=card','3','3','Lambholt Pacifist can§t attack unless you control a creature with power 4 or greater.
At the beginning of each upkeep, if no spells were cast last turn, transform Lambholt Pacifist.');
insert into card_color (id_card, id_color) values (2627,5);
insert into card_type (id_card, id_type) values (2627,1);
insert into card(id, name, manaCost, cmc, rarity_id, set_id, imageUrl, c_power, c_toughness, description) values ('2628','Lambholt Butcher','null','10','2','3','//gatherer.wizards.com/Handlers/Image.ashx?multiverseid=409977&type=card','4','4','At the beginning of each upkeep, if a player cast two or more spells last turn, transform Lambholt Butcher.');
insert into card_color (id_card, id_color) values (2628,5);
insert into card_type (id_card, id_type) values (2628,1);
insert into card(id, name, manaCost, cmc, rarity_id, set_id, imageUrl, c_power, c_toughness, description) values ('2629','Loam Dryad','{G}','10','1','3','//gatherer.wizards.com/Handlers/Image.ashx?multiverseid=409978&type=card','1','2','{T}, Tap an untapped creature you control: Add one mana of any color to your mana pool.');
insert into card_color (id_card, id_color) values (2629,5);
insert into card_type (id_card, id_type) values (2629,1);
insert into card(id, name, manaCost, cmc, rarity_id, set_id, imageUrl, c_power, c_toughness, description) values ('2630','Might Beyond Reason','{3}{G}','10','1','3','//gatherer.wizards.com/Handlers/Image.ashx?multiverseid=409979&type=card','none','none','Put two +1/+1 counters on target creature.
Delirium — Put three +1/+1 counters on that creature instead if there are four or more card types among cards in your graveyard.');
insert into card_color (id_card, id_color) values (2630,5);
insert into card_type (id_card, id_type) values (2630,7);
insert into card(id, name, manaCost, cmc, rarity_id, set_id, imageUrl, c_power, c_toughness, description) values ('2631','Moldgraf Scavenger','{1}{G}','10','1','3','//gatherer.wizards.com/Handlers/Image.ashx?multiverseid=409980&type=card','0','4','Delirium — Moldgraf Scavenger gets +3/+0 as long as there are four or more card types among cards in your graveyard.');
insert into card_color (id_card, id_color) values (2631,5);
insert into card_type (id_card, id_type) values (2631,1);
insert into card(id, name, manaCost, cmc, rarity_id, set_id, imageUrl, c_power, c_toughness, description) values ('2632','Moonlight Hunt','{1}{G}','10','2','3','//gatherer.wizards.com/Handlers/Image.ashx?multiverseid=409981&type=card','none','none','Choose target creature you don§t control. Each creature you control that§s a Wolf or a Werewolf deals damage equal to its power to that creature.');
insert into card_color (id_card, id_color) values (2632,5);
insert into card_type (id_card, id_type) values (2632,7);
insert into card(id, name, manaCost, cmc, rarity_id, set_id, imageUrl, c_power, c_toughness, description) values ('2633','Obsessive Skinner','{1}{G}','10','2','3','//gatherer.wizards.com/Handlers/Image.ashx?multiverseid=409982&type=card','1','1','When Obsessive Skinner enters the battlefield, put a +1/+1 counter on target creature.
Delirium — At the beginning of each opponent§s upkeep, if there are four or more card types among cards in your graveyard, put a +1/+1 counter on target creature.');
insert into card_color (id_card, id_color) values (2633,5);
insert into card_type (id_card, id_type) values (2633,1);
insert into card(id, name, manaCost, cmc, rarity_id, set_id, imageUrl, c_power, c_toughness, description) values ('2634','Pack Guardian','{2}{G}{G}','10','2','3','//gatherer.wizards.com/Handlers/Image.ashx?multiverseid=409983&type=card','4','3','Flash (You may cast this spell any time you could cast an instant.)
When Pack Guardian enters the battlefield, you may discard a land card. If you do, create a 2/2 green Wolf creature token.');
insert into card_color (id_card, id_color) values (2634,5);
insert into card_type (id_card, id_type) values (2634,1);
insert into card(id, name, manaCost, cmc, rarity_id, set_id, imageUrl, c_power, c_toughness, description) values ('2635','Quilled Wolf','{1}{G}','10','1','3','//gatherer.wizards.com/Handlers/Image.ashx?multiverseid=409984&type=card','2','2','{5}{G}: Quilled Wolf gets +4/+4 until end of turn.');
insert into card_color (id_card, id_color) values (2635,5);
insert into card_type (id_card, id_type) values (2635,1);
insert into card(id, name, manaCost, cmc, rarity_id, set_id, imageUrl, c_power, c_toughness, description) values ('2636','Rabid Bite','{1}{G}','10','1','3','//gatherer.wizards.com/Handlers/Image.ashx?multiverseid=409985&type=card','none','none','Target creature you control deals damage equal to its power to target creature you don§t control.');
insert into card_color (id_card, id_color) values (2636,5);
insert into card_type (id_card, id_type) values (2636,6);
insert into card(id, name, manaCost, cmc, rarity_id, set_id, imageUrl, c_power, c_toughness, description) values ('2637','Root Out','{2}{G}','10','1','3','//gatherer.wizards.com/Handlers/Image.ashx?multiverseid=409986&type=card','none','none','Destroy target artifact or enchantment.
Investigate. (Create a colorless Clue artifact token with "{2}, Sacrifice this artifact: Draw a card.")');
insert into card_color (id_card, id_color) values (2637,5);
insert into card_type (id_card, id_type) values (2637,6);
insert into card(id, name, manaCost, cmc, rarity_id, set_id, imageUrl, c_power, c_toughness, description) values ('2638','Sage of Ancient Lore','{4}{G}','10','3','3','//gatherer.wizards.com/Handlers/Image.ashx?multiverseid=409987&type=card','*','*','Sage of Ancient Lore§s power and toughness are each equal to the number of cards in your hand.
When Sage of Ancient Lore enters the battlefield, draw a card.
At the beginning of each upkeep, if no spells were cast last turn, transform Sage of Ancient Lore.');
insert into card_color (id_card, id_color) values (2638,5);
insert into card_type (id_card, id_type) values (2638,1);
insert into card(id, name, manaCost, cmc, rarity_id, set_id, imageUrl, c_power, c_toughness, description) values ('2639','Werewolf of Ancient Hunger','null','10','3','3','//gatherer.wizards.com/Handlers/Image.ashx?multiverseid=409988&type=card','*','*','Vigilance, trample
Werewolf of Ancient Hunger§s power and toughness are each equal to the total number of cards in all players§ hands.
At the beginning of each upkeep, if a player cast two or more spells last turn, transform Werewolf of Ancient Hunger.');
insert into card_color (id_card, id_color) values (2639,5);
insert into card_type (id_card, id_type) values (2639,1);
insert into card(id, name, manaCost, cmc, rarity_id, set_id, imageUrl, c_power, c_toughness, description) values ('2640','Seasons Past','{4}{G}{G}','10','4','3','//gatherer.wizards.com/Handlers/Image.ashx?multiverseid=409989&type=card','none','none','Return any number of cards with different converted mana costs from your graveyard to your hand. Put Seasons Past on the bottom of its owner§s library.');
insert into card_color (id_card, id_color) values (2640,5);
insert into card_type (id_card, id_type) values (2640,6);
insert into card(id, name, manaCost, cmc, rarity_id, set_id, imageUrl, c_power, c_toughness, description) values ('2641','Second Harvest','{2}{G}{G}','10','3','3','//gatherer.wizards.com/Handlers/Image.ashx?multiverseid=409990&type=card','none','none','For each token you control, create a token that§s a copy of that permanent.');
insert into card_color (id_card, id_color) values (2641,5);
insert into card_type (id_card, id_type) values (2641,7);
insert into card(id, name, manaCost, cmc, rarity_id, set_id, imageUrl, c_power, c_toughness, description) values ('2642','Silverfur Partisan','{2}{G}','10','3','3','//gatherer.wizards.com/Handlers/Image.ashx?multiverseid=409991&type=card','2','2','Trample
Whenever a Wolf or Werewolf you control becomes the target of an instant or sorcery spell, create a 2/2 green Wolf creature token.');
insert into card_color (id_card, id_color) values (2642,5);
insert into card_type (id_card, id_type) values (2642,1);
insert into card(id, name, manaCost, cmc, rarity_id, set_id, imageUrl, c_power, c_toughness, description) values ('2643','Solitary Hunter','{3}{G}','10','1','3','//gatherer.wizards.com/Handlers/Image.ashx?multiverseid=409992&type=card','3','4','At the beginning of each upkeep, if no spells were cast last turn, transform Solitary Hunter.');
insert into card_color (id_card, id_color) values (2643,5);
insert into card_type (id_card, id_type) values (2643,1);
insert into card(id, name, manaCost, cmc, rarity_id, set_id, imageUrl, c_power, c_toughness, description) values ('2644','One of the Pack','null','10','1','3','//gatherer.wizards.com/Handlers/Image.ashx?multiverseid=409993&type=card','5','6','At the beginning of each upkeep, if a player cast two or more spells last turn, transform One of the Pack.');
insert into card_color (id_card, id_color) values (2644,5);
insert into card_type (id_card, id_type) values (2644,1);
insert into card(id, name, manaCost, cmc, rarity_id, set_id, imageUrl, c_power, c_toughness, description) values ('2645','Soul Swallower','{2}{G}{G}','10','3','3','//gatherer.wizards.com/Handlers/Image.ashx?multiverseid=409994&type=card','3','3','Trample
Delirium — At the beginning of your upkeep, if there are four or more card types among cards in your graveyard, put three +1/+1 counters on Soul Swallower.');
insert into card_color (id_card, id_color) values (2645,5);
insert into card_type (id_card, id_type) values (2645,1);
insert into card(id, name, manaCost, cmc, rarity_id, set_id, imageUrl, c_power, c_toughness, description) values ('2646','Stoic Builder','{2}{G}','10','1','3','//gatherer.wizards.com/Handlers/Image.ashx?multiverseid=409995&type=card','2','3','When Stoic Builder enters the battlefield, you may return target land card from your graveyard to your hand.');
insert into card_color (id_card, id_color) values (2646,5);
insert into card_type (id_card, id_type) values (2646,1);
insert into card(id, name, manaCost, cmc, rarity_id, set_id, imageUrl, c_power, c_toughness, description) values ('2647','Thornhide Wolves','{4}{G}','10','1','3','//gatherer.wizards.com/Handlers/Image.ashx?multiverseid=409996&type=card','4','5','null');
insert into card_color (id_card, id_color) values (2647,5);
insert into card_type (id_card, id_type) values (2647,1);
insert into card(id, name, manaCost, cmc, rarity_id, set_id, imageUrl, c_power, c_toughness, description) values ('2648','Tireless Tracker','{2}{G}','10','3','3','//gatherer.wizards.com/Handlers/Image.ashx?multiverseid=409997&type=card','3','2','Whenever a land enters the battlefield under your control, investigate. (Create a colorless Clue artifact token with "{2}, Sacrifice this artifact: Draw a card.")
Whenever you sacrifice a Clue, put a +1/+1 counter on Tireless Tracker.');
insert into card_color (id_card, id_color) values (2648,5);
insert into card_type (id_card, id_type) values (2648,1);
insert into card(id, name, manaCost, cmc, rarity_id, set_id, imageUrl, c_power, c_toughness, description) values ('2649','Traverse the Ulvenwald','{G}','10','3','3','//gatherer.wizards.com/Handlers/Image.ashx?multiverseid=409998&type=card','none','none','Search your library for a basic land card, reveal it, put it into your hand, then shuffle your library.
Delirium — If there are four or more card types among cards in your graveyard, instead search your library for a creature or land card, reveal it, put it into your hand, then shuffle your library.');
insert into card_color (id_card, id_color) values (2649,5);
insert into card_type (id_card, id_type) values (2649,6);
insert into card(id, name, manaCost, cmc, rarity_id, set_id, imageUrl, c_power, c_toughness, description) values ('2650','Ulvenwald Hydra','{4}{G}{G}','10','4','3','//gatherer.wizards.com/Handlers/Image.ashx?multiverseid=409999&type=card','*','*','Reach
Ulvenwald Hydra§s power and toughness are each equal to the number of lands you control.
When Ulvenwald Hydra enters the battlefield, you may search your library for a land card, put it onto the battlefield tapped, then shuffle your library.');
insert into card_color (id_card, id_color) values (2650,5);
insert into card_type (id_card, id_type) values (2650,1);
insert into card(id, name, manaCost, cmc, rarity_id, set_id, imageUrl, c_power, c_toughness, description) values ('2651','Ulvenwald Mysteries','{2}{G}','10','2','3','//gatherer.wizards.com/Handlers/Image.ashx?multiverseid=410000&type=card','none','none','Whenever a nontoken creature you control dies, investigate. (Create a colorless Clue artifact token with "{2}, Sacrifice this artifact: Draw a card.")
Whenever you sacrifice a Clue, create a 1/1 white Human Soldier creature token.');
insert into card_color (id_card, id_color) values (2651,5);
insert into card_type (id_card, id_type) values (2651,4);
insert into card(id, name, manaCost, cmc, rarity_id, set_id, imageUrl, c_power, c_toughness, description) values ('2652','Vessel of Nascency','{G}','10','1','3','//gatherer.wizards.com/Handlers/Image.ashx?multiverseid=410001&type=card','none','none','{1}{G}, Sacrifice Vessel of Nascency: Reveal the top four cards of your library. You may put an artifact, creature, enchantment, land, or planeswalker card from among them into your hand. Put the rest into your graveyard.');
insert into card_color (id_card, id_color) values (2652,5);
insert into card_type (id_card, id_type) values (2652,4);
insert into card(id, name, manaCost, cmc, rarity_id, set_id, imageUrl, c_power, c_toughness, description) values ('2653','Veteran Cathar','{1}{G}','10','2','3','//gatherer.wizards.com/Handlers/Image.ashx?multiverseid=410002&type=card','2','2','{3}{W}: Target Human gains double strike until end of turn.');
insert into card_color (id_card, id_color) values (2653,5);
insert into card_color (id_card, id_color) values (2653,2);
insert into card_type (id_card, id_type) values (2653,1);
insert into card(id, name, manaCost, cmc, rarity_id, set_id, imageUrl, c_power, c_toughness, description) values ('2654','Watcher in the Web','{4}{G}','10','1','3','//gatherer.wizards.com/Handlers/Image.ashx?multiverseid=410003&type=card','2','5','Reach (This creature can block creatures with flying.)
Watcher in the Web can block an additional seven creatures each combat.');
insert into card_color (id_card, id_color) values (2654,5);
insert into card_type (id_card, id_type) values (2654,1);
insert into card(id, name, manaCost, cmc, rarity_id, set_id, imageUrl, c_power, c_toughness, description) values ('2655','Weirding Wood','{2}{G}','10','2','3','//gatherer.wizards.com/Handlers/Image.ashx?multiverseid=410004&type=card','none','none','Enchant land
When Weirding Wood enters the battlefield, investigate. (Create a colorless Clue artifact token with "{2}, Sacrifice this artifact: Draw a card.")
Enchanted land has "{T}: Add two mana of any one color to your mana pool."');
insert into card_color (id_card, id_color) values (2655,5);
insert into card_type (id_card, id_type) values (2655,4);
insert into card(id, name, manaCost, cmc, rarity_id, set_id, imageUrl, c_power, c_toughness, description) values ('2656','Altered Ego','{X}{2}{G}{U}','10','3','3','//gatherer.wizards.com/Handlers/Image.ashx?multiverseid=410005&type=card','0','0','Altered Ego can§t be countered.
You may have Altered Ego enter the battlefield as a copy of any creature on the battlefield, except it enters with X additional +1/+1 counters on it.');
insert into card_color (id_card, id_color) values (2656,6);
insert into card_color (id_card, id_color) values (2656,5);
insert into card_type (id_card, id_type) values (2656,1);
insert into card(id, name, manaCost, cmc, rarity_id, set_id, imageUrl, c_power, c_toughness, description) values ('2657','Anguished Unmaking','{1}{W}{B}','10','3','3','//gatherer.wizards.com/Handlers/Image.ashx?multiverseid=410006&type=card','none','none','Exile target nonland permanent. You lose 3 life.');
insert into card_color (id_card, id_color) values (2657,2);
insert into card_color (id_card, id_color) values (2657,3);
insert into card_type (id_card, id_type) values (2657,7);
insert into card(id, name, manaCost, cmc, rarity_id, set_id, imageUrl, c_power, c_toughness, description) values ('2658','Arlinn Kord','{2}{R}{G}','10','4','3','//gatherer.wizards.com/Handlers/Image.ashx?multiverseid=410007&type=card','none','none','+1: Until end of turn, up to one target creature gets +2/+2 and gains vigilance and haste.
0: Create a 2/2 green Wolf creature token. Transform Arlinn Kord.');
insert into card_color (id_card, id_color) values (2658,4);
insert into card_color (id_card, id_color) values (2658,5);
insert into card_type (id_card, id_type) values (2658,5);
insert into card(id, name, manaCost, cmc, rarity_id, set_id, imageUrl, c_power, c_toughness, description) values ('2659','Arlinn, Embraced by the Moon','null','10','4','3','//gatherer.wizards.com/Handlers/Image.ashx?multiverseid=410008&type=card','none','none','+1: Creatures you control get +1/+1 and gain trample until end of turn.
−1: Arlinn, Embraced by the Moon deals 3 damage to target creature or player. Transform Arlinn, Embraced by the Moon.
−6: You get an emblem with "Creatures you control have haste and ‘{T}: This creature deals damage equal to its power to target creature or player.§"');
insert into card_color (id_card, id_color) values (2659,4);
insert into card_color (id_card, id_color) values (2659,5);
insert into card_type (id_card, id_type) values (2659,5);
insert into card(id, name, manaCost, cmc, rarity_id, set_id, imageUrl, c_power, c_toughness, description) values ('2660','Fevered Visions','{1}{U}{R}','10','3','3','//gatherer.wizards.com/Handlers/Image.ashx?multiverseid=410009&type=card','none','none','At the beginning of each player§s end step, that player draws a card. If the player is your opponent and has four or more cards in hand, Fevered Visions deals 2 damage to him or her.');
insert into card_color (id_card, id_color) values (2660,6);
insert into card_color (id_card, id_color) values (2660,4);
insert into card_type (id_card, id_type) values (2660,4);
insert into card(id, name, manaCost, cmc, rarity_id, set_id, imageUrl, c_power, c_toughness, description) values ('2661','The Gitrog Monster','{3}{B}{G}','10','4','3','//gatherer.wizards.com/Handlers/Image.ashx?multiverseid=410010&type=card','6','6','Deathtouch
At the beginning of your upkeep, sacrifice The Gitrog Monster unless you sacrifice a land.
You may play an additional land on each of your turns.
Whenever one or more land cards are put into your graveyard from anywhere, draw a card.');
insert into card_color (id_card, id_color) values (2661,3);
insert into card_color (id_card, id_color) values (2661,5);
insert into card_type (id_card, id_type) values (2661,1);
insert into card_supertype (id_card, id_supertype) values (2661,3);
insert into card(id, name, manaCost, cmc, rarity_id, set_id, imageUrl, c_power, c_toughness, description) values ('2662','Invocation of Saint Traft','{1}{W}{U}','10','3','3','//gatherer.wizards.com/Handlers/Image.ashx?multiverseid=410011&type=card','none','none','Enchant creature
Enchanted creature has "Whenever this creature attacks, create a 4/4 white Angel creature token with flying that§s tapped and attacking. Exile that token at end of combat."');
insert into card_color (id_card, id_color) values (2662,2);
insert into card_color (id_card, id_color) values (2662,6);
insert into card_type (id_card, id_type) values (2662,4);
insert into card(id, name, manaCost, cmc, rarity_id, set_id, imageUrl, c_power, c_toughness, description) values ('2663','Nahiri, the Harbinger','{2}{R}{W}','10','4','3','//gatherer.wizards.com/Handlers/Image.ashx?multiverseid=410012&type=card','none','none','+2: You may discard a card. If you do, draw a card.
−2: Exile target enchantment, tapped artifact, or tapped creature.
−8: Search your library for an artifact or creature card, put it onto the battlefield, then shuffle your library. It gains haste. Return it to your hand at the beginning of the next end step.');
insert into card_color (id_card, id_color) values (2663,2);
insert into card_color (id_card, id_color) values (2663,4);
insert into card_type (id_card, id_type) values (2663,5);
insert into card(id, name, manaCost, cmc, rarity_id, set_id, imageUrl, c_power, c_toughness, description) values ('2664','Olivia, Mobilized for War','{1}{B}{R}','10','4','3','//gatherer.wizards.com/Handlers/Image.ashx?multiverseid=410013&type=card','3','3','Flying
Whenever another creature enters the battlefield under your control, you may discard a card. If you do, put a +1/+1 counter on that creature, it gains haste until end of turn, and it becomes a Vampire in addition to its other types.');
insert into card_color (id_card, id_color) values (2664,3);
insert into card_color (id_card, id_color) values (2664,4);
insert into card_type (id_card, id_type) values (2664,1);
insert into card_supertype (id_card, id_supertype) values (2664,3);
insert into card(id, name, manaCost, cmc, rarity_id, set_id, imageUrl, c_power, c_toughness, description) values ('2665','Prized Amalgam','{1}{U}{B}','10','3','3','//gatherer.wizards.com/Handlers/Image.ashx?multiverseid=410014&type=card','3','3','Whenever a creature enters the battlefield, if it entered from your graveyard or you cast it from your graveyard, return Prized Amalgam from your graveyard to the battlefield tapped at the beginning of the next end step.');
insert into card_color (id_card, id_color) values (2665,6);
insert into card_color (id_card, id_color) values (2665,3);
insert into card_type (id_card, id_type) values (2665,1);
insert into card(id, name, manaCost, cmc, rarity_id, set_id, imageUrl, c_power, c_toughness, description) values ('2666','Sigarda, Heron§s Grace','{3}{G}{W}','10','4','3','//gatherer.wizards.com/Handlers/Image.ashx?multiverseid=410015&type=card','4','5','Flying
You and Humans you control have hexproof.
{2}, Exile a card from your graveyard: Create a 1/1 white Human Soldier creature token.');
insert into card_color (id_card, id_color) values (2666,2);
insert into card_color (id_card, id_color) values (2666,5);
insert into card_type (id_card, id_type) values (2666,1);
insert into card_supertype (id_card, id_supertype) values (2666,3);
insert into card(id, name, manaCost, cmc, rarity_id, set_id, imageUrl, c_power, c_toughness, description) values ('2667','Sorin, Grim Nemesis','{4}{W}{B}','10','4','3','//gatherer.wizards.com/Handlers/Image.ashx?multiverseid=410016&type=card','none','none','+1: Reveal the top card of your library and put that card into your hand. Each opponent loses life equal to its converted mana cost.
−X: Sorin, Grim Nemesis deals X damage to target creature or planeswalker and you gain X life.
−9: Create a number of 1/1 black Vampire Knight creature tokens with lifelink equal to the highest life total among all players.');
insert into card_color (id_card, id_color) values (2667,2);
insert into card_color (id_card, id_color) values (2667,3);
insert into card_type (id_card, id_type) values (2667,5);
insert into card(id, name, manaCost, cmc, rarity_id, set_id, imageUrl, c_power, c_toughness, description) values ('2668','Brain in a Jar','{2}','10','3','3','//gatherer.wizards.com/Handlers/Image.ashx?multiverseid=410017&type=card','none','none','{1}, {T}: Put a charge counter on Brain in a Jar, then you may cast an instant or sorcery card with converted mana cost equal to the number of charge counters on Brain in a Jar from your hand without paying its mana cost.
{3}, {T}, Remove X charge counters from Brain in a Jar: Scry X.');
insert into card_color (id_card, id_color) values (2668,1);
insert into card_type (id_card, id_type) values (2668,3);
insert into card(id, name, manaCost, cmc, rarity_id, set_id, imageUrl, c_power, c_toughness, description) values ('2669','Corrupted Grafstone','{2}','10','3','3','//gatherer.wizards.com/Handlers/Image.ashx?multiverseid=410018&type=card','none','none','Corrupted Grafstone enters the battlefield tapped.
{T}: Choose a color of a card in your graveyard. Add one mana of that color to your mana pool.');
insert into card_color (id_card, id_color) values (2669,1);
insert into card_type (id_card, id_type) values (2669,3);
insert into card(id, name, manaCost, cmc, rarity_id, set_id, imageUrl, c_power, c_toughness, description) values ('2670','Epitaph Golem','{5}','10','2','3','//gatherer.wizards.com/Handlers/Image.ashx?multiverseid=410019&type=card','3','5','{2}: Put target card from your graveyard on the bottom of your library.');
insert into card_color (id_card, id_color) values (2670,1);
insert into card_type (id_card, id_type) values (2670,3);
insert into card_type (id_card, id_type) values (2670,1);
insert into card(id, name, manaCost, cmc, rarity_id, set_id, imageUrl, c_power, c_toughness, description) values ('2671','Explosive Apparatus','{1}','10','1','3','//gatherer.wizards.com/Handlers/Image.ashx?multiverseid=410020&type=card','none','none','{3}, {T}, Sacrifice Explosive Apparatus: Explosive Apparatus deals 2 damage to target creature or player.');
insert into card_color (id_card, id_color) values (2671,1);
insert into card_type (id_card, id_type) values (2671,3);
insert into card(id, name, manaCost, cmc, rarity_id, set_id, imageUrl, c_power, c_toughness, description) values ('2672','Harvest Hand','{3}','10','2','3','//gatherer.wizards.com/Handlers/Image.ashx?multiverseid=410021&type=card','2','2','When Harvest Hand dies, return it to the battlefield transformed under your control.');
insert into card_color (id_card, id_color) values (2672,1);
insert into card_type (id_card, id_type) values (2672,3);
insert into card_type (id_card, id_type) values (2672,1);
insert into card(id, name, manaCost, cmc, rarity_id, set_id, imageUrl, c_power, c_toughness, description) values ('2673','Scrounged Scythe','null','10','2','3','//gatherer.wizards.com/Handlers/Image.ashx?multiverseid=410022&type=card','none','none','Equipped creature gets +1/+1.
As long as equipped creature is a Human, it has menace. (It can§t be blocked except by two or more creatures.)
Equip {2}');
insert into card_color (id_card, id_color) values (2673,1);
insert into card_type (id_card, id_type) values (2673,3);
insert into card(id, name, manaCost, cmc, rarity_id, set_id, imageUrl, c_power, c_toughness, description) values ('2674','Haunted Cloak','{3}','10','2','3','//gatherer.wizards.com/Handlers/Image.ashx?multiverseid=410023&type=card','none','none','Equipped creature has vigilance, trample, and haste.
Equip {1}');
insert into card_color (id_card, id_color) values (2674,1);
insert into card_type (id_card, id_type) values (2674,3);
insert into card(id, name, manaCost, cmc, rarity_id, set_id, imageUrl, c_power, c_toughness, description) values ('2675','Magnifying Glass','{3}','10','2','3','//gatherer.wizards.com/Handlers/Image.ashx?multiverseid=410024&type=card','none','none','{T}: Add {C} to your mana pool.
{4}, {T}: Investigate. (Create a colorless Clue artifact token with "{2}, Sacrifice this artifact: Draw a card.")');
insert into card_color (id_card, id_color) values (2675,1);
insert into card_type (id_card, id_type) values (2675,3);
insert into card(id, name, manaCost, cmc, rarity_id, set_id, imageUrl, c_power, c_toughness, description) values ('2676','Murderer§s Axe','{4}','10','2','3','//gatherer.wizards.com/Handlers/Image.ashx?multiverseid=410025&type=card','none','none','Equipped creature gets +2/+2.
Equip—Discard a card.');
insert into card_color (id_card, id_color) values (2676,1);
insert into card_type (id_card, id_type) values (2676,3);
insert into card(id, name, manaCost, cmc, rarity_id, set_id, imageUrl, c_power, c_toughness, description) values ('2677','Neglected Heirloom','{1}','10','2','3','//gatherer.wizards.com/Handlers/Image.ashx?multiverseid=410026&type=card','none','none','Equipped creature gets +1/+1.
When equipped creature transforms, transform Neglected Heirloom.
Equip {1}');
insert into card_color (id_card, id_color) values (2677,1);
insert into card_type (id_card, id_type) values (2677,3);
insert into card(id, name, manaCost, cmc, rarity_id, set_id, imageUrl, c_power, c_toughness, description) values ('2678','Ashmouth Blade','null','10','2','3','//gatherer.wizards.com/Handlers/Image.ashx?multiverseid=410027&type=card','none','none','Equipped creature gets +3/+3 and has first strike.
Equip {3}');
insert into card_color (id_card, id_color) values (2678,1);
insert into card_type (id_card, id_type) values (2678,3);
insert into card(id, name, manaCost, cmc, rarity_id, set_id, imageUrl, c_power, c_toughness, description) values ('2679','Runaway Carriage','{4}','10','2','3','//gatherer.wizards.com/Handlers/Image.ashx?multiverseid=410028&type=card','5','6','Trample
When Runaway Carriage attacks or blocks, sacrifice it at end of combat.');
insert into card_color (id_card, id_color) values (2679,1);
insert into card_type (id_card, id_type) values (2679,3);
insert into card_type (id_card, id_type) values (2679,1);
insert into card(id, name, manaCost, cmc, rarity_id, set_id, imageUrl, c_power, c_toughness, description) values ('2680','Shard of Broken Glass','{1}','10','1','3','//gatherer.wizards.com/Handlers/Image.ashx?multiverseid=410029&type=card','none','none','Equipped creature gets +1/+0.
Whenever equipped creature attacks, you may put the top two cards of your library into your graveyard.
Equip {1} ({1}: Attach to target creature you control. Equip only as a sorcery.)');
insert into card_color (id_card, id_color) values (2680,1);
insert into card_type (id_card, id_type) values (2680,3);
insert into card(id, name, manaCost, cmc, rarity_id, set_id, imageUrl, c_power, c_toughness, description) values ('2681','Skeleton Key','{1}','10','2','3','//gatherer.wizards.com/Handlers/Image.ashx?multiverseid=410030&type=card','none','none','Equipped creature has skulk. (It can§t be blocked by creatures with greater power.)
Whenever equipped creature deals combat damage to a player, you may draw a card. If you do, discard a card.
Equip {2}');
insert into card_color (id_card, id_color) values (2681,1);
insert into card_type (id_card, id_type) values (2681,3);
insert into card(id, name, manaCost, cmc, rarity_id, set_id, imageUrl, c_power, c_toughness, description) values ('2682','Slayer§s Plate','{3}','10','3','3','//gatherer.wizards.com/Handlers/Image.ashx?multiverseid=410031&type=card','none','none','Equipped creature gets +4/+2.
Whenever equipped creature dies, if it was a Human, create a 1/1 white Spirit creature token with flying.
Equip {3}');
insert into card_color (id_card, id_color) values (2682,1);
insert into card_type (id_card, id_type) values (2682,3);
insert into card(id, name, manaCost, cmc, rarity_id, set_id, imageUrl, c_power, c_toughness, description) values ('2683','Tamiyo§s Journal','{5}','10','3','3','//gatherer.wizards.com/Handlers/Image.ashx?multiverseid=410032&type=card','none','none','At the beginning of your upkeep, investigate. (Create a colorless Clue artifact token with "{2}, Sacrifice this artifact: Draw a card.")
{T}, Sacrifice three Clues: Search your library for a card and put that card into your hand. Then shuffle your library.');
insert into card_color (id_card, id_color) values (2683,1);
insert into card_type (id_card, id_type) values (2683,3);
insert into card_supertype (id_card, id_supertype) values (2683,3);
insert into card(id, name, manaCost, cmc, rarity_id, set_id, imageUrl, c_power, c_toughness, description) values ('2684','Thraben Gargoyle','{1}','10','2','3','//gatherer.wizards.com/Handlers/Image.ashx?multiverseid=410033&type=card','2','2','Defender
{6}: Transform Thraben Gargoyle.');
insert into card_color (id_card, id_color) values (2684,1);
insert into card_type (id_card, id_type) values (2684,3);
insert into card_type (id_card, id_type) values (2684,1);
insert into card(id, name, manaCost, cmc, rarity_id, set_id, imageUrl, c_power, c_toughness, description) values ('2685','Stonewing Antagonizer','null','10','2','3','//gatherer.wizards.com/Handlers/Image.ashx?multiverseid=410034&type=card','4','2','Flying');
insert into card_color (id_card, id_color) values (2685,1);
insert into card_type (id_card, id_type) values (2685,3);
insert into card_type (id_card, id_type) values (2685,1);
insert into card(id, name, manaCost, cmc, rarity_id, set_id, imageUrl, c_power, c_toughness, description) values ('2686','True-Faith Censer','{2}','10','1','3','//gatherer.wizards.com/Handlers/Image.ashx?multiverseid=410035&type=card','none','none','Equipped creature gets +1/+1 and has vigilance.
As long as equipped creature is a Human, it gets an additional +1/+0.
Equip {2} ({2}: Attach to target creature you control. Equip only as a sorcery.)');
insert into card_color (id_card, id_color) values (2686,1);
insert into card_type (id_card, id_type) values (2686,3);
insert into card(id, name, manaCost, cmc, rarity_id, set_id, imageUrl, c_power, c_toughness, description) values ('2687','Wicker Witch','{3}','10','1','3','//gatherer.wizards.com/Handlers/Image.ashx?multiverseid=410036&type=card','3','1','null');
insert into card_color (id_card, id_color) values (2687,1);
insert into card_type (id_card, id_type) values (2687,3);
insert into card_type (id_card, id_type) values (2687,1);
insert into card(id, name, manaCost, cmc, rarity_id, set_id, imageUrl, c_power, c_toughness, description) values ('2688','Wild-Field Scarecrow','{3}','10','2','3','//gatherer.wizards.com/Handlers/Image.ashx?multiverseid=410037&type=card','1','4','Defender
{2}, Sacrifice Wild-Field Scarecrow: Search your library for up to two basic land cards, reveal them, and put them into your hand. Then shuffle your library.');
insert into card_color (id_card, id_color) values (2688,1);
insert into card_type (id_card, id_type) values (2688,3);
insert into card_type (id_card, id_type) values (2688,1);
insert into card(id, name, manaCost, cmc, rarity_id, set_id, imageUrl, c_power, c_toughness, description) values ('2689','Choked Estuary','null','10','3','3','//gatherer.wizards.com/Handlers/Image.ashx?multiverseid=410038&type=card','none','none','As Choked Estuary enters the battlefield, you may reveal an Island or Swamp card from your hand. If you don§t, Choked Estuary enters the battlefield tapped.
{T}: Add {U} or {B} to your mana pool.');
insert into card_color (id_card, id_color) values (2689,6);
insert into card_color (id_card, id_color) values (2689,3);
insert into card_type (id_card, id_type) values (2689,2);
insert into card(id, name, manaCost, cmc, rarity_id, set_id, imageUrl, c_power, c_toughness, description) values ('2690','Drownyard Temple','null','10','3','3','//gatherer.wizards.com/Handlers/Image.ashx?multiverseid=410039&type=card','none','none','{T}: Add {C} to your mana pool.
{3}: Return Drownyard Temple from your graveyard to the battlefield tapped.');
insert into card_color (id_card, id_color) values (2690,1);
insert into card_type (id_card, id_type) values (2690,2);
insert into card(id, name, manaCost, cmc, rarity_id, set_id, imageUrl, c_power, c_toughness, description) values ('2691','Foreboding Ruins','null','10','3','3','//gatherer.wizards.com/Handlers/Image.ashx?multiverseid=410040&type=card','none','none','As Foreboding Ruins enters the battlefield, you may reveal a Swamp or Mountain card from your hand. If you don§t, Foreboding Ruins enters the battlefield tapped.
{T}: Add {B} or {R} to your mana pool.');
insert into card_color (id_card, id_color) values (2691,3);
insert into card_color (id_card, id_color) values (2691,4);
insert into card_type (id_card, id_type) values (2691,2);
insert into card(id, name, manaCost, cmc, rarity_id, set_id, imageUrl, c_power, c_toughness, description) values ('2692','Forsaken Sanctuary','null','10','2','3','//gatherer.wizards.com/Handlers/Image.ashx?multiverseid=410041&type=card','none','none','Forsaken Sanctuary enters the battlefield tapped.
{T}: Add {W} or {B} to your mana pool.');
insert into card_color (id_card, id_color) values (2692,2);
insert into card_color (id_card, id_color) values (2692,3);
insert into card_type (id_card, id_type) values (2692,2);
insert into card(id, name, manaCost, cmc, rarity_id, set_id, imageUrl, c_power, c_toughness, description) values ('2693','Fortified Village','null','10','3','3','//gatherer.wizards.com/Handlers/Image.ashx?multiverseid=410042&type=card','none','none','As Fortified Village enters the battlefield, you may reveal a Forest or Plains card from your hand. If you don§t, Fortified Village enters the battlefield tapped.
{T}: Add {G} or {W} to your mana pool.');
insert into card_color (id_card, id_color) values (2693,5);
insert into card_color (id_card, id_color) values (2693,2);
insert into card_type (id_card, id_type) values (2693,2);
insert into card(id, name, manaCost, cmc, rarity_id, set_id, imageUrl, c_power, c_toughness, description) values ('2694','Foul Orchard','null','10','2','3','//gatherer.wizards.com/Handlers/Image.ashx?multiverseid=410043&type=card','none','none','Foul Orchard enters the battlefield tapped.
{T}: Add {B} or {G} to your mana pool.');
insert into card_color (id_card, id_color) values (2694,3);
insert into card_color (id_card, id_color) values (2694,5);
insert into card_type (id_card, id_type) values (2694,2);
insert into card(id, name, manaCost, cmc, rarity_id, set_id, imageUrl, c_power, c_toughness, description) values ('2695','Game Trail','null','10','3','3','//gatherer.wizards.com/Handlers/Image.ashx?multiverseid=410044&type=card','none','none','As Game Trail enters the battlefield, you may reveal a Mountain or Forest card from your hand. If you don§t, Game Trail enters the battlefield tapped.
{T}: Add {R} or {G} to your mana pool.');
insert into card_color (id_card, id_color) values (2695,4);
insert into card_color (id_card, id_color) values (2695,5);
insert into card_type (id_card, id_type) values (2695,2);
insert into card(id, name, manaCost, cmc, rarity_id, set_id, imageUrl, c_power, c_toughness, description) values ('2696','Highland Lake','null','10','2','3','//gatherer.wizards.com/Handlers/Image.ashx?multiverseid=410045&type=card','none','none','Highland Lake enters the battlefield tapped.
{T}: Add {U} or {R} to your mana pool.');
insert into card_color (id_card, id_color) values (2696,6);
insert into card_color (id_card, id_color) values (2696,4);
insert into card_type (id_card, id_type) values (2696,2);
insert into card(id, name, manaCost, cmc, rarity_id, set_id, imageUrl, c_power, c_toughness, description) values ('2697','Port Town','null','10','3','3','//gatherer.wizards.com/Handlers/Image.ashx?multiverseid=410046&type=card','none','none','As Port Town enters the battlefield, you may reveal a Plains or Island card from your hand. If you don§t, Port Town enters the battlefield tapped.
{T}: Add {W} or {U} to your mana pool.');
insert into card_color (id_card, id_color) values (2697,2);
insert into card_color (id_card, id_color) values (2697,6);
insert into card_type (id_card, id_type) values (2697,2);
insert into card(id, name, manaCost, cmc, rarity_id, set_id, imageUrl, c_power, c_toughness, description) values ('2698','Stone Quarry','null','10','2','3','//gatherer.wizards.com/Handlers/Image.ashx?multiverseid=410047&type=card','none','none','Stone Quarry enters the battlefield tapped.
{T}: Add {R} or {W} to your mana pool.');
insert into card_color (id_card, id_color) values (2698,4);
insert into card_color (id_card, id_color) values (2698,2);
insert into card_type (id_card, id_type) values (2698,2);
insert into card(id, name, manaCost, cmc, rarity_id, set_id, imageUrl, c_power, c_toughness, description) values ('2699','Warped Landscape','null','10','1','3','//gatherer.wizards.com/Handlers/Image.ashx?multiverseid=410048&type=card','none','none','{T}: Add {C} to your mana pool.
{2}, {T}, Sacrifice Warped Landscape: Search your library for a basic land card and put it onto the battlefield tapped. Then shuffle your library.');
insert into card_color (id_card, id_color) values (2699,1);
insert into card_type (id_card, id_type) values (2699,2);
insert into card(id, name, manaCost, cmc, rarity_id, set_id, imageUrl, c_power, c_toughness, description) values ('2700','Westvale Abbey','null','10','3','3','//gatherer.wizards.com/Handlers/Image.ashx?multiverseid=410049&type=card','none','none','{T}: Add {C} to your mana pool.
{5}, {T}, Pay 1 life: Create a 1/1 white and black Human Cleric creature token.
{5}, {T}, Sacrifice five creatures: Transform Westvale Abbey, then untap it.');
insert into card_color (id_card, id_color) values (2700,3);
insert into card_type (id_card, id_type) values (2700,2);
insert into card(id, name, manaCost, cmc, rarity_id, set_id, imageUrl, c_power, c_toughness, description) values ('2701','Ormendahl, Profane Prince','null','10','3','3','//gatherer.wizards.com/Handlers/Image.ashx?multiverseid=410050&type=card','9','7','Flying, lifelink, indestructible, haste');
insert into card_color (id_card, id_color) values (2701,3);
insert into card_type (id_card, id_type) values (2701,1);
insert into card_supertype (id_card, id_supertype) values (2701,3);
insert into card(id, name, manaCost, cmc, rarity_id, set_id, imageUrl, c_power, c_toughness, description) values ('2702','Woodland Stream','null','10','2','3','//gatherer.wizards.com/Handlers/Image.ashx?multiverseid=410051&type=card','none','none','Woodland Stream enters the battlefield tapped.
{T}: Add {G} or {U} to your mana pool.');
insert into card_color (id_card, id_color) values (2702,5);
insert into card_color (id_card, id_color) values (2702,6);
insert into card_type (id_card, id_type) values (2702,2);
insert into card(id, name, manaCost, cmc, rarity_id, set_id, imageUrl, c_power, c_toughness, description) values ('2703','Plains','null','10','6','3','//gatherer.wizards.com/Handlers/Image.ashx?multiverseid=410052&type=card','none','none','null');
insert into card_color (id_card, id_color) values (2703,2);
insert into card_type (id_card, id_type) values (2703,2);
insert into card_supertype (id_card, id_supertype) values (2703,2);
insert into card(id, name, manaCost, cmc, rarity_id, set_id, imageUrl, c_power, c_toughness, description) values ('2704','Plains','null','10','6','3','//gatherer.wizards.com/Handlers/Image.ashx?multiverseid=410053&type=card','none','none','null');
insert into card_color (id_card, id_color) values (2704,2);
insert into card_type (id_card, id_type) values (2704,2);
insert into card_supertype (id_card, id_supertype) values (2704,2);
insert into card(id, name, manaCost, cmc, rarity_id, set_id, imageUrl, c_power, c_toughness, description) values ('2705','Plains','null','10','6','3','//gatherer.wizards.com/Handlers/Image.ashx?multiverseid=410054&type=card','none','none','null');
insert into card_color (id_card, id_color) values (2705,2);
insert into card_type (id_card, id_type) values (2705,2);
insert into card_supertype (id_card, id_supertype) values (2705,2);
insert into card(id, name, manaCost, cmc, rarity_id, set_id, imageUrl, c_power, c_toughness, description) values ('2706','Island','null','10','6','3','//gatherer.wizards.com/Handlers/Image.ashx?multiverseid=410055&type=card','none','none','null');
insert into card_color (id_card, id_color) values (2706,6);
insert into card_type (id_card, id_type) values (2706,2);
insert into card_supertype (id_card, id_supertype) values (2706,2);
insert into card(id, name, manaCost, cmc, rarity_id, set_id, imageUrl, c_power, c_toughness, description) values ('2707','Island','null','10','6','3','//gatherer.wizards.com/Handlers/Image.ashx?multiverseid=410056&type=card','none','none','null');
insert into card_color (id_card, id_color) values (2707,6);
insert into card_type (id_card, id_type) values (2707,2);
insert into card_supertype (id_card, id_supertype) values (2707,2);
insert into card(id, name, manaCost, cmc, rarity_id, set_id, imageUrl, c_power, c_toughness, description) values ('2708','Island','null','10','6','3','//gatherer.wizards.com/Handlers/Image.ashx?multiverseid=410057&type=card','none','none','null');
insert into card_color (id_card, id_color) values (2708,6);
insert into card_type (id_card, id_type) values (2708,2);
insert into card_supertype (id_card, id_supertype) values (2708,2);
insert into card(id, name, manaCost, cmc, rarity_id, set_id, imageUrl, c_power, c_toughness, description) values ('2709','Swamp','null','10','6','3','//gatherer.wizards.com/Handlers/Image.ashx?multiverseid=410058&type=card','none','none','null');
insert into card_color (id_card, id_color) values (2709,3);
insert into card_type (id_card, id_type) values (2709,2);
insert into card_supertype (id_card, id_supertype) values (2709,2);
insert into card(id, name, manaCost, cmc, rarity_id, set_id, imageUrl, c_power, c_toughness, description) values ('2710','Swamp','null','10','6','3','//gatherer.wizards.com/Handlers/Image.ashx?multiverseid=410059&type=card','none','none','null');
insert into card_color (id_card, id_color) values (2710,3);
insert into card_type (id_card, id_type) values (2710,2);
insert into card_supertype (id_card, id_supertype) values (2710,2);
insert into card(id, name, manaCost, cmc, rarity_id, set_id, imageUrl, c_power, c_toughness, description) values ('2711','Swamp','null','10','6','3','//gatherer.wizards.com/Handlers/Image.ashx?multiverseid=410060&type=card','none','none','null');
insert into card_color (id_card, id_color) values (2711,3);
insert into card_type (id_card, id_type) values (2711,2);
insert into card_supertype (id_card, id_supertype) values (2711,2);
insert into card(id, name, manaCost, cmc, rarity_id, set_id, imageUrl, c_power, c_toughness, description) values ('2712','Mountain','null','10','6','3','//gatherer.wizards.com/Handlers/Image.ashx?multiverseid=410061&type=card','none','none','null');
insert into card_color (id_card, id_color) values (2712,4);
insert into card_type (id_card, id_type) values (2712,2);
insert into card_supertype (id_card, id_supertype) values (2712,2);
insert into card(id, name, manaCost, cmc, rarity_id, set_id, imageUrl, c_power, c_toughness, description) values ('2713','Mountain','null','10','6','3','//gatherer.wizards.com/Handlers/Image.ashx?multiverseid=410062&type=card','none','none','null');
insert into card_color (id_card, id_color) values (2713,4);
insert into card_type (id_card, id_type) values (2713,2);
insert into card_supertype (id_card, id_supertype) values (2713,2);
insert into card(id, name, manaCost, cmc, rarity_id, set_id, imageUrl, c_power, c_toughness, description) values ('2714','Mountain','null','10','6','3','//gatherer.wizards.com/Handlers/Image.ashx?multiverseid=410063&type=card','none','none','null');
insert into card_color (id_card, id_color) values (2714,4);
insert into card_type (id_card, id_type) values (2714,2);
insert into card_supertype (id_card, id_supertype) values (2714,2);
insert into card(id, name, manaCost, cmc, rarity_id, set_id, imageUrl, c_power, c_toughness, description) values ('2715','Forest','null','10','6','3','//gatherer.wizards.com/Handlers/Image.ashx?multiverseid=410064&type=card','none','none','null');
insert into card_color (id_card, id_color) values (2715,5);
insert into card_type (id_card, id_type) values (2715,2);
insert into card_supertype (id_card, id_supertype) values (2715,2);
insert into card(id, name, manaCost, cmc, rarity_id, set_id, imageUrl, c_power, c_toughness, description) values ('2716','Forest','null','10','6','3','//gatherer.wizards.com/Handlers/Image.ashx?multiverseid=410065&type=card','none','none','null');
insert into card_color (id_card, id_color) values (2716,5);
insert into card_type (id_card, id_type) values (2716,2);
insert into card_supertype (id_card, id_supertype) values (2716,2);
insert into card(id, name, manaCost, cmc, rarity_id, set_id, imageUrl, c_power, c_toughness, description) values ('2717','Forest','null','10','6','3','//gatherer.wizards.com/Handlers/Image.ashx?multiverseid=410066&type=card','none','none','null');
insert into card_color (id_card, id_color) values (2717,5);
insert into card_type (id_card, id_type) values (2717,2);
insert into card_supertype (id_card, id_supertype) values (2717,2);
insert into card(id, name, manaCost, cmc, rarity_id, set_id, imageUrl, c_power, c_toughness, description) values ('2967','Abundant Maw','{8}','10','2','4','//gatherer.wizards.com/Handlers/Image.ashx?multiverseid=414290&type=card','6','4','Emerge {6}{B} (You may cast this spell by sacrificing a creature and paying the emerge cost reduced by that creature§s converted mana cost.)
When you cast Abundant Maw, target opponent loses 3 life and you gain 3 life.');
insert into card_color (id_card, id_color) values (2967,3);
insert into card_type (id_card, id_type) values (2967,1);
insert into card(id, name, manaCost, cmc, rarity_id, set_id, imageUrl, c_power, c_toughness, description) values ('2968','Decimator of the Provinces','{10}','10','4','4','//gatherer.wizards.com/Handlers/Image.ashx?multiverseid=414291&type=card','7','7','Emerge {6}{G}{G}{G} (You may cast this spell by sacrificing a creature and paying the emerge cost reduced by that creature§s converted mana cost.)
When you cast Decimator of the Provinces, creatures you control get +2/+2 and gain trample until end of turn.
Trample, haste');
insert into card_color (id_card, id_color) values (2968,5);
insert into card_type (id_card, id_type) values (2968,1);
insert into card(id, name, manaCost, cmc, rarity_id, set_id, imageUrl, c_power, c_toughness, description) values ('2969','Distended Mindbender','{8}','10','3','4','//gatherer.wizards.com/Handlers/Image.ashx?multiverseid=414292&type=card','5','5','Emerge {5}{B}{B} (You may cast this spell by sacrificing a creature and paying the emerge cost reduced by that creature§s converted mana cost.)
When you cast Distended Mindbender, target opponent reveals his or her hand. You choose from it a nonland card with converted mana cost 3 or less and a card with converted mana cost 4 or greater. That player discards those cards.');
insert into card_color (id_card, id_color) values (2969,3);
insert into card_type (id_card, id_type) values (2969,1);
insert into card(id, name, manaCost, cmc, rarity_id, set_id, imageUrl, c_power, c_toughness, description) values ('2970','Drownyard Behemoth','{9}','10','2','4','//gatherer.wizards.com/Handlers/Image.ashx?multiverseid=414293&type=card','5','7','Flash (You may cast this spell any time you could cast an instant.)
Emerge {7}{U} (You may cast this spell by sacrificing a creature and paying the emerge cost reduced by that creature§s converted mana cost.)
Drownyard Behemoth has hexproof as long as it entered the battlefield this turn.');
insert into card_color (id_card, id_color) values (2970,6);
insert into card_type (id_card, id_type) values (2970,1);
insert into card(id, name, manaCost, cmc, rarity_id, set_id, imageUrl, c_power, c_toughness, description) values ('2971','Elder Deep-Fiend','{8}','10','3','4','//gatherer.wizards.com/Handlers/Image.ashx?multiverseid=414294&type=card','5','6','Flash
Emerge {5}{U}{U} (You may cast this spell by sacrificing a creature and paying the emerge cost reduced by that creature§s converted mana cost.)
When you cast Elder Deep-Fiend, tap up to four target permanents.');
insert into card_color (id_card, id_color) values (2971,6);
insert into card_type (id_card, id_type) values (2971,1);
insert into card(id, name, manaCost, cmc, rarity_id, set_id, imageUrl, c_power, c_toughness, description) values ('2972','Emrakul, the Promised End','{13}','13','4','4','//gatherer.wizards.com/Handlers/Image.ashx?multiverseid=414295&type=card','13','13','Emrakul, the Promised End costs {1} less to cast for each card type among cards in your graveyard.
When you cast Emrakul, you gain control of target opponent during that player§s next turn. After that turn, that player takes an extra turn.
Flying, trample, protection from instants');
insert into card_color (id_card, id_color) values (2972,1);
insert into card_type (id_card, id_type) values (2972,1);
insert into card_supertype (id_card, id_supertype) values (2972,3);
insert into card(id, name, manaCost, cmc, rarity_id, set_id, imageUrl, c_power, c_toughness, description) values ('2973','Eternal Scourge','{3}','10','3','4','//gatherer.wizards.com/Handlers/Image.ashx?multiverseid=414296&type=card','3','3','You may cast Eternal Scourge from exile.
When Eternal Scourge becomes the target of a spell or ability an opponent controls, exile Eternal Scourge.');
insert into card_color (id_card, id_color) values (2973,1);
insert into card_type (id_card, id_type) values (2973,1);
insert into card(id, name, manaCost, cmc, rarity_id, set_id, imageUrl, c_power, c_toughness, description) values ('2974','It of the Horrid Swarm','{8}','10','1','4','//gatherer.wizards.com/Handlers/Image.ashx?multiverseid=414297&type=card','4','4','Emerge {6}{G} (You may cast this spell by sacrificing a creature and paying the emerge cost reduced by that creature§s converted mana cost.)
When you cast It of the Horrid Swarm, create two 1/1 green Insect creature tokens.');
insert into card_color (id_card, id_color) values (2974,5);
insert into card_type (id_card, id_type) values (2974,1);
insert into card(id, name, manaCost, cmc, rarity_id, set_id, imageUrl, c_power, c_toughness, description) values ('2975','Lashweed Lurker','{8}','10','2','4','//gatherer.wizards.com/Handlers/Image.ashx?multiverseid=414298&type=card','5','4','Emerge {5}{G}{U} (You may cast this spell by sacrificing a creature and paying the emerge cost reduced by that creature§s converted mana cost.)
When you cast Lashweed Lurker, you may put target nonland permanent on top of its owner§s library.');
insert into card_color (id_card, id_color) values (2975,5);
insert into card_color (id_card, id_color) values (2975,6);
insert into card_type (id_card, id_type) values (2975,1);
insert into card(id, name, manaCost, cmc, rarity_id, set_id, imageUrl, c_power, c_toughness, description) values ('2976','Mockery of Nature','{9}','10','2','4','//gatherer.wizards.com/Handlers/Image.ashx?multiverseid=414299&type=card','6','5','Emerge {7}{G} (You may cast this spell by sacrificing a creature and paying the emerge cost reduced by that creature§s converted mana cost.)
When you cast Mockery of Nature, you may destroy target artifact or enchantment.');
insert into card_color (id_card, id_color) values (2976,5);
insert into card_type (id_card, id_type) values (2976,1);
insert into card(id, name, manaCost, cmc, rarity_id, set_id, imageUrl, c_power, c_toughness, description) values ('2977','Vexing Scuttler','{8}','10','2','4','//gatherer.wizards.com/Handlers/Image.ashx?multiverseid=414300&type=card','4','5','Emerge {6}{U} (You may cast this spell by sacrificing a creature and paying the emerge cost reduced by that creature§s converted mana cost.)
When you cast Vexing Scuttler, you may return target instant or sorcery card from your graveyard to your hand.');
insert into card_color (id_card, id_color) values (2977,6);
insert into card_type (id_card, id_type) values (2977,1);
insert into card(id, name, manaCost, cmc, rarity_id, set_id, imageUrl, c_power, c_toughness, description) values ('2978','Wretched Gryff','{7}','10','1','4','//gatherer.wizards.com/Handlers/Image.ashx?multiverseid=414301&type=card','3','4','Emerge {5}{U} (You may cast this spell by sacrificing a creature and paying the emerge cost reduced by that creature§s converted mana cost.)
When you cast Wretched Gryff, draw a card.
Flying');
insert into card_color (id_card, id_color) values (2978,6);
insert into card_type (id_card, id_type) values (2978,1);
insert into card(id, name, manaCost, cmc, rarity_id, set_id, imageUrl, c_power, c_toughness, description) values ('2979','Blessed Alliance','{1}{W}','10','2','4','//gatherer.wizards.com/Handlers/Image.ashx?multiverseid=414302&type=card','none','none','Escalate {2} (Pay this cost for each mode chosen beyond the first.)
Choose one or more —
• Target player gains 4 life.
• Untap up to two target creatures.
• Target opponent sacrifices an attacking creature.');
insert into card_color (id_card, id_color) values (2979,2);
insert into card_type (id_card, id_type) values (2979,7);
insert into card(id, name, manaCost, cmc, rarity_id, set_id, imageUrl, c_power, c_toughness, description) values ('2980','Borrowed Grace','{2}{W}','10','1','4','//gatherer.wizards.com/Handlers/Image.ashx?multiverseid=414303&type=card','none','none','Escalate {1}{W} (Pay this cost for each mode chosen beyond the first.)
Choose one or both —
• Creatures you control get +2/+0 until end of turn.
• Creatures you control get +0/+2 until end of turn.');
insert into card_color (id_card, id_color) values (2980,2);
insert into card_type (id_card, id_type) values (2980,7);
insert into card(id, name, manaCost, cmc, rarity_id, set_id, imageUrl, c_power, c_toughness, description) values ('2981','Bruna, the Fading Light','{5}{W}{W}','10','3','4','//gatherer.wizards.com/Handlers/Image.ashx?multiverseid=414304&type=card','5','7','When you cast Bruna, the Fading Light, you may return target Angel or Human creature card from your graveyard to the battlefield.
Flying, vigilance
(Melds with Gisela, the Broken Blade.)');
insert into card_color (id_card, id_color) values (2981,2);
insert into card_type (id_card, id_type) values (2981,1);
insert into card_supertype (id_card, id_supertype) values (2981,3);
insert into card(id, name, manaCost, cmc, rarity_id, set_id, imageUrl, c_power, c_toughness, description) values ('2982','Brisela, Voice of Nightmares','null','10','4','4','//gatherer.wizards.com/Handlers/Image.ashx?multiverseid=414305&type=card','9','10','Flying, first strike, vigilance, lifelink
Your opponents can§t cast spells with converted mana cost 3 or less.');
insert into card_color (id_card, id_color) values (2982,1);
insert into card_type (id_card, id_type) values (2982,1);
insert into card_supertype (id_card, id_supertype) values (2982,3);
insert into card(id, name, manaCost, cmc, rarity_id, set_id, imageUrl, c_power, c_toughness, description) values ('2983','Choking Restraints','{2}{W}','10','1','4','//gatherer.wizards.com/Handlers/Image.ashx?multiverseid=414306&type=card','none','none','Enchant creature
Enchanted creature can§t attack or block.
{3}{W}{W}, Sacrifice Choking Restraints: Exile enchanted creature.');
insert into card_color (id_card, id_color) values (2983,2);
insert into card_type (id_card, id_type) values (2983,4);
insert into card(id, name, manaCost, cmc, rarity_id, set_id, imageUrl, c_power, c_toughness, description) values ('2984','Collective Effort','{1}{W}{W}','10','3','4','//gatherer.wizards.com/Handlers/Image.ashx?multiverseid=414307&type=card','none','none','Escalate—Tap an untapped creature you control. (Pay this cost for each mode chosen beyond the first.)
Choose one or more —
• Destroy target creature with power 4 or greater.
• Destroy target enchantment.
• Put a +1/+1 counter on each creature target player controls.');
insert into card_color (id_card, id_color) values (2984,2);
insert into card_type (id_card, id_type) values (2984,6);
insert into card(id, name, manaCost, cmc, rarity_id, set_id, imageUrl, c_power, c_toughness, description) values ('2985','Courageous Outrider','{3}{W}','10','2','4','//gatherer.wizards.com/Handlers/Image.ashx?multiverseid=414308&type=card','3','4','When Courageous Outrider enters the battlefield, look at the top four cards of your library. You may reveal a Human card from among them and put it into your hand. Put the rest on the bottom of your library in any order.');
insert into card_color (id_card, id_color) values (2985,2);
insert into card_type (id_card, id_type) values (2985,1);
insert into card(id, name, manaCost, cmc, rarity_id, set_id, imageUrl, c_power, c_toughness, description) values ('2986','Dawn Gryff','{2}{W}','10','1','4','//gatherer.wizards.com/Handlers/Image.ashx?multiverseid=414309&type=card','2','2','Flying');
insert into card_color (id_card, id_color) values (2986,2);
insert into card_type (id_card, id_type) values (2986,1);
insert into card(id, name, manaCost, cmc, rarity_id, set_id, imageUrl, c_power, c_toughness, description) values ('2987','Deploy the Gatewatch','{4}{W}{W}','10','4','4','//gatherer.wizards.com/Handlers/Image.ashx?multiverseid=414310&type=card','none','none','Look at the top seven cards of your library. Put up to two planeswalker cards from among them onto the battlefield. Put the rest on the bottom of your library in a random order.');
insert into card_color (id_card, id_color) values (2987,2);
insert into card_type (id_card, id_type) values (2987,6);
insert into card(id, name, manaCost, cmc, rarity_id, set_id, imageUrl, c_power, c_toughness, description) values ('2988','Desperate Sentry','{2}{W}','10','1','4','//gatherer.wizards.com/Handlers/Image.ashx?multiverseid=414311&type=card','1','2','When Desperate Sentry dies, create a 3/2 colorless Eldrazi Horror creature token.
Delirium — Desperate Sentry gets +3/+0 as long as there are four or more card types among cards in your graveyard.');
insert into card_color (id_card, id_color) values (2988,2);
insert into card_type (id_card, id_type) values (2988,1);
insert into card(id, name, manaCost, cmc, rarity_id, set_id, imageUrl, c_power, c_toughness, description) values ('2989','Drogskol Shieldmate','{2}{W}','10','2','4','//gatherer.wizards.com/Handlers/Image.ashx?multiverseid=414312&type=card','2','3','Flash (You may cast this spell any time you could cast an instant.)
When Drogskol Shieldmate enters the battlefield, other creatures you control get +0/+1 until end of turn.');
insert into card_color (id_card, id_color) values (2989,2);
insert into card_type (id_card, id_type) values (2989,1);
insert into card(id, name, manaCost, cmc, rarity_id, set_id, imageUrl, c_power, c_toughness, description) values ('2990','Extricator of Sin','{2}{W}','10','2','4','//gatherer.wizards.com/Handlers/Image.ashx?multiverseid=414313&type=card','0','3','When Extricator of Sin enters the battlefield, you may sacrifice another permanent. If you do, create a 3/2 colorless Eldrazi Horror creature token.
Delirium — At the beginning of your upkeep, if there are four or more card types among cards in your graveyard, transform Extricator of Sin.');
insert into card_color (id_card, id_color) values (2990,2);
insert into card_type (id_card, id_type) values (2990,1);
insert into card(id, name, manaCost, cmc, rarity_id, set_id, imageUrl, c_power, c_toughness, description) values ('2991','Extricator of Flesh','null','10','2','4','//gatherer.wizards.com/Handlers/Image.ashx?multiverseid=414314&type=card','3','5','Eldrazi you control have vigilance.
{2}, {T}, Sacrifice a non-Eldrazi creature: Create a 3/2 colorless Eldrazi Horror creature token.');
insert into card_color (id_card, id_color) values (2991,2);
insert into card_type (id_card, id_type) values (2991,1);
insert into card(id, name, manaCost, cmc, rarity_id, set_id, imageUrl, c_power, c_toughness, description) values ('2992','Faith Unbroken','{3}{W}','10','2','4','//gatherer.wizards.com/Handlers/Image.ashx?multiverseid=414315&type=card','none','none','Enchant creature you control
When Faith Unbroken enters the battlefield, exile target creature an opponent controls until Faith Unbroken leaves the battlefield.
Enchanted creature gets +2/+2.');
insert into card_color (id_card, id_color) values (2992,2);
insert into card_type (id_card, id_type) values (2992,4);
insert into card(id, name, manaCost, cmc, rarity_id, set_id, imageUrl, c_power, c_toughness, description) values ('2993','Faithbearer Paladin','{4}{W}','10','1','4','//gatherer.wizards.com/Handlers/Image.ashx?multiverseid=414316&type=card','3','4','Lifelink (Damage dealt by this creature also causes you to gain that much life.)');
insert into card_color (id_card, id_color) values (2993,2);
insert into card_type (id_card, id_type) values (2993,1);
insert into card(id, name, manaCost, cmc, rarity_id, set_id, imageUrl, c_power, c_toughness, description) values ('2994','Fiend Binder','{3}{W}','10','1','4','//gatherer.wizards.com/Handlers/Image.ashx?multiverseid=414317&type=card','3','2','Whenever Fiend Binder attacks, tap target creature defending player controls.');
insert into card_color (id_card, id_color) values (2994,2);
insert into card_type (id_card, id_type) values (2994,1);
insert into card(id, name, manaCost, cmc, rarity_id, set_id, imageUrl, c_power, c_toughness, description) values ('2995','Geist of the Lonely Vigil','{1}{W}','10','2','4','//gatherer.wizards.com/Handlers/Image.ashx?multiverseid=414318&type=card','2','3','Defender, flying
Delirium — Geist of the Lonely Vigil can attack as though it didn§t have defender as long as there are four or more card types among cards in your graveyard.');
insert into card_color (id_card, id_color) values (2995,2);
insert into card_type (id_card, id_type) values (2995,1);
insert into card(id, name, manaCost, cmc, rarity_id, set_id, imageUrl, c_power, c_toughness, description) values ('2996','Gisela, the Broken Blade','{2}{W}{W}','10','4','4','//gatherer.wizards.com/Handlers/Image.ashx?multiverseid=414319&type=card','4','3','Flying, first strike, lifelink
At the beginning of your end step, if you both own and control Gisela, the Broken Blade and a creature named Bruna, the Fading Light, exile them, then meld them into Brisela, Voice of Nightmares.');
insert into card_color (id_card, id_color) values (2996,2);
insert into card_type (id_card, id_type) values (2996,1);
insert into card_supertype (id_card, id_supertype) values (2996,3);
insert into card(id, name, manaCost, cmc, rarity_id, set_id, imageUrl, c_power, c_toughness, description) values ('2997','Give No Ground','{3}{W}','10','2','4','//gatherer.wizards.com/Handlers/Image.ashx?multiverseid=414320&type=card','none','none','Target creature gets +2/+6 until end of turn and can block any number of creatures this turn.');
insert into card_color (id_card, id_color) values (2997,2);
insert into card_type (id_card, id_type) values (2997,7);
insert into card(id, name, manaCost, cmc, rarity_id, set_id, imageUrl, c_power, c_toughness, description) values ('2998','Guardian of Pilgrims','{1}{W}','10','1','4','//gatherer.wizards.com/Handlers/Image.ashx?multiverseid=414321&type=card','2','2','When Guardian of Pilgrims enters the battlefield, target creature gets +1/+1 until end of turn.');
insert into card_color (id_card, id_color) values (2998,2);
insert into card_type (id_card, id_type) values (2998,1);
insert into card(id, name, manaCost, cmc, rarity_id, set_id, imageUrl, c_power, c_toughness, description) values ('2999','Ironclad Slayer','{2}{W}','10','1','4','//gatherer.wizards.com/Handlers/Image.ashx?multiverseid=414322&type=card','3','2','When Ironclad Slayer enters the battlefield, you may return target Aura or Equipment card from your graveyard to your hand.');
insert into card_color (id_card, id_color) values (2999,2);
insert into card_type (id_card, id_type) values (2999,1);
insert into card(id, name, manaCost, cmc, rarity_id, set_id, imageUrl, c_power, c_toughness, description) values ('3000','Ironwright§s Cleansing','{2}{W}','10','1','4','//gatherer.wizards.com/Handlers/Image.ashx?multiverseid=414323&type=card','none','none','Exile target artifact or enchantment.');
insert into card_color (id_card, id_color) values (3000,2);
insert into card_type (id_card, id_type) values (3000,6);
insert into card(id, name, manaCost, cmc, rarity_id, set_id, imageUrl, c_power, c_toughness, description) values ('3001','Lone Rider','{1}{W}','10','2','4','//gatherer.wizards.com/Handlers/Image.ashx?multiverseid=414324&type=card','1','1','First strike, lifelink
At the beginning of the end step, if you gained 3 or more life this turn, transform Lone Rider.');
insert into card_color (id_card, id_color) values (3001,2);
insert into card_type (id_card, id_type) values (3001,1);
insert into card(id, name, manaCost, cmc, rarity_id, set_id, imageUrl, c_power, c_toughness, description) values ('3002','It That Rides as One','null','10','2','4','//gatherer.wizards.com/Handlers/Image.ashx?multiverseid=414325&type=card','4','4','First strike, trample, lifelink');
insert into card_color (id_card, id_color) values (3002,2);
insert into card_type (id_card, id_type) values (3002,1);
insert into card(id, name, manaCost, cmc, rarity_id, set_id, imageUrl, c_power, c_toughness, description) values ('3003','Long Road Home','{1}{W}','10','2','4','//gatherer.wizards.com/Handlers/Image.ashx?multiverseid=414326&type=card','none','none','Exile target creature. At the beginning of the next end step, return that card to the battlefield under its owner§s control with a +1/+1 counter on it.');
insert into card_color (id_card, id_color) values (3003,2);
insert into card_type (id_card, id_type) values (3003,7);
insert into card(id, name, manaCost, cmc, rarity_id, set_id, imageUrl, c_power, c_toughness, description) values ('3004','Lunarch Mantle','{1}{W}','10','1','4','//gatherer.wizards.com/Handlers/Image.ashx?multiverseid=414327&type=card','none','none','Enchant creature
Enchanted creature gets +2/+2 and has "{1}, Sacrifice a permanent: This creature gains flying until end of turn."');
insert into card_color (id_card, id_color) values (3004,2);
insert into card_type (id_card, id_type) values (3004,4);
insert into card(id, name, manaCost, cmc, rarity_id, set_id, imageUrl, c_power, c_toughness, description) values ('3005','Peace of Mind','{1}{W}','10','2','4','//gatherer.wizards.com/Handlers/Image.ashx?multiverseid=414328&type=card','none','none','{W}, Discard a card: You gain 3 life.');
insert into card_color (id_card, id_color) values (3005,2);
insert into card_type (id_card, id_type) values (3005,4);
insert into card(id, name, manaCost, cmc, rarity_id, set_id, imageUrl, c_power, c_toughness, description) values ('3006','Providence','{5}{W}{W}','10','3','4','//gatherer.wizards.com/Handlers/Image.ashx?multiverseid=414329&type=card','none','none','You may reveal this card from your opening hand. If you do, at the beginning of the first upkeep, your life total becomes 26.
Your life total becomes 26.');
insert into card_color (id_card, id_color) values (3006,2);
insert into card_type (id_card, id_type) values (3006,6);
insert into card(id, name, manaCost, cmc, rarity_id, set_id, imageUrl, c_power, c_toughness, description) values ('3007','Repel the Abominable','{1}{W}','10','2','4','//gatherer.wizards.com/Handlers/Image.ashx?multiverseid=414330&type=card','none','none','Prevent all damage that would be dealt this turn by non-Human sources.');
insert into card_color (id_card, id_color) values (3007,2);
insert into card_type (id_card, id_type) values (3007,7);
insert into card(id, name, manaCost, cmc, rarity_id, set_id, imageUrl, c_power, c_toughness, description) values ('3008','Sanctifier of Souls','{3}{W}','10','3','4','//gatherer.wizards.com/Handlers/Image.ashx?multiverseid=414331&type=card','2','3','Whenever another creature enters the battlefield under your control, Sanctifier of Souls gets +1/+1 until end of turn.
{2}{W}, Exile a creature card from your graveyard: Create a 1/1 white Spirit creature token with flying.');
insert into card_color (id_card, id_color) values (3008,2);
insert into card_type (id_card, id_type) values (3008,1);
insert into card(id, name, manaCost, cmc, rarity_id, set_id, imageUrl, c_power, c_toughness, description) values ('3009','Selfless Spirit','{1}{W}','10','3','4','//gatherer.wizards.com/Handlers/Image.ashx?multiverseid=414332&type=card','2','1','Flying
Sacrifice Selfless Spirit: Creatures you control gain indestructible until end of turn.');
insert into card_color (id_card, id_color) values (3009,2);
insert into card_type (id_card, id_type) values (3009,1);
insert into card(id, name, manaCost, cmc, rarity_id, set_id, imageUrl, c_power, c_toughness, description) values ('3010','Sigarda§s Aid','{W}','10','3','4','//gatherer.wizards.com/Handlers/Image.ashx?multiverseid=414333&type=card','none','none','You may cast Aura and Equipment spells as though they had flash.
Whenever an Equipment enters the battlefield under your control, you may attach it to target creature you control.');
insert into card_color (id_card, id_color) values (3010,2);
insert into card_type (id_card, id_type) values (3010,4);
insert into card(id, name, manaCost, cmc, rarity_id, set_id, imageUrl, c_power, c_toughness, description) values ('3011','Sigardian Priest','{1}{W}','10','1','4','//gatherer.wizards.com/Handlers/Image.ashx?multiverseid=414334&type=card','1','2','{1}, {T}: Tap target non-Human creature.');
insert into card_color (id_card, id_color) values (3011,2);
insert into card_type (id_card, id_type) values (3011,1);
insert into card(id, name, manaCost, cmc, rarity_id, set_id, imageUrl, c_power, c_toughness, description) values ('3012','Spectral Reserves','{3}{W}','10','1','4','//gatherer.wizards.com/Handlers/Image.ashx?multiverseid=414335&type=card','none','none','Create two 1/1 white Spirit creature tokens with flying. You gain 2 life.');
insert into card_color (id_card, id_color) values (3012,2);
insert into card_type (id_card, id_type) values (3012,6);
insert into card(id, name, manaCost, cmc, rarity_id, set_id, imageUrl, c_power, c_toughness, description) values ('3013','Steadfast Cathar','{1}{W}','10','1','4','//gatherer.wizards.com/Handlers/Image.ashx?multiverseid=414336&type=card','2','1','Whenever Steadfast Cathar attacks, it gets +0/+2 until end of turn.');
insert into card_color (id_card, id_color) values (3013,2);
insert into card_type (id_card, id_type) values (3013,1);
insert into card(id, name, manaCost, cmc, rarity_id, set_id, imageUrl, c_power, c_toughness, description) values ('3014','Subjugator Angel','{4}{W}{W}','10','2','4','//gatherer.wizards.com/Handlers/Image.ashx?multiverseid=414337&type=card','4','3','Flying
When Subjugator Angel enters the battlefield, tap all creatures your opponents control.');
insert into card_color (id_card, id_color) values (3014,2);
insert into card_type (id_card, id_type) values (3014,1);
insert into card(id, name, manaCost, cmc, rarity_id, set_id, imageUrl, c_power, c_toughness, description) values ('3015','Thalia, Heretic Cathar','{2}{W}','10','3','4','//gatherer.wizards.com/Handlers/Image.ashx?multiverseid=414338&type=card','3','2','First strike
Creatures and nonbasic lands your opponents control enter the battlefield tapped.');
insert into card_color (id_card, id_color) values (3015,2);
insert into card_type (id_card, id_type) values (3015,1);
insert into card_supertype (id_card, id_supertype) values (3015,3);
insert into card(id, name, manaCost, cmc, rarity_id, set_id, imageUrl, c_power, c_toughness, description) values ('3016','Thalia§s Lancers','{3}{W}{W}','10','3','4','//gatherer.wizards.com/Handlers/Image.ashx?multiverseid=414339&type=card','4','4','First strike
When Thalia§s Lancers enters the battlefield, you may search your library for a legendary card, reveal it, put it into your hand, then shuffle your library.');
insert into card_color (id_card, id_color) values (3016,2);
insert into card_type (id_card, id_type) values (3016,1);
insert into card(id, name, manaCost, cmc, rarity_id, set_id, imageUrl, c_power, c_toughness, description) values ('3017','Thraben Standard Bearer','{W}','10','1','4','//gatherer.wizards.com/Handlers/Image.ashx?multiverseid=414340&type=card','1','1','{1}{W}, {T}, Discard a card: Create a 1/1 white Human Soldier creature token.');
insert into card_color (id_card, id_color) values (3017,2);
insert into card_type (id_card, id_type) values (3017,1);
insert into card(id, name, manaCost, cmc, rarity_id, set_id, imageUrl, c_power, c_toughness, description) values ('3018','Advanced Stitchwing','{3}{U}{U}','10','2','4','//gatherer.wizards.com/Handlers/Image.ashx?multiverseid=414341&type=card','3','4','Flying
{2}{U}, Discard two cards: Return Advanced Stitchwing from your graveyard to the battlefield tapped.');
insert into card_color (id_card, id_color) values (3018,6);
insert into card_type (id_card, id_type) values (3018,1);
insert into card(id, name, manaCost, cmc, rarity_id, set_id, imageUrl, c_power, c_toughness, description) values ('3019','Chilling Grasp','{2}{U}','10','2','4','//gatherer.wizards.com/Handlers/Image.ashx?multiverseid=414342&type=card','none','none','Tap up to two target creatures. Those creatures don§t untap during their controller§s next untap step.
Madness {3}{U} (If you discard this card, discard it into exile. When you do, cast it for its madness cost or put it into your graveyard.)');
insert into card_color (id_card, id_color) values (3019,6);
insert into card_type (id_card, id_type) values (3019,7);
insert into card(id, name, manaCost, cmc, rarity_id, set_id, imageUrl, c_power, c_toughness, description) values ('3020','Coax from the Blind Eternities','{2}{U}','10','3','4','//gatherer.wizards.com/Handlers/Image.ashx?multiverseid=414343&type=card','none','none','You may choose an Eldrazi card you own from outside the game or in exile, reveal that card, and put it into your hand.');
insert into card_color (id_card, id_color) values (3020,6);
insert into card_type (id_card, id_type) values (3020,6);
insert into card(id, name, manaCost, cmc, rarity_id, set_id, imageUrl, c_power, c_toughness, description) values ('3021','Contingency Plan','{1}{U}','10','1','4','//gatherer.wizards.com/Handlers/Image.ashx?multiverseid=414344&type=card','none','none','Look at the top five cards of your library. Put any number of them into your graveyard and the rest back on top of your library in any order.');
insert into card_color (id_card, id_color) values (3021,6);
insert into card_type (id_card, id_type) values (3021,6);
insert into card(id, name, manaCost, cmc, rarity_id, set_id, imageUrl, c_power, c_toughness, description) values ('3022','Convolute','{2}{U}','10','1','4','//gatherer.wizards.com/Handlers/Image.ashx?multiverseid=414345&type=card','none','none','Counter target spell unless its controller pays {4}.');
insert into card_color (id_card, id_color) values (3022,6);
insert into card_type (id_card, id_type) values (3022,7);
insert into card(id, name, manaCost, cmc, rarity_id, set_id, imageUrl, c_power, c_toughness, description) values ('3023','Curious Homunculus','{1}{U}','10','2','4','//gatherer.wizards.com/Handlers/Image.ashx?multiverseid=414346&type=card','1','1','{T}: Add {C} to your mana pool. Spend this mana only to cast an instant or sorcery spell.
At the beginning of your upkeep, if there are three or more instant and/or sorcery cards in your graveyard, transform Curious Homunculus.');
insert into card_color (id_card, id_color) values (3023,6);
insert into card_type (id_card, id_type) values (3023,1);
insert into card(id, name, manaCost, cmc, rarity_id, set_id, imageUrl, c_power, c_toughness, description) values ('3024','Voracious Reader','null','10','2','4','//gatherer.wizards.com/Handlers/Image.ashx?multiverseid=414347&type=card','3','4','Prowess (Whenever you cast a noncreature spell, this creature gets +1/+1 until end of turn.)
Instant and sorcery spells you cast cost {1} less to cast.');
insert into card_color (id_card, id_color) values (3024,6);
insert into card_type (id_card, id_type) values (3024,1);
insert into card(id, name, manaCost, cmc, rarity_id, set_id, imageUrl, c_power, c_toughness, description) values ('3025','Displace','{2}{U}','10','1','4','//gatherer.wizards.com/Handlers/Image.ashx?multiverseid=414348&type=card','none','none','Exile up to two target creatures you control, then return those cards to the battlefield under their owner§s control.');
insert into card_color (id_card, id_color) values (3025,6);
insert into card_type (id_card, id_type) values (3025,7);
insert into card(id, name, manaCost, cmc, rarity_id, set_id, imageUrl, c_power, c_toughness, description) values ('3026','Docent of Perfection','{3}{U}{U}','10','3','4','//gatherer.wizards.com/Handlers/Image.ashx?multiverseid=414349&type=card','5','4','Flying
Whenever you cast an instant or sorcery spell, create a 1/1 blue Human Wizard creature token. Then if you control three or more Wizards, transform Docent of Perfection.');
insert into card_color (id_card, id_color) values (3026,6);
insert into card_type (id_card, id_type) values (3026,1);
insert into card(id, name, manaCost, cmc, rarity_id, set_id, imageUrl, c_power, c_toughness, description) values ('3027','Final Iteration','null','10','3','4','//gatherer.wizards.com/Handlers/Image.ashx?multiverseid=414350&type=card','6','5','Flying
Wizards you control get +2/+1 and have flying.
Whenever you cast an instant or sorcery spell, create a 1/1 blue Human Wizard creature token.');
insert into card_color (id_card, id_color) values (3027,6);
insert into card_type (id_card, id_type) values (3027,1);
insert into card(id, name, manaCost, cmc, rarity_id, set_id, imageUrl, c_power, c_toughness, description) values ('3028','Drag Under','{2}{U}','10','1','4','//gatherer.wizards.com/Handlers/Image.ashx?multiverseid=414351&type=card','none','none','Return target creature to its owner§s hand.
Draw a card.');
insert into card_color (id_card, id_color) values (3028,6);
insert into card_type (id_card, id_type) values (3028,6);
insert into card(id, name, manaCost, cmc, rarity_id, set_id, imageUrl, c_power, c_toughness, description) values ('3029','Enlightened Maniac','{3}{U}','10','1','4','//gatherer.wizards.com/Handlers/Image.ashx?multiverseid=414352&type=card','0','2','When Enlightened Maniac enters the battlefield, create a 3/2 colorless Eldrazi Horror creature token.');
insert into card_color (id_card, id_color) values (3029,6);
insert into card_type (id_card, id_type) values (3029,1);
insert into card(id, name, manaCost, cmc, rarity_id, set_id, imageUrl, c_power, c_toughness, description) values ('3030','Exultant Cultist','{2}{U}','10','1','4','//gatherer.wizards.com/Handlers/Image.ashx?multiverseid=414353&type=card','2','2','When Exultant Cultist dies, draw a card.');
insert into card_color (id_card, id_color) values (3030,6);
insert into card_type (id_card, id_type) values (3030,1);
insert into card(id, name, manaCost, cmc, rarity_id, set_id, imageUrl, c_power, c_toughness, description) values ('3031','Fogwalker','{1}{U}','10','1','4','//gatherer.wizards.com/Handlers/Image.ashx?multiverseid=414354&type=card','1','3','Skulk (This creature can§t be blocked by creatures with greater power.)
When Fogwalker enters the battlefield, target creature an opponent controls doesn§t untap during its controller§s next untap step.');
insert into card_color (id_card, id_color) values (3031,6);
insert into card_type (id_card, id_type) values (3031,1);
insert into card(id, name, manaCost, cmc, rarity_id, set_id, imageUrl, c_power, c_toughness, description) values ('3032','Fortune§s Favor','{3}{U}','10','2','4','//gatherer.wizards.com/Handlers/Image.ashx?multiverseid=414355&type=card','none','none','Target opponent looks at the top four cards of your library and separates them into a face-down pile and a face-up pile. Put one pile into your hand and the other into your graveyard.');
insert into card_color (id_card, id_color) values (3032,6);
insert into card_type (id_card, id_type) values (3032,7);
insert into card(id, name, manaCost, cmc, rarity_id, set_id, imageUrl, c_power, c_toughness, description) values ('3033','Geist of the Archives','{2}{U}','10','2','4','//gatherer.wizards.com/Handlers/Image.ashx?multiverseid=414356&type=card','0','4','Defender
At the beginning of your upkeep, scry 1. (Look at the top card of your library. You may put that card on the bottom of your library.)');
insert into card_color (id_card, id_color) values (3033,6);
insert into card_type (id_card, id_type) values (3033,1);
insert into card(id, name, manaCost, cmc, rarity_id, set_id, imageUrl, c_power, c_toughness, description) values ('3034','Grizzled Angler','{2}{U}','10','2','4','//gatherer.wizards.com/Handlers/Image.ashx?multiverseid=414357&type=card','2','3','{T}: Put the top two cards of your library into your graveyard. Then if there is a colorless creature card in your graveyard, transform Grizzled Angler.');
insert into card_color (id_card, id_color) values (3034,6);
insert into card_type (id_card, id_type) values (3034,1);
insert into card(id, name, manaCost, cmc, rarity_id, set_id, imageUrl, c_power, c_toughness, description) values ('3035','Grisly Anglerfish','null','10','2','4','//gatherer.wizards.com/Handlers/Image.ashx?multiverseid=414358&type=card','4','5','{6}: Creatures your opponents control attack this turn if able.');
insert into card_color (id_card, id_color) values (3035,6);
insert into card_type (id_card, id_type) values (3035,1);
insert into card(id, name, manaCost, cmc, rarity_id, set_id, imageUrl, c_power, c_toughness, description) values ('3036','Identity Thief','{2}{U}{U}','10','3','4','//gatherer.wizards.com/Handlers/Image.ashx?multiverseid=414359&type=card','0','3','Whenever Identity Thief attacks, you may exile another target nontoken creature. If you do, Identity Thief becomes a copy of that creature until end of turn. Return the exiled card to the battlefield under its owner§s control at the beginning of the next end step.');
insert into card_color (id_card, id_color) values (3036,6);
insert into card_type (id_card, id_type) values (3036,1);
insert into card(id, name, manaCost, cmc, rarity_id, set_id, imageUrl, c_power, c_toughness, description) values ('3037','Imprisoned in the Moon','{2}{U}','10','3','4','//gatherer.wizards.com/Handlers/Image.ashx?multiverseid=414360&type=card','none','none','Enchant creature, land, or planeswalker
Enchanted permanent is a colorless land with "{T}: Add {C} to your mana pool" and loses all other card types and abilities.');
insert into card_color (id_card, id_color) values (3037,6);
insert into card_type (id_card, id_type) values (3037,4);
insert into card(id, name, manaCost, cmc, rarity_id, set_id, imageUrl, c_power, c_toughness, description) values ('3038','Ingenious Skaab','{2}{U}','10','1','4','//gatherer.wizards.com/Handlers/Image.ashx?multiverseid=414361&type=card','2','3','Prowess (Whenever you cast a noncreature spell, this creature gets +1/+1 until end of turn.)
{U}: Ingenious Skaab gets +1/-1 until end of turn.');
insert into card_color (id_card, id_color) values (3038,6);
insert into card_type (id_card, id_type) values (3038,1);
insert into card(id, name, manaCost, cmc, rarity_id, set_id, imageUrl, c_power, c_toughness, description) values ('3039','Laboratory Brute','{3}{U}','10','1','4','//gatherer.wizards.com/Handlers/Image.ashx?multiverseid=414362&type=card','3','3','When Laboratory Brute enters the battlefield, put the top four cards of your library into your graveyard.');
insert into card_color (id_card, id_color) values (3039,6);
insert into card_type (id_card, id_type) values (3039,1);
insert into card(id, name, manaCost, cmc, rarity_id, set_id, imageUrl, c_power, c_toughness, description) values ('3040','Lunar Force','{2}{U}','10','2','4','//gatherer.wizards.com/Handlers/Image.ashx?multiverseid=414363&type=card','none','none','When an opponent casts a spell, sacrifice Lunar Force and counter that spell.');
insert into card_color (id_card, id_color) values (3040,6);
insert into card_type (id_card, id_type) values (3040,4);
insert into card(id, name, manaCost, cmc, rarity_id, set_id, imageUrl, c_power, c_toughness, description) values ('3041','Mausoleum Wanderer','{U}','10','3','4','//gatherer.wizards.com/Handlers/Image.ashx?multiverseid=414364&type=card','1','1','Flying
Whenever another Spirit enters the battlefield under your control, Mausoleum Wanderer gets +1/+1 until end of turn.
Sacrifice Mausoleum Wanderer: Counter target instant or sorcery spell unless its controller pays {X}, where X is Mausoleum Wanderer§s power.');
insert into card_color (id_card, id_color) values (3041,6);
insert into card_type (id_card, id_type) values (3041,1);
insert into card(id, name, manaCost, cmc, rarity_id, set_id, imageUrl, c_power, c_toughness, description) values ('3042','Mind§s Dilation','{5}{U}{U}','10','4','4','//gatherer.wizards.com/Handlers/Image.ashx?multiverseid=414365&type=card','none','none','Whenever an opponent casts his or her first spell each turn, that player exiles the top card of his or her library. If it§s a nonland card, you may cast it without paying its mana cost.');
insert into card_color (id_card, id_color) values (3042,6);
insert into card_type (id_card, id_type) values (3042,4);
insert into card(id, name, manaCost, cmc, rarity_id, set_id, imageUrl, c_power, c_toughness, description) values ('3043','Nebelgast Herald','{2}{U}','10','2','4','//gatherer.wizards.com/Handlers/Image.ashx?multiverseid=414366&type=card','2','1','Flash (You may cast this spell any time you could cast an instant.)
Flying
Whenever Nebelgast Herald or another Spirit enters the battlefield under your control, tap target creature an opponent controls.');
insert into card_color (id_card, id_color) values (3043,6);
insert into card_type (id_card, id_type) values (3043,1);
insert into card(id, name, manaCost, cmc, rarity_id, set_id, imageUrl, c_power, c_toughness, description) values ('3044','Niblis of Frost','{2}{U}{U}','10','3','4','//gatherer.wizards.com/Handlers/Image.ashx?multiverseid=414367&type=card','3','3','Flying
Prowess (Whenever you cast a noncreature spell, this creature gets +1/+1 until end of turn.)
Whenever you cast an instant or sorcery spell, tap target creature an opponent controls. That creature doesn§t untap during its controller§s next untap step.');
insert into card_color (id_card, id_color) values (3044,6);
insert into card_type (id_card, id_type) values (3044,1);
insert into card(id, name, manaCost, cmc, rarity_id, set_id, imageUrl, c_power, c_toughness, description) values ('3045','Scour the Laboratory','{4}{U}{U}','10','2','4','//gatherer.wizards.com/Handlers/Image.ashx?multiverseid=414368&type=card','none','none','Delirium — Scour the Laboratory costs {2} less to cast if there are four or more card types among cards in your graveyard.
Draw three cards.');
insert into card_color (id_card, id_color) values (3045,6);
insert into card_type (id_card, id_type) values (3045,7);
insert into card(id, name, manaCost, cmc, rarity_id, set_id, imageUrl, c_power, c_toughness, description) values ('3046','Spontaneous Mutation','{U}','10','1','4','//gatherer.wizards.com/Handlers/Image.ashx?multiverseid=414369&type=card','none','none','Flash (You may cast this spell any time you could cast an instant.)
Enchant creature
Enchanted creature gets -X/-0, where X is the number of cards in your graveyard.');
insert into card_color (id_card, id_color) values (3046,6);
insert into card_type (id_card, id_type) values (3046,4);
insert into card(id, name, manaCost, cmc, rarity_id, set_id, imageUrl, c_power, c_toughness, description) values ('3047','Summary Dismissal','{2}{U}{U}','10','3','4','//gatherer.wizards.com/Handlers/Image.ashx?multiverseid=414370&type=card','none','none','Exile all other spells and counter all abilities.');
insert into card_color (id_card, id_color) values (3047,6);
insert into card_type (id_card, id_type) values (3047,7);
insert into card(id, name, manaCost, cmc, rarity_id, set_id, imageUrl, c_power, c_toughness, description) values ('3048','Take Inventory','{1}{U}','10','1','4','//gatherer.wizards.com/Handlers/Image.ashx?multiverseid=414371&type=card','none','none','Draw a card, then draw cards equal to the number of cards named Take Inventory in your graveyard.');
insert into card_color (id_card, id_color) values (3048,6);
insert into card_type (id_card, id_type) values (3048,6);
insert into card(id, name, manaCost, cmc, rarity_id, set_id, imageUrl, c_power, c_toughness, description) values ('3049','Tattered Haunter','{1}{U}','10','1','4','//gatherer.wizards.com/Handlers/Image.ashx?multiverseid=414372&type=card','2','1','Flying
Tattered Haunter can block only creatures with flying.');
insert into card_color (id_card, id_color) values (3049,6);
insert into card_type (id_card, id_type) values (3049,1);
insert into card(id, name, manaCost, cmc, rarity_id, set_id, imageUrl, c_power, c_toughness, description) values ('3050','Turn Aside','{U}','10','1','4','//gatherer.wizards.com/Handlers/Image.ashx?multiverseid=414373&type=card','none','none','Counter target spell that targets a permanent you control.');
insert into card_color (id_card, id_color) values (3050,6);
insert into card_type (id_card, id_type) values (3050,7);
insert into card(id, name, manaCost, cmc, rarity_id, set_id, imageUrl, c_power, c_toughness, description) values ('3051','Unsubstantiate','{1}{U}','10','2','4','//gatherer.wizards.com/Handlers/Image.ashx?multiverseid=414374&type=card','none','none','Return target spell or creature to its owner§s hand.');
insert into card_color (id_card, id_color) values (3051,6);
insert into card_type (id_card, id_type) values (3051,7);
insert into card(id, name, manaCost, cmc, rarity_id, set_id, imageUrl, c_power, c_toughness, description) values ('3052','Wharf Infiltrator','{1}{U}','10','3','4','//gatherer.wizards.com/Handlers/Image.ashx?multiverseid=414375&type=card','1','1','Skulk (This creature can§t be blocked by creatures with greater power.)
Whenever Wharf Infiltrator deals combat damage to a player, you may draw a card. If you do, discard a card.
Whenever you discard a creature card, you may pay {2}. If you do, create a 3/2 colorless Eldrazi Horror creature token.');
insert into card_color (id_card, id_color) values (3052,6);
insert into card_type (id_card, id_type) values (3052,1);
insert into card(id, name, manaCost, cmc, rarity_id, set_id, imageUrl, c_power, c_toughness, description) values ('3053','Boon of Emrakul','{2}{B}','10','1','4','//gatherer.wizards.com/Handlers/Image.ashx?multiverseid=414376&type=card','none','none','Enchant creature
Enchanted creature gets +3/-3.');
insert into card_color (id_card, id_color) values (3053,3);
insert into card_type (id_card, id_type) values (3053,4);
insert into card(id, name, manaCost, cmc, rarity_id, set_id, imageUrl, c_power, c_toughness, description) values ('3054','Borrowed Malevolence','{B}','10','1','4','//gatherer.wizards.com/Handlers/Image.ashx?multiverseid=414377&type=card','none','none','Escalate {2} (Pay this cost for each mode chosen beyond the first.)
Choose one or both —
• Target creature gets +1/+1 until end of turn.
• Target creature gets -1/-1 until end of turn.');
insert into card_color (id_card, id_color) values (3054,3);
insert into card_type (id_card, id_type) values (3054,7);
insert into card(id, name, manaCost, cmc, rarity_id, set_id, imageUrl, c_power, c_toughness, description) values ('3055','Cemetery Recruitment','{1}{B}','10','1','4','//gatherer.wizards.com/Handlers/Image.ashx?multiverseid=414378&type=card','none','none','Return target creature card from your graveyard to your hand. If it§s a Zombie card, draw a card.');
insert into card_color (id_card, id_color) values (3055,3);
insert into card_type (id_card, id_type) values (3055,6);
insert into card(id, name, manaCost, cmc, rarity_id, set_id, imageUrl, c_power, c_toughness, description) values ('3056','Certain Death','{5}{B}','10','1','4','//gatherer.wizards.com/Handlers/Image.ashx?multiverseid=414379&type=card','none','none','Destroy target creature. Its controller loses 2 life and you gain 2 life.');
insert into card_color (id_card, id_color) values (3056,3);
insert into card_type (id_card, id_type) values (3056,6);
insert into card(id, name, manaCost, cmc, rarity_id, set_id, imageUrl, c_power, c_toughness, description) values ('3057','Collective Brutality','{1}{B}','10','3','4','//gatherer.wizards.com/Handlers/Image.ashx?multiverseid=414380&type=card','none','none','Escalate—Discard a card. (Pay this cost for each mode chosen beyond the first.)
Choose one or more —
• Target opponent reveals his or her hand. You choose an instant or sorcery card from it. That player discards that card.
• Target creature gets -2/-2 until end of turn.
• Target opponent loses 2 life and you gain 2 life.');
insert into card_color (id_card, id_color) values (3057,3);
insert into card_type (id_card, id_type) values (3057,6);
insert into card(id, name, manaCost, cmc, rarity_id, set_id, imageUrl, c_power, c_toughness, description) values ('3058','Cryptbreaker','{B}','10','3','4','//gatherer.wizards.com/Handlers/Image.ashx?multiverseid=414381&type=card','1','1','{1}{B}, {T}, Discard a card: Create a 2/2 black Zombie creature token.
Tap three untapped Zombies you control: You draw a card and you lose 1 life.');
insert into card_color (id_card, id_color) values (3058,3);
insert into card_type (id_card, id_type) values (3058,1);
insert into card(id, name, manaCost, cmc, rarity_id, set_id, imageUrl, c_power, c_toughness, description) values ('3059','Dark Salvation','{X}{X}{B}','10','3','4','//gatherer.wizards.com/Handlers/Image.ashx?multiverseid=414382&type=card','none','none','Target player creates X 2/2 black Zombie creature tokens, then up to one target creature gets -1/-1 until end of turn for each Zombie that player controls.');
insert into card_color (id_card, id_color) values (3059,3);
insert into card_type (id_card, id_type) values (3059,6);
insert into card(id, name, manaCost, cmc, rarity_id, set_id, imageUrl, c_power, c_toughness, description) values ('3060','Dusk Feaster','{5}{B}{B}','10','2','4','//gatherer.wizards.com/Handlers/Image.ashx?multiverseid=414383&type=card','4','5','Delirium — Dusk Feaster costs {2} less to cast if there are four or more card types among cards in your graveyard.
Flying');
insert into card_color (id_card, id_color) values (3060,3);
insert into card_type (id_card, id_type) values (3060,1);
insert into card(id, name, manaCost, cmc, rarity_id, set_id, imageUrl, c_power, c_toughness, description) values ('3061','Gavony Unhallowed','{3}{B}','10','1','4','//gatherer.wizards.com/Handlers/Image.ashx?multiverseid=414384&type=card','2','4','Whenever another creature you control dies, put a +1/+1 counter on Gavony Unhallowed.');
insert into card_color (id_card, id_color) values (3061,3);
insert into card_type (id_card, id_type) values (3061,1);
insert into card(id, name, manaCost, cmc, rarity_id, set_id, imageUrl, c_power, c_toughness, description) values ('3062','Graf Harvest','{B}','10','2','4','//gatherer.wizards.com/Handlers/Image.ashx?multiverseid=414385&type=card','none','none','Zombies you control have menace. (They can§t be blocked except by two or more creatures.)
{3}{B}Exile a creature card from your graveyard: Create a 2/2 black Zombie creature token.');
insert into card_color (id_card, id_color) values (3062,3);
insert into card_type (id_card, id_type) values (3062,4);
insert into card(id, name, manaCost, cmc, rarity_id, set_id, imageUrl, c_power, c_toughness, description) values ('3063','Graf Rats','{1}{B}','10','1','4','//gatherer.wizards.com/Handlers/Image.ashx?multiverseid=414386&type=card','2','1','At the beginning of combat on your turn, if you both own and control Graf Rats and a creature named Midnight Scavengers, exile them, then meld them into Chittering Host.');
insert into card_color (id_card, id_color) values (3063,3);
insert into card_type (id_card, id_type) values (3063,1);
insert into card(id, name, manaCost, cmc, rarity_id, set_id, imageUrl, c_power, c_toughness, description) values ('3064','Haunted Dead','{3}{B}','10','2','4','//gatherer.wizards.com/Handlers/Image.ashx?multiverseid=414387&type=card','2','2','When Haunted Dead enters the battlefield, create a 1/1 white Spirit creature token with flying.
{1}{B}, Discard two cards: Return Haunted Dead from your graveyard to the battlefield tapped.');
insert into card_color (id_card, id_color) values (3064,3);
insert into card_type (id_card, id_type) values (3064,1);
insert into card(id, name, manaCost, cmc, rarity_id, set_id, imageUrl, c_power, c_toughness, description) values ('3065','Liliana, the Last Hope','{1}{B}{B}','10','4','4','//gatherer.wizards.com/Handlers/Image.ashx?multiverseid=414388&type=card','none','none','+1: Up to one target creature gets -2/-1 until your next turn.
−2: Put the top two cards of your library into your graveyard, then you may return a creature card from your graveyard to your hand.
−7: You get an emblem with "At the beginning of your end step, create X 2/2 black Zombie creature tokens, where X is two plus the number of Zombies you control."');
insert into card_color (id_card, id_color) values (3065,3);
insert into card_type (id_card, id_type) values (3065,5);
insert into card(id, name, manaCost, cmc, rarity_id, set_id, imageUrl, c_power, c_toughness, description) values ('3066','Liliana§s Elite','{2}{B}','10','2','4','//gatherer.wizards.com/Handlers/Image.ashx?multiverseid=414389&type=card','1','1','Liliana§s Elite gets +1/+1 for each creature card in your graveyard.');
insert into card_color (id_card, id_color) values (3066,3);
insert into card_type (id_card, id_type) values (3066,1);
insert into card(id, name, manaCost, cmc, rarity_id, set_id, imageUrl, c_power, c_toughness, description) values ('3067','Markov Crusader','{4}{B}','10','2','4','//gatherer.wizards.com/Handlers/Image.ashx?multiverseid=414390&type=card','4','3','Lifelink
Markov Crusader has haste as long as you control another Vampire.');
insert into card_color (id_card, id_color) values (3067,3);
insert into card_type (id_card, id_type) values (3067,1);
insert into card(id, name, manaCost, cmc, rarity_id, set_id, imageUrl, c_power, c_toughness, description) values ('3068','Midnight Scavengers','{4}{B}','10','1','4','//gatherer.wizards.com/Handlers/Image.ashx?multiverseid=414391&type=card','3','3','When Midnight Scavengers enters the battlefield, you may return target creature card with converted mana cost 3 or less from your graveyard to your hand.
(Melds with Graf Rats.)');
insert into card_color (id_card, id_color) values (3068,3);
insert into card_type (id_card, id_type) values (3068,1);
insert into card(id, name, manaCost, cmc, rarity_id, set_id, imageUrl, c_power, c_toughness, description) values ('3069','Chittering Host','null','10','1','4','//gatherer.wizards.com/Handlers/Image.ashx?multiverseid=414392&type=card','5','6','Haste
Menace (This creature can§t be blocked except by two or more creatures.)
When Chittering Host enters the battlefield, other creatures you control get +1/+0 and gain menace until end of turn.');
insert into card_color (id_card, id_color) values (3069,1);
insert into card_type (id_card, id_type) values (3069,1);
insert into card(id, name, manaCost, cmc, rarity_id, set_id, imageUrl, c_power, c_toughness, description) values ('3070','Murder','{1}{B}{B}','10','2','4','//gatherer.wizards.com/Handlers/Image.ashx?multiverseid=414393&type=card','none','none','Destroy target creature.');
insert into card_color (id_card, id_color) values (3070,3);
insert into card_type (id_card, id_type) values (3070,7);
insert into card(id, name, manaCost, cmc, rarity_id, set_id, imageUrl, c_power, c_toughness, description) values ('3071','Noosegraf Mob','{4}{B}{B}','10','3','4','//gatherer.wizards.com/Handlers/Image.ashx?multiverseid=414394&type=card','0','0','Noosegraf Mob enters the battlefield with five +1/+1 counters on it.
Whenever a player casts a spell, remove a +1/+1 counter from Noosegraf Mob. If you do, create a 2/2 black Zombie creature token.');
insert into card_color (id_card, id_color) values (3071,3);
insert into card_type (id_card, id_type) values (3071,1);
insert into card(id, name, manaCost, cmc, rarity_id, set_id, imageUrl, c_power, c_toughness, description) values ('3072','Oath of Liliana','{2}{B}','10','3','4','//gatherer.wizards.com/Handlers/Image.ashx?multiverseid=414395&type=card','none','none','When Oath of Liliana enters the battlefield, each opponent sacrifices a creature.
At the beginning of each end step, if a planeswalker entered the battlefield under your control this turn, create a 2/2 black Zombie creature token.');
insert into card_color (id_card, id_color) values (3072,3);
insert into card_type (id_card, id_type) values (3072,4);
insert into card_supertype (id_card, id_supertype) values (3072,3);
insert into card(id, name, manaCost, cmc, rarity_id, set_id, imageUrl, c_power, c_toughness, description) values ('3073','Olivia§s Dragoon','{1}{B}','10','1','4','//gatherer.wizards.com/Handlers/Image.ashx?multiverseid=414396&type=card','2','2','Discard a card: Olivia§s Dragoon gains flying until end of turn.');
insert into card_color (id_card, id_color) values (3073,3);
insert into card_type (id_card, id_type) values (3073,1);
insert into card(id, name, manaCost, cmc, rarity_id, set_id, imageUrl, c_power, c_toughness, description) values ('3074','Prying Questions','{2}{B}','10','2','4','//gatherer.wizards.com/Handlers/Image.ashx?multiverseid=414397&type=card','none','none','Target opponent loses 3 life and puts a card from his or her hand on top of his or her library.');
insert into card_color (id_card, id_color) values (3074,3);
insert into card_type (id_card, id_type) values (3074,6);
insert into card(id, name, manaCost, cmc, rarity_id, set_id, imageUrl, c_power, c_toughness, description) values ('3075','Rise from the Grave','{4}{B}','10','2','4','//gatherer.wizards.com/Handlers/Image.ashx?multiverseid=414398&type=card','none','none','Put target creature card from a graveyard onto the battlefield under your control. That creature is a black Zombie in addition to its other colors and types.');
insert into card_color (id_card, id_color) values (3075,3);
insert into card_type (id_card, id_type) values (3075,6);
insert into card(id, name, manaCost, cmc, rarity_id, set_id, imageUrl, c_power, c_toughness, description) values ('3076','Ruthless Disposal','{4}{B}','10','2','4','//gatherer.wizards.com/Handlers/Image.ashx?multiverseid=414399&type=card','none','none','As an additional cost to cast Ruthless Disposal, discard a card and sacrifice a creature.
Two target creatures each get -13/-13 until end of turn.');
insert into card_color (id_card, id_color) values (3076,3);
insert into card_type (id_card, id_type) values (3076,6);
insert into card(id, name, manaCost, cmc, rarity_id, set_id, imageUrl, c_power, c_toughness, description) values ('3077','Skirsdag Supplicant','{2}{B}','10','1','4','//gatherer.wizards.com/Handlers/Image.ashx?multiverseid=414400&type=card','2','3','{B}, {T}, Discard a card: Each player loses 2 life.');
insert into card_color (id_card, id_color) values (3077,3);
insert into card_type (id_card, id_type) values (3077,1);
insert into card(id, name, manaCost, cmc, rarity_id, set_id, imageUrl, c_power, c_toughness, description) values ('3078','Strange Augmentation','{B}','10','1','4','//gatherer.wizards.com/Handlers/Image.ashx?multiverseid=414401&type=card','none','none','Enchant creature
Enchanted creature gets +1/+1.
Delirium — Enchanted creature gets an additional +2/+2 as long as there are four or more card types among cards in your graveyard.');
insert into card_color (id_card, id_color) values (3078,3);
insert into card_type (id_card, id_type) values (3078,4);
insert into card(id, name, manaCost, cmc, rarity_id, set_id, imageUrl, c_power, c_toughness, description) values ('3079','Stromkirk Condemned','{B}{B}','10','3','4','//gatherer.wizards.com/Handlers/Image.ashx?multiverseid=414402&type=card','2','2','Discard a card: Vampires you control get +1/+1 until end of turn. Activate this ability only once each turn.');
insert into card_color (id_card, id_color) values (3079,3);
insert into card_type (id_card, id_type) values (3079,1);
insert into card(id, name, manaCost, cmc, rarity_id, set_id, imageUrl, c_power, c_toughness, description) values ('3080','Succumb to Temptation','{1}{B}{B}','10','1','4','//gatherer.wizards.com/Handlers/Image.ashx?multiverseid=414403&type=card','none','none','You draw two cards and you lose 2 life.');
insert into card_color (id_card, id_color) values (3080,3);
insert into card_type (id_card, id_type) values (3080,7);
insert into card(id, name, manaCost, cmc, rarity_id, set_id, imageUrl, c_power, c_toughness, description) values ('3081','Thraben Foulbloods','{2}{B}','10','1','4','//gatherer.wizards.com/Handlers/Image.ashx?multiverseid=414404&type=card','3','2','Delirium — Thraben Foulbloods gets +1/+1 and has menace as long as there are four or more card types among cards in your graveyard. (A creature with menace can§t be blocked except by two or more creatures.)');
insert into card_color (id_card, id_color) values (3081,3);
insert into card_type (id_card, id_type) values (3081,1);
insert into card(id, name, manaCost, cmc, rarity_id, set_id, imageUrl, c_power, c_toughness, description) values ('3082','Tree of Perdition','{3}{B}','10','4','4','//gatherer.wizards.com/Handlers/Image.ashx?multiverseid=414405&type=card','0','13','Defender
{T}: Exchange target opponent§s life total with Tree of Perdition§s toughness.');
insert into card_color (id_card, id_color) values (3082,3);
insert into card_type (id_card, id_type) values (3082,1);
insert into card(id, name, manaCost, cmc, rarity_id, set_id, imageUrl, c_power, c_toughness, description) values ('3083','Vampire Cutthroat','{B}','10','2','4','//gatherer.wizards.com/Handlers/Image.ashx?multiverseid=414406&type=card','1','1','Skulk (This creature can§t be blocked by creatures with greater power.)
Lifelink (Damage dealt by this creature also causes you to gain that much life.)');
insert into card_color (id_card, id_color) values (3083,3);
insert into card_type (id_card, id_type) values (3083,1);
insert into card(id, name, manaCost, cmc, rarity_id, set_id, imageUrl, c_power, c_toughness, description) values ('3084','Voldaren Pariah','{3}{B}{B}','10','3','4','//gatherer.wizards.com/Handlers/Image.ashx?multiverseid=414407&type=card','3','3','Flying
Sacrifice three other creatures: Transform Voldaren Pariah.
Madness {B}{B}{B} (If you discard this card, discard it into exile. When you do, cast it for its madness cost or put it into your graveyard.)');
insert into card_color (id_card, id_color) values (3084,3);
insert into card_type (id_card, id_type) values (3084,1);
insert into card(id, name, manaCost, cmc, rarity_id, set_id, imageUrl, c_power, c_toughness, description) values ('3085','Abolisher of Bloodlines','null','10','3','4','//gatherer.wizards.com/Handlers/Image.ashx?multiverseid=414408&type=card','6','5','Flying
When this creature transforms into Abolisher of Bloodlines, target opponent sacrifices three creatures.');
insert into card_color (id_card, id_color) values (3085,3);
insert into card_type (id_card, id_type) values (3085,1);
insert into card(id, name, manaCost, cmc, rarity_id, set_id, imageUrl, c_power, c_toughness, description) values ('3086','Wailing Ghoul','{1}{B}','10','1','4','//gatherer.wizards.com/Handlers/Image.ashx?multiverseid=414409&type=card','1','3','When Wailing Ghoul enters the battlefield, put the top two cards of your library into your graveyard.');
insert into card_color (id_card, id_color) values (3086,3);
insert into card_type (id_card, id_type) values (3086,1);
insert into card(id, name, manaCost, cmc, rarity_id, set_id, imageUrl, c_power, c_toughness, description) values ('3087','Weirded Vampire','{3}{B}','10','1','4','//gatherer.wizards.com/Handlers/Image.ashx?multiverseid=414410&type=card','3','3','Madness {2}{B} (If you discard this card, discard it into exile. When you do, cast it for its madness cost or put it into your graveyard.)');
insert into card_color (id_card, id_color) values (3087,3);
insert into card_type (id_card, id_type) values (3087,1);
insert into card(id, name, manaCost, cmc, rarity_id, set_id, imageUrl, c_power, c_toughness, description) values ('3088','Whispers of Emrakul','{1}{B}','10','2','4','//gatherer.wizards.com/Handlers/Image.ashx?multiverseid=414411&type=card','none','none','Target opponent discards a card at random.
Delirium — If there are four or more card types among cards in your graveyard, that player discards two cards at random instead.');
insert into card_color (id_card, id_color) values (3088,3);
insert into card_type (id_card, id_type) values (3088,6);
insert into card(id, name, manaCost, cmc, rarity_id, set_id, imageUrl, c_power, c_toughness, description) values ('3089','Abandon Reason','{2}{R}','10','2','4','//gatherer.wizards.com/Handlers/Image.ashx?multiverseid=414412&type=card','none','none','Up to two target creatures each get +1/+0 and gain first strike until end of turn.
Madness {1}{R} (If you discard this card, discard it into exile. When you do, cast it for its madness cost or put it into your graveyard.)');
insert into card_color (id_card, id_color) values (3089,4);
insert into card_type (id_card, id_type) values (3089,7);
insert into card(id, name, manaCost, cmc, rarity_id, set_id, imageUrl, c_power, c_toughness, description) values ('3090','Alchemist§s Greeting','{4}{R}','10','1','4','//gatherer.wizards.com/Handlers/Image.ashx?multiverseid=414413&type=card','none','none','Alchemist§s Greeting deals 4 damage to target creature.
Madness {1}{R} (If you discard this card, discard it into exile. When you do, cast it for its madness cost or put it into your graveyard.)');
insert into card_color (id_card, id_color) values (3090,4);
insert into card_type (id_card, id_type) values (3090,6);
insert into card(id, name, manaCost, cmc, rarity_id, set_id, imageUrl, c_power, c_toughness, description) values ('3091','Assembled Alphas','{5}{R}','10','3','4','//gatherer.wizards.com/Handlers/Image.ashx?multiverseid=414414&type=card','5','5','Whenever Assembled Alphas blocks or becomes blocked by a creature, Assembled Alphas deals 3 damage to that creature and 3 damage to that creature§s controller.');
insert into card_color (id_card, id_color) values (3091,4);
insert into card_type (id_card, id_type) values (3091,1);
insert into card(id, name, manaCost, cmc, rarity_id, set_id, imageUrl, c_power, c_toughness, description) values ('3092','Bedlam Reveler','{6}{R}{R}','10','3','4','//gatherer.wizards.com/Handlers/Image.ashx?multiverseid=414415&type=card','3','4','Bedlam Reveler costs {1} less to cast for each instant and sorcery card in your graveyard.
Prowess (Whenever you cast a noncreature spell, this creature gets +1/+1 until end of turn.)
When Bedlam Reveler enters the battlefield, discard your hand, then draw three cards.');
insert into card_color (id_card, id_color) values (3092,4);
insert into card_type (id_card, id_type) values (3092,1);
insert into card(id, name, manaCost, cmc, rarity_id, set_id, imageUrl, c_power, c_toughness, description) values ('3093','Blood Mist','{3}{R}','10','2','4','//gatherer.wizards.com/Handlers/Image.ashx?multiverseid=414416&type=card','none','none','At the beginning of combat on your turn, target creature you control gains double strike until end of turn.');
insert into card_color (id_card, id_color) values (3093,4);
insert into card_type (id_card, id_type) values (3093,4);
insert into card(id, name, manaCost, cmc, rarity_id, set_id, imageUrl, c_power, c_toughness, description) values ('3094','Bold Impaler','{R}','10','1','4','//gatherer.wizards.com/Handlers/Image.ashx?multiverseid=414417&type=card','1','2','{2}{R}: Bold Impaler gets +2/+0 until end of turn.');
insert into card_color (id_card, id_color) values (3094,4);
insert into card_type (id_card, id_type) values (3094,1);
insert into card(id, name, manaCost, cmc, rarity_id, set_id, imageUrl, c_power, c_toughness, description) values ('3095','Borrowed Hostility','{R}','10','1','4','//gatherer.wizards.com/Handlers/Image.ashx?multiverseid=414418&type=card','none','none','Escalate {3} (Pay this cost for each mode chosen beyond the first.)
Choose one or both —
• Target creature gets +3/+0 until end of turn.
• Target creature gains first strike until end of turn.');
insert into card_color (id_card, id_color) values (3095,4);
insert into card_type (id_card, id_type) values (3095,7);
insert into card(id, name, manaCost, cmc, rarity_id, set_id, imageUrl, c_power, c_toughness, description) values ('3096','Brazen Wolves','{2}{R}','10','1','4','//gatherer.wizards.com/Handlers/Image.ashx?multiverseid=414419&type=card','2','3','Whenever Brazen Wolves attacks, it gets +2/+0 until end of turn.');
insert into card_color (id_card, id_color) values (3096,4);
insert into card_type (id_card, id_type) values (3096,1);
insert into card(id, name, manaCost, cmc, rarity_id, set_id, imageUrl, c_power, c_toughness, description) values ('3097','Collective Defiance','{1}{R}{R}','10','3','4','//gatherer.wizards.com/Handlers/Image.ashx?multiverseid=414420&type=card','none','none','Escalate {1} (Pay this cost for each mode chosen beyond the first.)
Choose one or more —
• Target player discards all the cards in his or her hand, then draws that many cards.
• Collective Defiance deals 4 damage to target creature.
• Collective Defiance deals 3 damage to target opponent.');
insert into card_color (id_card, id_color) values (3097,4);
insert into card_type (id_card, id_type) values (3097,6);
insert into card(id, name, manaCost, cmc, rarity_id, set_id, imageUrl, c_power, c_toughness, description) values ('3098','Conduit of Storms','{2}{R}','10','2','4','//gatherer.wizards.com/Handlers/Image.ashx?multiverseid=414421&type=card','2','3','Whenever Conduit of Storms attacks, add {R} to your mana pool at the beginning of your next main phase this turn.
{3}{R}{R}: Transform Conduit of Storms.');
insert into card_color (id_card, id_color) values (3098,4);
insert into card_type (id_card, id_type) values (3098,1);
insert into card(id, name, manaCost, cmc, rarity_id, set_id, imageUrl, c_power, c_toughness, description) values ('3099','Conduit of Emrakul','null','10','2','4','//gatherer.wizards.com/Handlers/Image.ashx?multiverseid=414422&type=card','5','4','Whenever Conduit of Emrakul attacks, add {C}{C} to your mana pool at the beginning of your next main phase this turn.');
insert into card_color (id_card, id_color) values (3099,4);
insert into card_type (id_card, id_type) values (3099,1);
insert into card(id, name, manaCost, cmc, rarity_id, set_id, imageUrl, c_power, c_toughness, description) values ('3100','Deranged Whelp','{1}{R}','10','2','4','//gatherer.wizards.com/Handlers/Image.ashx?multiverseid=414423&type=card','2','1','Menace (This creature can§t be blocked except by two or more creatures.)');
insert into card_color (id_card, id_color) values (3100,4);
insert into card_type (id_card, id_type) values (3100,1);
insert into card(id, name, manaCost, cmc, rarity_id, set_id, imageUrl, c_power, c_toughness, description) values ('3101','Distemper of the Blood','{1}{R}','10','1','4','//gatherer.wizards.com/Handlers/Image.ashx?multiverseid=414424&type=card','none','none','Target creature gets +2/+2 and gains trample until end of turn.
Madness {R} (If you discard this card, discard it into exile. When you do, cast it for its madness cost or put it into your graveyard.)');
insert into card_color (id_card, id_color) values (3101,4);
insert into card_type (id_card, id_type) values (3101,6);
insert into card(id, name, manaCost, cmc, rarity_id, set_id, imageUrl, c_power, c_toughness, description) values ('3102','Falkenrath Reaver','{1}{R}','10','1','4','//gatherer.wizards.com/Handlers/Image.ashx?multiverseid=414425&type=card','2','2','null');
insert into card_color (id_card, id_color) values (3102,4);
insert into card_type (id_card, id_type) values (3102,1);
insert into card(id, name, manaCost, cmc, rarity_id, set_id, imageUrl, c_power, c_toughness, description) values ('3103','Furyblade Vampire','{1}{R}','10','2','4','//gatherer.wizards.com/Handlers/Image.ashx?multiverseid=414426&type=card','1','2','Trample
At the beginning of combat on your turn, you may discard a card. If you do, Furyblade Vampire gets +3/+0 until end of turn.');
insert into card_color (id_card, id_color) values (3103,4);
insert into card_type (id_card, id_type) values (3103,1);
insert into card(id, name, manaCost, cmc, rarity_id, set_id, imageUrl, c_power, c_toughness, description) values ('3104','Galvanic Bombardment','{R}','10','1','4','//gatherer.wizards.com/Handlers/Image.ashx?multiverseid=414427&type=card','none','none','Galvanic Bombardment deals X damage to target creature, where X is 2 plus the number of cards named Galvanic Bombardment in your graveyard.');
insert into card_color (id_card, id_color) values (3104,4);
insert into card_type (id_card, id_type) values (3104,7);
insert into card(id, name, manaCost, cmc, rarity_id, set_id, imageUrl, c_power, c_toughness, description) values ('3105','Hanweir Garrison','{2}{R}','10','3','4','//gatherer.wizards.com/Handlers/Image.ashx?multiverseid=414428&type=card','2','3','Whenever Hanweir Garrison attacks, create two 1/1 red Human creature tokens that are tapped and attacking.
(Melds with Hanweir Battlements.)');
insert into card_color (id_card, id_color) values (3105,4);
insert into card_type (id_card, id_type) values (3105,1);
insert into card(id, name, manaCost, cmc, rarity_id, set_id, imageUrl, c_power, c_toughness, description) values ('3106','Hanweir, the Writhing Township','null','10','3','4','//gatherer.wizards.com/Handlers/Image.ashx?multiverseid=414429&type=card','7','4','Trample, haste
Whenever Hanweir, the Writhing Township attacks, create two 3/2 colorless Eldrazi Horror creature tokens that are tapped and attacking.');
insert into card_color (id_card, id_color) values (3106,1);
insert into card_type (id_card, id_type) values (3106,1);
insert into card_supertype (id_card, id_supertype) values (3106,3);
insert into card(id, name, manaCost, cmc, rarity_id, set_id, imageUrl, c_power, c_toughness, description) values ('3107','Harmless Offering','{2}{R}','10','3','4','//gatherer.wizards.com/Handlers/Image.ashx?multiverseid=414430&type=card','none','none','Target opponent gains control of target permanent you control.');
insert into card_color (id_card, id_color) values (3107,4);
insert into card_type (id_card, id_type) values (3107,6);
insert into card(id, name, manaCost, cmc, rarity_id, set_id, imageUrl, c_power, c_toughness, description) values ('3108','Impetuous Devils','{2}{R}{R}','10','3','4','//gatherer.wizards.com/Handlers/Image.ashx?multiverseid=414431&type=card','6','1','Trample, haste
When Impetuous Devils attacks, up to one target creature defending player controls blocks it this combat if able.
At the beginning of the end step, sacrifice Impetuous Devils.');
insert into card_color (id_card, id_color) values (3108,4);
insert into card_type (id_card, id_type) values (3108,1);
insert into card(id, name, manaCost, cmc, rarity_id, set_id, imageUrl, c_power, c_toughness, description) values ('3109','Incendiary Flow','{1}{R}','10','2','4','//gatherer.wizards.com/Handlers/Image.ashx?multiverseid=414432&type=card','none','none','Incendiary Flow deals 3 damage to target creature or player. If a creature dealt damage this way would die this turn, exile it instead.');
insert into card_color (id_card, id_color) values (3109,4);
insert into card_type (id_card, id_type) values (3109,6);
insert into card(id, name, manaCost, cmc, rarity_id, set_id, imageUrl, c_power, c_toughness, description) values ('3110','Insatiable Gorgers','{2}{R}{R}','10','2','4','//gatherer.wizards.com/Handlers/Image.ashx?multiverseid=414433&type=card','5','3','Insatiable Gorgers attacks each combat if able.
Madness {3}{R} (If you discard this card, discard it into exile. When you do, cast it for its madness cost or put it into your graveyard.)');
insert into card_color (id_card, id_color) values (3110,4);
insert into card_type (id_card, id_type) values (3110,1);
insert into card(id, name, manaCost, cmc, rarity_id, set_id, imageUrl, c_power, c_toughness, description) values ('3111','Make Mischief','{2}{R}','10','1','4','//gatherer.wizards.com/Handlers/Image.ashx?multiverseid=414434&type=card','none','none','Make Mischief deals 1 damage to target creature or player. Create a 1/1 red Devil creature token. It has "When this creature dies, it deals 1 damage to target creature or player."');
insert into card_color (id_card, id_color) values (3111,4);
insert into card_type (id_card, id_type) values (3111,6);
insert into card(id, name, manaCost, cmc, rarity_id, set_id, imageUrl, c_power, c_toughness, description) values ('3112','Mirrorwing Dragon','{3}{R}{R}','10','4','4','//gatherer.wizards.com/Handlers/Image.ashx?multiverseid=414435&type=card','4','5','Flying
Whenever a player casts an instant or sorcery spell that targets only Mirrorwing Dragon, that player copies that spell for each other creature he or she controls that the spell could target. Each copy targets a different one of those creatures.');
insert into card_color (id_card, id_color) values (3112,4);
insert into card_type (id_card, id_type) values (3112,1);
insert into card(id, name, manaCost, cmc, rarity_id, set_id, imageUrl, c_power, c_toughness, description) values ('3113','Nahiri§s Wrath','{2}{R}','10','4','4','//gatherer.wizards.com/Handlers/Image.ashx?multiverseid=414436&type=card','none','none','As an additional cost to cast Nahiri§s Wrath, discard X cards.
Nahiri§s Wrath deals damage equal to the total converted mana cost of the discarded cards to each of up to X target creatures and/or planeswalkers.');
insert into card_color (id_card, id_color) values (3113,4);
insert into card_type (id_card, id_type) values (3113,6);
insert into card(id, name, manaCost, cmc, rarity_id, set_id, imageUrl, c_power, c_toughness, description) values ('3114','Otherworldly Outburst','{R}','10','1','4','//gatherer.wizards.com/Handlers/Image.ashx?multiverseid=414437&type=card','none','none','Target creature gets +1/+0 until end of turn. When that creature dies this turn, create a 3/2 colorless Eldrazi Horror creature token.');
insert into card_color (id_card, id_color) values (3114,4);
insert into card_type (id_card, id_type) values (3114,7);
insert into card(id, name, manaCost, cmc, rarity_id, set_id, imageUrl, c_power, c_toughness, description) values ('3115','Prophetic Ravings','{R}','10','1','4','//gatherer.wizards.com/Handlers/Image.ashx?multiverseid=414438&type=card','none','none','Enchant creature
Enchanted creature has haste and "{T}, Discard a card: Draw a card."');
insert into card_color (id_card, id_color) values (3115,4);
insert into card_type (id_card, id_type) values (3115,4);
insert into card(id, name, manaCost, cmc, rarity_id, set_id, imageUrl, c_power, c_toughness, description) values ('3116','Savage Alliance','{2}{R}','10','2','4','//gatherer.wizards.com/Handlers/Image.ashx?multiverseid=414439&type=card','none','none','Escalate {1} (Pay this cost for each mode chosen beyond the first.)
Choose one or more —
• Creatures target player controls gain trample until end of turn.
• Savage Alliance deals 2 damage to target creature.
• Savage Alliance deals 1 damage to each creature target opponent controls.');
insert into card_color (id_card, id_color) values (3116,4);
insert into card_type (id_card, id_type) values (3116,7);
insert into card(id, name, manaCost, cmc, rarity_id, set_id, imageUrl, c_power, c_toughness, description) values ('3117','Shreds of Sanity','{2}{R}','10','2','4','//gatherer.wizards.com/Handlers/Image.ashx?multiverseid=414440&type=card','none','none','Return up to one target instant card and up to one target sorcery card from your graveyard to your hand, then discard a card. Exile Shreds of Sanity.');
insert into card_color (id_card, id_color) values (3117,4);
insert into card_type (id_card, id_type) values (3117,6);
insert into card(id, name, manaCost, cmc, rarity_id, set_id, imageUrl, c_power, c_toughness, description) values ('3118','Smoldering Werewolf','{2}{R}{R}','10','2','4','//gatherer.wizards.com/Handlers/Image.ashx?multiverseid=414441&type=card','3','2','When Smoldering Werewolf enters the battlefield, it deals 1 damage to each of up to two target creatures.
{4}{R}{R}: Transform Smoldering Werewolf.');
insert into card_color (id_card, id_color) values (3118,4);
insert into card_type (id_card, id_type) values (3118,1);
insert into card(id, name, manaCost, cmc, rarity_id, set_id, imageUrl, c_power, c_toughness, description) values ('3119','Erupting Dreadwolf','null','10','2','4','//gatherer.wizards.com/Handlers/Image.ashx?multiverseid=414442&type=card','6','4','Whenever Erupting Dreadwolf attacks, it deals 2 damage to target creature or player.');
insert into card_color (id_card, id_color) values (3119,4);
insert into card_type (id_card, id_type) values (3119,1);
insert into card(id, name, manaCost, cmc, rarity_id, set_id, imageUrl, c_power, c_toughness, description) values ('3120','Spreading Flames','{6}{R}','10','2','4','//gatherer.wizards.com/Handlers/Image.ashx?multiverseid=414443&type=card','none','none','Spreading Flames deals 6 damage divided as you choose among any number of target creatures.');
insert into card_color (id_card, id_color) values (3120,4);
insert into card_type (id_card, id_type) values (3120,7);
insert into card(id, name, manaCost, cmc, rarity_id, set_id, imageUrl, c_power, c_toughness, description) values ('3121','Stensia Banquet','{2}{R}','10','1','4','//gatherer.wizards.com/Handlers/Image.ashx?multiverseid=414444&type=card','none','none','Stensia Banquet deals damage to target opponent equal to the number of Vampires you control.
Draw a card.');
insert into card_color (id_card, id_color) values (3121,4);
insert into card_type (id_card, id_type) values (3121,6);
insert into card(id, name, manaCost, cmc, rarity_id, set_id, imageUrl, c_power, c_toughness, description) values ('3122','Stensia Innkeeper','{3}{R}','10','1','4','//gatherer.wizards.com/Handlers/Image.ashx?multiverseid=414445&type=card','3','3','When Stensia Innkeeper enters the battlefield, tap target land an opponent controls. That land doesn§t untap during its controller§s next untap step.');
insert into card_color (id_card, id_color) values (3122,4);
insert into card_type (id_card, id_type) values (3122,1);
insert into card(id, name, manaCost, cmc, rarity_id, set_id, imageUrl, c_power, c_toughness, description) values ('3123','Stromkirk Occultist','{2}{R}','10','3','4','//gatherer.wizards.com/Handlers/Image.ashx?multiverseid=414446&type=card','3','2','Trample
Whenever Stromkirk Occultist deals combat damage to a player, exile the top card of your library. Until end of turn, you may play that card.
Madness {1}{R} (If you discard this card, discard it into exile. When you do, cast it for its madness cost or put it into your graveyard.)');
insert into card_color (id_card, id_color) values (3123,4);
insert into card_type (id_card, id_type) values (3123,1);
insert into card(id, name, manaCost, cmc, rarity_id, set_id, imageUrl, c_power, c_toughness, description) values ('3124','Thermo-Alchemist','{1}{R}','10','1','4','//gatherer.wizards.com/Handlers/Image.ashx?multiverseid=414447&type=card','0','3','Defender
{T}: Thermo-Alchemist deals 1 damage to each opponent.
Whenever you cast an instant or sorcery spell, untap Thermo-Alchemist.');
insert into card_color (id_card, id_color) values (3124,4);
insert into card_type (id_card, id_type) values (3124,1);
insert into card(id, name, manaCost, cmc, rarity_id, set_id, imageUrl, c_power, c_toughness, description) values ('3125','Vildin-Pack Outcast','{4}{R}','10','1','4','//gatherer.wizards.com/Handlers/Image.ashx?multiverseid=414448&type=card','4','4','Trample
{R}: Vildin-Pack Outcast gets +1/-1 until end of turn.
{5}{R}{R}: Transform Vildin-Pack Outcast.');
insert into card_color (id_card, id_color) values (3125,4);
insert into card_type (id_card, id_type) values (3125,1);
insert into card(id, name, manaCost, cmc, rarity_id, set_id, imageUrl, c_power, c_toughness, description) values ('3126','Dronepack Kindred','null','10','1','4','//gatherer.wizards.com/Handlers/Image.ashx?multiverseid=414449&type=card','5','7','Trample
{1}: Dronepack Kindred gets +1/+0 until end of turn.');
insert into card_color (id_card, id_color) values (3126,4);
insert into card_type (id_card, id_type) values (3126,1);
insert into card(id, name, manaCost, cmc, rarity_id, set_id, imageUrl, c_power, c_toughness, description) values ('3127','Weaver of Lightning','{2}{R}','10','2','4','//gatherer.wizards.com/Handlers/Image.ashx?multiverseid=414450&type=card','1','4','Reach
Whenever you cast an instant or sorcery spell, Weaver of Lightning deals 1 damage to target creature an opponent controls.');
insert into card_color (id_card, id_color) values (3127,4);
insert into card_type (id_card, id_type) values (3127,1);
insert into card(id, name, manaCost, cmc, rarity_id, set_id, imageUrl, c_power, c_toughness, description) values ('3128','Backwoods Survivalists','{3}{G}','10','1','4','//gatherer.wizards.com/Handlers/Image.ashx?multiverseid=414451&type=card','4','3','Delirium — Backwoods Survivalists gets +1/+1 and has trample as long as there are four or more card types among cards in your graveyard.');
insert into card_color (id_card, id_color) values (3128,5);
insert into card_type (id_card, id_type) values (3128,1);
insert into card(id, name, manaCost, cmc, rarity_id, set_id, imageUrl, c_power, c_toughness, description) values ('3129','Bloodbriar','{2}{G}','10','1','4','//gatherer.wizards.com/Handlers/Image.ashx?multiverseid=414452&type=card','2','3','Whenever you sacrifice another permanent, put a +1/+1 counter on Bloodbriar.');
insert into card_color (id_card, id_color) values (3129,5);
insert into card_type (id_card, id_type) values (3129,1);
insert into card(id, name, manaCost, cmc, rarity_id, set_id, imageUrl, c_power, c_toughness, description) values ('3130','Clear Shot','{2}{G}','10','2','4','//gatherer.wizards.com/Handlers/Image.ashx?multiverseid=414453&type=card','none','none','Target creature you control gets +1/+1 until end of turn. It deals damage equal to its power to target creature you don§t control.');
insert into card_color (id_card, id_color) values (3130,5);
insert into card_type (id_card, id_type) values (3130,7);
insert into card(id, name, manaCost, cmc, rarity_id, set_id, imageUrl, c_power, c_toughness, description) values ('3131','Crop Sigil','{G}','10','2','4','//gatherer.wizards.com/Handlers/Image.ashx?multiverseid=414454&type=card','none','none','At the beginning of your upkeep, you may put the top card of your library into your graveyard.
Delirium — {2}{G}, Sacrifice Crop Sigil: Return up to one target creature card and up to one target land card from your graveyard to your hand. Activate this ability only if there are four or more card types among cards in your graveyard.');
insert into card_color (id_card, id_color) values (3131,5);
insert into card_type (id_card, id_type) values (3131,4);
insert into card(id, name, manaCost, cmc, rarity_id, set_id, imageUrl, c_power, c_toughness, description) values ('3132','Crossroads Consecrator','{G}','10','1','4','//gatherer.wizards.com/Handlers/Image.ashx?multiverseid=414455&type=card','1','2','{G}, {T}: Target attacking Human gets +1/+1 until end of turn.');
insert into card_color (id_card, id_color) values (3132,5);
insert into card_type (id_card, id_type) values (3132,1);
insert into card(id, name, manaCost, cmc, rarity_id, set_id, imageUrl, c_power, c_toughness, description) values ('3133','Eldritch Evolution','{1}{G}{G}','10','3','4','//gatherer.wizards.com/Handlers/Image.ashx?multiverseid=414456&type=card','none','none','As an additional cost to cast Eldritch Evolution, sacrifice a creature.
Search your library for a creature card with converted mana cost X or less, where X is 2 plus the sacrificed creature§s converted mana cost. Put that card onto the battlefield, then shuffle your library. Exile Eldritch Evolution.');
insert into card_color (id_card, id_color) values (3133,5);
insert into card_type (id_card, id_type) values (3133,6);
insert into card(id, name, manaCost, cmc, rarity_id, set_id, imageUrl, c_power, c_toughness, description) values ('3134','Emrakul§s Evangel','{2}{G}','10','3','4','//gatherer.wizards.com/Handlers/Image.ashx?multiverseid=414457&type=card','3','2','{T}, Sacrifice Emrakul§s Evangel and any number of other non-Eldrazi creatures: Create a 3/2 colorless Eldrazi Horror creature token for each creature sacrificed this way.');
insert into card_color (id_card, id_color) values (3134,5);
insert into card_type (id_card, id_type) values (3134,1);
insert into card(id, name, manaCost, cmc, rarity_id, set_id, imageUrl, c_power, c_toughness, description) values ('3135','Emrakul§s Influence','{2}{G}{G}','10','2','4','//gatherer.wizards.com/Handlers/Image.ashx?multiverseid=414458&type=card','none','none','Whenever you cast an Eldrazi creature spell with converted mana cost 7 or greater, draw two cards.');
insert into card_color (id_card, id_color) values (3135,5);
insert into card_type (id_card, id_type) values (3135,4);
insert into card(id, name, manaCost, cmc, rarity_id, set_id, imageUrl, c_power, c_toughness, description) values ('3136','Foul Emissary','{2}{G}','10','2','4','//gatherer.wizards.com/Handlers/Image.ashx?multiverseid=414459&type=card','1','1','When Foul Emissary enters the battlefield, look at the top four cards of your library. You may reveal a creature card from among them and put it into your hand. Put the rest on the bottom of your library in any order.
When you sacrifice Foul Emissary while casting a spell with emerge, create a 3/2 colorless Eldrazi Horror creature token.');
insert into card_color (id_card, id_color) values (3136,5);
insert into card_type (id_card, id_type) values (3136,1);
insert into card(id, name, manaCost, cmc, rarity_id, set_id, imageUrl, c_power, c_toughness, description) values ('3137','Gnarlwood Dryad','{G}','10','2','4','//gatherer.wizards.com/Handlers/Image.ashx?multiverseid=414460&type=card','1','1','Deathtouch
Delirium — Gnarlwood Dryad gets +2/+2 as long as there are four or more card types among cards in your graveyard.');
insert into card_color (id_card, id_color) values (3137,5);
insert into card_type (id_card, id_type) values (3137,1);
insert into card(id, name, manaCost, cmc, rarity_id, set_id, imageUrl, c_power, c_toughness, description) values ('3138','Grapple with the Past','{1}{G}','10','1','4','//gatherer.wizards.com/Handlers/Image.ashx?multiverseid=414461&type=card','none','none','Put the top three cards of your library into your graveyard, then you may return a creature or land card from your graveyard to your hand.');
insert into card_color (id_card, id_color) values (3138,5);
insert into card_type (id_card, id_type) values (3138,7);
insert into card(id, name, manaCost, cmc, rarity_id, set_id, imageUrl, c_power, c_toughness, description) values ('3139','Hamlet Captain','{1}{G}','10','2','4','//gatherer.wizards.com/Handlers/Image.ashx?multiverseid=414462&type=card','2','2','Whenever Hamlet Captain attacks or blocks, other Humans you control get +1/+1 until end of turn.');
insert into card_color (id_card, id_color) values (3139,5);
insert into card_type (id_card, id_type) values (3139,1);
insert into card(id, name, manaCost, cmc, rarity_id, set_id, imageUrl, c_power, c_toughness, description) values ('3140','Ishkanah, Grafwidow','{4}{G}','10','4','4','//gatherer.wizards.com/Handlers/Image.ashx?multiverseid=414463&type=card','3','5','Reach
Delirium — When Ishkanah, Grafwidow enters the battlefield, if there are four or more card types among cards in your graveyard, create three 1/2 green Spider creature tokens with reach.
{6}{B}: Target opponent loses 1 life for each Spider you control.');
insert into card_color (id_card, id_color) values (3140,5);
insert into card_color (id_card, id_color) values (3140,3);
insert into card_type (id_card, id_type) values (3140,1);
insert into card_supertype (id_card, id_supertype) values (3140,3);
insert into card(id, name, manaCost, cmc, rarity_id, set_id, imageUrl, c_power, c_toughness, description) values ('3141','Kessig Prowler','{G}','10','2','4','//gatherer.wizards.com/Handlers/Image.ashx?multiverseid=414464&type=card','2','1','{4}{G}: Transform Kessig Prowler.');
insert into card_color (id_card, id_color) values (3141,5);
insert into card_type (id_card, id_type) values (3141,1);
insert into card(id, name, manaCost, cmc, rarity_id, set_id, imageUrl, c_power, c_toughness, description) values ('3142','Sinuous Predator','null','10','2','4','//gatherer.wizards.com/Handlers/Image.ashx?multiverseid=414465&type=card','4','4','Sinuous Predator can§t be blocked by more than one creature.');
insert into card_color (id_card, id_color) values (3142,5);
insert into card_type (id_card, id_type) values (3142,1);
insert into card(id, name, manaCost, cmc, rarity_id, set_id, imageUrl, c_power, c_toughness, description) values ('3143','Noose Constrictor','{1}{G}','10','2','4','//gatherer.wizards.com/Handlers/Image.ashx?multiverseid=414466&type=card','2','2','Reach
Discard a card: Noose Constrictor gets +1/+1 until end of turn.');
insert into card_color (id_card, id_color) values (3143,5);
insert into card_type (id_card, id_type) values (3143,1);
insert into card(id, name, manaCost, cmc, rarity_id, set_id, imageUrl, c_power, c_toughness, description) values ('3144','Permeating Mass','{G}','10','3','4','//gatherer.wizards.com/Handlers/Image.ashx?multiverseid=414467&type=card','1','3','Whenever Permeating Mass deals combat damage to a creature, that creature becomes a copy of Permeating Mass.');
insert into card_color (id_card, id_color) values (3144,5);
insert into card_type (id_card, id_type) values (3144,1);
insert into card(id, name, manaCost, cmc, rarity_id, set_id, imageUrl, c_power, c_toughness, description) values ('3145','Prey Upon','{G}','10','1','4','//gatherer.wizards.com/Handlers/Image.ashx?multiverseid=414468&type=card','none','none','Target creature you control fights target creature you don§t control. (Each deals damage equal to its power to the other.)');
insert into card_color (id_card, id_color) values (3145,5);
insert into card_type (id_card, id_type) values (3145,6);
insert into card(id, name, manaCost, cmc, rarity_id, set_id, imageUrl, c_power, c_toughness, description) values ('3146','Primal Druid','{1}{G}','10','1','4','//gatherer.wizards.com/Handlers/Image.ashx?multiverseid=414469&type=card','0','3','When Primal Druid dies, you may search your library for a basic land card, put it onto the battlefield tapped, then shuffle your library.');
insert into card_color (id_card, id_color) values (3146,5);
insert into card_type (id_card, id_type) values (3146,1);
insert into card(id, name, manaCost, cmc, rarity_id, set_id, imageUrl, c_power, c_toughness, description) values ('3147','Shrill Howler','{2}{G}','10','2','4','//gatherer.wizards.com/Handlers/Image.ashx?multiverseid=414470&type=card','3','1','Creatures with power less than Shrill Howler§s power can§t block it.
{5}{G}: Transform Shrill Howler.');
insert into card_color (id_card, id_color) values (3147,5);
insert into card_type (id_card, id_type) values (3147,1);
insert into card(id, name, manaCost, cmc, rarity_id, set_id, imageUrl, c_power, c_toughness, description) values ('3148','Howling Chorus','null','10','2','4','//gatherer.wizards.com/Handlers/Image.ashx?multiverseid=414471&type=card','3','5','Creatures with power less than Howling Chorus§s power can§t block it.
Whenever Howling Chorus deals combat damage to a player, create a 3/2 colorless Eldrazi Horror creature token.');
insert into card_color (id_card, id_color) values (3148,5);
insert into card_type (id_card, id_type) values (3148,1);
insert into card(id, name, manaCost, cmc, rarity_id, set_id, imageUrl, c_power, c_toughness, description) values ('3149','Somberwald Stag','{3}{G}{G}','10','2','4','//gatherer.wizards.com/Handlers/Image.ashx?multiverseid=414472&type=card','4','3','When Somberwald Stag enters the battlefield, you may have it fight target creature you don§t control.');
insert into card_color (id_card, id_color) values (3149,5);
insert into card_type (id_card, id_type) values (3149,1);
insert into card(id, name, manaCost, cmc, rarity_id, set_id, imageUrl, c_power, c_toughness, description) values ('3150','Spirit of the Hunt','{1}{G}{G}','10','3','4','//gatherer.wizards.com/Handlers/Image.ashx?multiverseid=414473&type=card','3','3','Flash
When Spirit of the Hunt enters the battlefield, each other creature you control that§s a Wolf or a Werewolf gets +0/+3 until end of turn.');
insert into card_color (id_card, id_color) values (3150,5);
insert into card_type (id_card, id_type) values (3150,1);
insert into card(id, name, manaCost, cmc, rarity_id, set_id, imageUrl, c_power, c_toughness, description) values ('3151','Splendid Reclamation','{3}{G}','10','3','4','//gatherer.wizards.com/Handlers/Image.ashx?multiverseid=414474&type=card','none','none','Return all land cards from your graveyard to the battlefield tapped.');
insert into card_color (id_card, id_color) values (3151,5);
insert into card_type (id_card, id_type) values (3151,6);
insert into card(id, name, manaCost, cmc, rarity_id, set_id, imageUrl, c_power, c_toughness, description) values ('3152','Springsage Ritual','{3}{G}','10','1','4','//gatherer.wizards.com/Handlers/Image.ashx?multiverseid=414475&type=card','none','none','Destroy target artifact or enchantment. You gain 4 life.');
insert into card_color (id_card, id_color) values (3152,5);
insert into card_type (id_card, id_type) values (3152,7);
insert into card(id, name, manaCost, cmc, rarity_id, set_id, imageUrl, c_power, c_toughness, description) values ('3153','Swift Spinner','{3}{G}','10','1','4','//gatherer.wizards.com/Handlers/Image.ashx?multiverseid=414476&type=card','2','3','Flash (You may cast this spell any time you could cast an instant.)
Reach (This creature can block creatures with flying.)');
insert into card_color (id_card, id_color) values (3153,5);
insert into card_type (id_card, id_type) values (3153,1);
insert into card(id, name, manaCost, cmc, rarity_id, set_id, imageUrl, c_power, c_toughness, description) values ('3154','Tangleclaw Werewolf','{2}{G}{G}','10','2','4','//gatherer.wizards.com/Handlers/Image.ashx?multiverseid=414477&type=card','2','4','Tangleclaw Werewolf can block an additional creature each combat.
{6}{G}: Transform Tangleclaw Werewolf.');
insert into card_color (id_card, id_color) values (3154,5);
insert into card_type (id_card, id_type) values (3154,1);
insert into card(id, name, manaCost, cmc, rarity_id, set_id, imageUrl, c_power, c_toughness, description) values ('3155','Fibrous Entangler','null','10','2','4','//gatherer.wizards.com/Handlers/Image.ashx?multiverseid=414478&type=card','4','6','Vigilance
Fibrous Entangler must be blocked if able.
Fibrous Entangler can block an additional creature each combat.');
insert into card_color (id_card, id_color) values (3155,5);
insert into card_type (id_card, id_type) values (3155,1);
insert into card(id, name, manaCost, cmc, rarity_id, set_id, imageUrl, c_power, c_toughness, description) values ('3156','Ulvenwald Captive','{1}{G}','10','1','4','//gatherer.wizards.com/Handlers/Image.ashx?multiverseid=414479&type=card','1','2','Defender
{T}: Add {G} to your mana pool.
{5}{G}{G}: Transform Ulvenwald Captive.');
insert into card_color (id_card, id_color) values (3156,5);
insert into card_type (id_card, id_type) values (3156,1);
insert into card(id, name, manaCost, cmc, rarity_id, set_id, imageUrl, c_power, c_toughness, description) values ('3157','Ulvenwald Abomination','null','10','1','4','//gatherer.wizards.com/Handlers/Image.ashx?multiverseid=414480&type=card','4','6','{T}: Add {C}{C} to your mana pool.');
insert into card_color (id_card, id_color) values (3157,5);
insert into card_type (id_card, id_type) values (3157,1);
insert into card(id, name, manaCost, cmc, rarity_id, set_id, imageUrl, c_power, c_toughness, description) values ('3158','Ulvenwald Observer','{4}{G}{G}','10','3','4','//gatherer.wizards.com/Handlers/Image.ashx?multiverseid=414481&type=card','6','6','Whenever a creature you control with toughness 4 or greater dies, draw a card.');
insert into card_color (id_card, id_color) values (3158,5);
insert into card_type (id_card, id_type) values (3158,1);
insert into card(id, name, manaCost, cmc, rarity_id, set_id, imageUrl, c_power, c_toughness, description) values ('3159','Waxing Moon','{1}{G}','10','1','4','//gatherer.wizards.com/Handlers/Image.ashx?multiverseid=414482&type=card','none','none','Transform up to one target Werewolf you control. Creatures you control gain trample until end of turn.');
insert into card_color (id_card, id_color) values (3159,5);
insert into card_type (id_card, id_type) values (3159,7);
insert into card(id, name, manaCost, cmc, rarity_id, set_id, imageUrl, c_power, c_toughness, description) values ('3160','Wolfkin Bond','{4}{G}','10','1','4','//gatherer.wizards.com/Handlers/Image.ashx?multiverseid=414483&type=card','none','none','Enchant creature
When Wolfkin Bond enters the battlefield, Create a 2/2 green Wolf creature token.
Enchanted creature gets +2/+2.');
insert into card_color (id_card, id_color) values (3160,5);
insert into card_type (id_card, id_type) values (3160,4);
insert into card(id, name, manaCost, cmc, rarity_id, set_id, imageUrl, c_power, c_toughness, description) values ('3161','Woodcutter§s Grit','{2}{G}','10','1','4','//gatherer.wizards.com/Handlers/Image.ashx?multiverseid=414484&type=card','none','none','Target creature you control gets +3/+3 and gains hexproof until end of turn. (It can§t be the target of spells or abilities your opponents control.)');
insert into card_color (id_card, id_color) values (3161,5);
insert into card_type (id_card, id_type) values (3161,7);
insert into card(id, name, manaCost, cmc, rarity_id, set_id, imageUrl, c_power, c_toughness, description) values ('3162','Woodland Patrol','{2}{G}','10','1','4','//gatherer.wizards.com/Handlers/Image.ashx?multiverseid=414485&type=card','3','2','Vigilance');
insert into card_color (id_card, id_color) values (3162,5);
insert into card_type (id_card, id_type) values (3162,1);
insert into card(id, name, manaCost, cmc, rarity_id, set_id, imageUrl, c_power, c_toughness, description) values ('3163','Bloodhall Priest','{2}{B}{R}','10','3','4','//gatherer.wizards.com/Handlers/Image.ashx?multiverseid=414486&type=card','4','4','Whenever Bloodhall Priest enters the battlefield or attacks, if you have no cards in hand, Bloodhall Priest deals 2 damage to target creature or player.
Madness {1}{B}{R} (If you discard this card, discard it into exile. When you do, cast it for its madness cost or put it into your graveyard.)');
insert into card_color (id_card, id_color) values (3163,3);
insert into card_color (id_card, id_color) values (3163,4);
insert into card_type (id_card, id_type) values (3163,1);
insert into card(id, name, manaCost, cmc, rarity_id, set_id, imageUrl, c_power, c_toughness, description) values ('3164','Campaign of Vengeance','{3}{W}{B}','10','2','4','//gatherer.wizards.com/Handlers/Image.ashx?multiverseid=414487&type=card','none','none','Whenever a creature you control attacks, defending player loses 1 life and you gain 1 life.');
insert into card_color (id_card, id_color) values (3164,2);
insert into card_color (id_card, id_color) values (3164,3);
insert into card_type (id_card, id_type) values (3164,4);
insert into card(id, name, manaCost, cmc, rarity_id, set_id, imageUrl, c_power, c_toughness, description) values ('3165','Gisa and Geralf','{2}{U}{B}','10','4','4','//gatherer.wizards.com/Handlers/Image.ashx?multiverseid=414488&type=card','4','4','When Gisa and Geralf enters the battlefield, put the top four cards of your library into your graveyard.
During each of your turns, you may cast a Zombie creature card from your graveyard.');
insert into card_color (id_card, id_color) values (3165,6);
insert into card_color (id_card, id_color) values (3165,3);
insert into card_type (id_card, id_type) values (3165,1);
insert into card_supertype (id_card, id_supertype) values (3165,3);
insert into card(id, name, manaCost, cmc, rarity_id, set_id, imageUrl, c_power, c_toughness, description) values ('3166','Grim Flayer','{B}{G}','10','4','4','//gatherer.wizards.com/Handlers/Image.ashx?multiverseid=414489&type=card','2','2','Trample
Whenever Grim Flayer deals combat damage to a player, look at the top three cards of your library. Put any number of them into your graveyard and the rest back on top of your library in any order.
Delirium — Grim Flayer gets +2/+2 as long as there are four or more card types among cards in your graveyard.');
insert into card_color (id_card, id_color) values (3166,3);
insert into card_color (id_card, id_color) values (3166,5);
insert into card_type (id_card, id_type) values (3166,1);
insert into card(id, name, manaCost, cmc, rarity_id, set_id, imageUrl, c_power, c_toughness, description) values ('3167','Heron§s Grace Champion','{2}{G}{W}','10','3','4','//gatherer.wizards.com/Handlers/Image.ashx?multiverseid=414490&type=card','3','3','Flash
Lifelink
When Heron§s Grace Champion enters the battlefield, other Humans you control get +1/+1 and gain lifelink until end of turn.');
insert into card_color (id_card, id_color) values (3167,2);
insert into card_color (id_card, id_color) values (3167,5);
insert into card_type (id_card, id_type) values (3167,1);
insert into card(id, name, manaCost, cmc, rarity_id, set_id, imageUrl, c_power, c_toughness, description) values ('3168','Mercurial Geists','{2}{U}{R}','10','2','4','//gatherer.wizards.com/Handlers/Image.ashx?multiverseid=414491&type=card','1','3','Flying
Whenever you cast an instant or sorcery spell, Mercurial Geists gets +3/+0 until end of turn.');
insert into card_color (id_card, id_color) values (3168,6);
insert into card_color (id_card, id_color) values (3168,4);
insert into card_type (id_card, id_type) values (3168,1);
insert into card(id, name, manaCost, cmc, rarity_id, set_id, imageUrl, c_power, c_toughness, description) values ('3169','Mournwillow','{1}{B}{G}','10','2','4','//gatherer.wizards.com/Handlers/Image.ashx?multiverseid=414492&type=card','3','2','Haste
Delirium — When Mournwillow enters the battlefield, if there are four or more card types among cards in your graveyard, creatures with power 2 or less can§t block this turn.');
insert into card_color (id_card, id_color) values (3169,3);
insert into card_color (id_card, id_color) values (3169,5);
insert into card_type (id_card, id_type) values (3169,1);
insert into card(id, name, manaCost, cmc, rarity_id, set_id, imageUrl, c_power, c_toughness, description) values ('3170','Ride Down','{R}{W}','10','2','4','//gatherer.wizards.com/Handlers/Image.ashx?multiverseid=414493&type=card','none','none','Destroy target blocking creature. Creatures that were blocked by that creature this combat gain trample until end of turn.');
insert into card_color (id_card, id_color) values (3170,2);
insert into card_color (id_card, id_color) values (3170,4);
insert into card_type (id_card, id_type) values (3170,7);
insert into card(id, name, manaCost, cmc, rarity_id, set_id, imageUrl, c_power, c_toughness, description) values ('3171','Spell Queller','{1}{W}{U}','10','3','4','//gatherer.wizards.com/Handlers/Image.ashx?multiverseid=414494&type=card','2','3','Flash
Flying
When Spell Queller enters the battlefield, exile target spell with converted mana cost 4 or less.
When Spell Queller leaves the battlefield, the exiled card§s owner may cast that card without paying its mana cost.');
insert into card_color (id_card, id_color) values (3171,2);
insert into card_color (id_card, id_color) values (3171,6);
insert into card_type (id_card, id_type) values (3171,1);
insert into card(id, name, manaCost, cmc, rarity_id, set_id, imageUrl, c_power, c_toughness, description) values ('3172','Tamiyo, Field Researcher','{1}{G}{W}{U}','10','4','4','//gatherer.wizards.com/Handlers/Image.ashx?multiverseid=414495&type=card','none','none','+1: Choose up to two target creatures. Until your next turn, whenever either of those creatures deals combat damage, you draw a card.
−2: Tap up to two target nonland permanents. They don§t untap during their controller§s next untap step.
−7: Draw three cards. You get an emblem with "You may cast nonland cards from your hand without paying their mana costs."');
insert into card_color (id_card, id_color) values (3172,2);
insert into card_color (id_card, id_color) values (3172,6);
insert into card_color (id_card, id_color) values (3172,5);
insert into card_type (id_card, id_type) values (3172,5);
insert into card(id, name, manaCost, cmc, rarity_id, set_id, imageUrl, c_power, c_toughness, description) values ('3173','Ulrich of the Krallenhorde','{3}{R}{G}','10','4','4','//gatherer.wizards.com/Handlers/Image.ashx?multiverseid=414496&type=card','4','4','Whenever this creature enters the battlefield or transforms into Ulrich of the Krallenhorde, target creature gets +4/+4 until end of turn.
At the beginning of each upkeep, if no spells were cast last turn, transform Ulrich of the Krallenhorde.');
insert into card_color (id_card, id_color) values (3173,4);
insert into card_color (id_card, id_color) values (3173,5);
insert into card_type (id_card, id_type) values (3173,1);
insert into card_supertype (id_card, id_supertype) values (3173,3);
insert into card(id, name, manaCost, cmc, rarity_id, set_id, imageUrl, c_power, c_toughness, description) values ('3174','Ulrich, Uncontested Alpha','null','10','4','4','//gatherer.wizards.com/Handlers/Image.ashx?multiverseid=414497&type=card','6','6','Whenever this creature transforms into Ulrich, Uncontested Alpha, you may have it fight target non-Werewolf creature you don§t control.
At the beginning of each upkeep, if a player cast two or more spells last turn, transform Ulrich, Uncontested Alpha.');
insert into card_color (id_card, id_color) values (3174,4);
insert into card_color (id_card, id_color) values (3174,5);
insert into card_type (id_card, id_type) values (3174,1);
insert into card_supertype (id_card, id_supertype) values (3174,3);
insert into card(id, name, manaCost, cmc, rarity_id, set_id, imageUrl, c_power, c_toughness, description) values ('3175','Cathar§s Shield','{0}','10','1','4','//gatherer.wizards.com/Handlers/Image.ashx?multiverseid=414498&type=card','none','none','Equipped creature gets +0/+3 and has vigilance.
Equip {3} ({3}: Attach to target creature you control. Equip only as a sorcery.)');
insert into card_color (id_card, id_color) values (3175,1);
insert into card_type (id_card, id_type) values (3175,3);
insert into card(id, name, manaCost, cmc, rarity_id, set_id, imageUrl, c_power, c_toughness, description) values ('3176','Cryptolith Fragment','{3}','10','2','4','//gatherer.wizards.com/Handlers/Image.ashx?multiverseid=414499&type=card','none','none','Cryptolith Fragment enters the battlefield tapped.
{T}: Add one mana of any color to your mana pool. Each player loses 1 life.
At the beginning of your upkeep, if each player has 10 or less life, transform Cryptolith Fragment.');
insert into card_color (id_card, id_color) values (3176,1);
insert into card_type (id_card, id_type) values (3176,3);
insert into card(id, name, manaCost, cmc, rarity_id, set_id, imageUrl, c_power, c_toughness, description) values ('3177','Aurora of Emrakul','null','10','2','4','//gatherer.wizards.com/Handlers/Image.ashx?multiverseid=414500&type=card','1','4','Flying, deathtouch
Whenever Aurora of Emrakul attacks, each opponent loses 3 life.');
insert into card_color (id_card, id_color) values (3177,1);
insert into card_type (id_card, id_type) values (3177,1);
insert into card(id, name, manaCost, cmc, rarity_id, set_id, imageUrl, c_power, c_toughness, description) values ('3178','Cultist§s Staff','{2}','10','1','4','//gatherer.wizards.com/Handlers/Image.ashx?multiverseid=414501&type=card','none','none','Equipped creature gets +2/+2.
Equip {3} ({3}: Attach to target creature you control. Equip only as a sorcery.)');
insert into card_color (id_card, id_color) values (3178,1);
insert into card_type (id_card, id_type) values (3178,3);
insert into card(id, name, manaCost, cmc, rarity_id, set_id, imageUrl, c_power, c_toughness, description) values ('3179','Field Creeper','{2}','10','1','4','//gatherer.wizards.com/Handlers/Image.ashx?multiverseid=414502&type=card','2','1','null');
insert into card_color (id_card, id_color) values (3179,1);
insert into card_type (id_card, id_type) values (3179,3);
insert into card_type (id_card, id_type) values (3179,1);
insert into card(id, name, manaCost, cmc, rarity_id, set_id, imageUrl, c_power, c_toughness, description) values ('3180','Geist-Fueled Scarecrow','{4}','10','2','4','//gatherer.wizards.com/Handlers/Image.ashx?multiverseid=414503&type=card','4','4','Creature spells you cast cost {1} more to cast.');
insert into card_color (id_card, id_color) values (3180,1);
insert into card_type (id_card, id_type) values (3180,3);
insert into card_type (id_card, id_type) values (3180,1);
insert into card(id, name, manaCost, cmc, rarity_id, set_id, imageUrl, c_power, c_toughness, description) values ('3181','Lupine Prototype','{2}','10','3','4','//gatherer.wizards.com/Handlers/Image.ashx?multiverseid=414504&type=card','5','5','Lupine Prototype can§t attack or block unless a player has no cards in hand.');
insert into card_color (id_card, id_color) values (3181,1);
insert into card_type (id_card, id_type) values (3181,3);
insert into card_type (id_card, id_type) values (3181,1);
insert into card(id, name, manaCost, cmc, rarity_id, set_id, imageUrl, c_power, c_toughness, description) values ('3182','Slayer§s Cleaver','{3}','10','2','4','//gatherer.wizards.com/Handlers/Image.ashx?multiverseid=414505&type=card','none','none','Equipped creature gets +3/+1 and must be blocked by an Eldrazi if able.
Equip {4}');
insert into card_color (id_card, id_color) values (3182,1);
insert into card_type (id_card, id_type) values (3182,3);
insert into card(id, name, manaCost, cmc, rarity_id, set_id, imageUrl, c_power, c_toughness, description) values ('3183','Soul Separator','{3}','10','3','4','//gatherer.wizards.com/Handlers/Image.ashx?multiverseid=414506&type=card','none','none','{5}, {T}, Sacrifice Soul Separator: Exile target creature card from your graveyard. Create a token that§s a copy of that card, except it§s 1/1, it§s a Spirit in addition to its other types, and it has flying. Create a black Zombie creature token with power equal to that card§s power and toughness equal to that card§s toughness.');
insert into card_color (id_card, id_color) values (3183,1);
insert into card_type (id_card, id_type) values (3183,3);
insert into card(id, name, manaCost, cmc, rarity_id, set_id, imageUrl, c_power, c_toughness, description) values ('3184','Stitcher§s Graft','{1}','10','3','4','//gatherer.wizards.com/Handlers/Image.ashx?multiverseid=414507&type=card','none','none','Equipped creature gets +3/+3.
Whenever equipped creature attacks, it doesn§t untap during its controller§s next untap step.
Whenever Stitcher§s Graft becomes unattached from a permanent, sacrifice that permanent.
Equip {2}');
insert into card_color (id_card, id_color) values (3184,1);
insert into card_type (id_card, id_type) values (3184,3);
insert into card(id, name, manaCost, cmc, rarity_id, set_id, imageUrl, c_power, c_toughness, description) values ('3185','Terrarion','{1}','10','1','4','//gatherer.wizards.com/Handlers/Image.ashx?multiverseid=414508&type=card','none','none','Terrarion enters the battlefield tapped.
{2}, {T}, Sacrifice Terrarion: Add two mana in any combination of colors to your mana pool.
When Terrarion is put into a graveyard from the battlefield, draw a card.');
insert into card_color (id_card, id_color) values (3185,1);
insert into card_type (id_card, id_type) values (3185,3);
insert into card(id, name, manaCost, cmc, rarity_id, set_id, imageUrl, c_power, c_toughness, description) values ('3186','Thirsting Axe','{3}','10','2','4','//gatherer.wizards.com/Handlers/Image.ashx?multiverseid=414509&type=card','none','none','Equipped creature gets +4/+0.
At the beginning of your end step, if equipped creature didn§t deal combat damage to a creature this turn, sacrifice it.
Equip {2}');
insert into card_color (id_card, id_color) values (3186,1);
insert into card_type (id_card, id_type) values (3186,3);
insert into card(id, name, manaCost, cmc, rarity_id, set_id, imageUrl, c_power, c_toughness, description) values ('3187','Geier Reach Sanitarium','null','10','3','4','//gatherer.wizards.com/Handlers/Image.ashx?multiverseid=414510&type=card','none','none','{T}: Add {C} to your mana pool.
{2}, {T}: Each player draws a card, then discards a card.');
insert into card_color (id_card, id_color) values (3187,1);
insert into card_type (id_card, id_type) values (3187,2);
insert into card_supertype (id_card, id_supertype) values (3187,3);
insert into card(id, name, manaCost, cmc, rarity_id, set_id, imageUrl, c_power, c_toughness, description) values ('3188','Hanweir Battlements','null','10','3','4','//gatherer.wizards.com/Handlers/Image.ashx?multiverseid=414511&type=card','none','none','{T}: Add {C} to your mana pool.
{R}, {T}: Target creature gains haste until end of turn.
{3}{R}{R}, {T}: If you both own and control Hanweir Battlements and a creature named Hanweir Garrison, exile them, then meld them into Hanweir, the Writhing Township.');
insert into card_color (id_card, id_color) values (3188,4);
insert into card_type (id_card, id_type) values (3188,2);
insert into card(id, name, manaCost, cmc, rarity_id, set_id, imageUrl, c_power, c_toughness, description) values ('3189','Nephalia Academy','null','10','2','4','//gatherer.wizards.com/Handlers/Image.ashx?multiverseid=414512&type=card','none','none','If a spell or ability an opponent controls causes you to discard a card, you may reveal that card and put it on top of your library instead of putting it anywhere else.
{T}: Add {C} to your mana pool.');
insert into card_color (id_card, id_color) values (3189,1);
insert into card_type (id_card, id_type) values (3189,2);
insert into card(id, name, manaCost, cmc, rarity_id, set_id, imageUrl, c_power, c_toughness, description) values ('3502','Acrobatic Maneuver','{2}{W}','10','1','5','//gatherer.wizards.com/Handlers/Image.ashx?multiverseid=417574&type=card','none','none','Exile target creature you control, then return that card to the battlefield under its owner§s control.
Draw a card.');
insert into card_color (id_card, id_color) values (3502,2);
insert into card_type (id_card, id_type) values (3502,7);
insert into card(id, name, manaCost, cmc, rarity_id, set_id, imageUrl, c_power, c_toughness, description) values ('3503','Aerial Responder','{1}{W}{W}','10','2','5','//gatherer.wizards.com/Handlers/Image.ashx?multiverseid=417575&type=card','2','3','Flying, vigilance, lifelink');
insert into card_color (id_card, id_color) values (3503,2);
insert into card_type (id_card, id_type) values (3503,1);
insert into card(id, name, manaCost, cmc, rarity_id, set_id, imageUrl, c_power, c_toughness, description) values ('3504','Aetherstorm Roc','{2}{W}{W}','10','3','5','//gatherer.wizards.com/Handlers/Image.ashx?multiverseid=417576&type=card','3','3','Flying
Whenever Aetherstorm Roc or another creature enters the battlefield under your control, you get {E} (an energy counter).
Whenever Aetherstorm Roc attacks, you may pay {E}{E}. If you do, put a +1/+1 counter on it and tap up to one target creature defending player controls.');
insert into card_color (id_card, id_color) values (3504,2);
insert into card_type (id_card, id_type) values (3504,1);
insert into card(id, name, manaCost, cmc, rarity_id, set_id, imageUrl, c_power, c_toughness, description) values ('3505','Angel of Invention','{3}{W}{W}','10','4','5','//gatherer.wizards.com/Handlers/Image.ashx?multiverseid=417577&type=card','2','1','Flying, vigilance, lifelink
Fabricate 2 (When this creature enters the battlefield, put two +1/+1 counters on it or create two 1/1 colorless Servo artifact creature tokens.)
Other creatures you control get +1/+1.');
insert into card_color (id_card, id_color) values (3505,2);
insert into card_type (id_card, id_type) values (3505,1);
insert into card(id, name, manaCost, cmc, rarity_id, set_id, imageUrl, c_power, c_toughness, description) values ('3506','Authority of the Consuls','{W}','10','3','5','//gatherer.wizards.com/Handlers/Image.ashx?multiverseid=417578&type=card','none','none','Creatures your opponents control enter the battlefield tapped.
Whenever a creature enters the battlefield under an opponent§s control, you gain 1 life.');
insert into card_color (id_card, id_color) values (3506,2);
insert into card_type (id_card, id_type) values (3506,4);
insert into card(id, name, manaCost, cmc, rarity_id, set_id, imageUrl, c_power, c_toughness, description) values ('3507','Aviary Mechanic','{1}{W}','10','1','5','//gatherer.wizards.com/Handlers/Image.ashx?multiverseid=417579&type=card','2','2','When Aviary Mechanic enters the battlefield, you may return another permanent you control to its owner§s hand.');
insert into card_color (id_card, id_color) values (3507,2);
insert into card_type (id_card, id_type) values (3507,1);
insert into card(id, name, manaCost, cmc, rarity_id, set_id, imageUrl, c_power, c_toughness, description) values ('3508','Built to Last','{W}','10','1','5','//gatherer.wizards.com/Handlers/Image.ashx?multiverseid=417580&type=card','none','none','Target creature gets +2/+2 until end of turn. If it§s an artifact creature, it gains indestructible until end of turn. (Damage and effects that say "destroy" don§t destroy it.)');
insert into card_color (id_card, id_color) values (3508,2);
insert into card_type (id_card, id_type) values (3508,7);
insert into card(id, name, manaCost, cmc, rarity_id, set_id, imageUrl, c_power, c_toughness, description) values ('3509','Captured by the Consulate','{3}{W}','10','3','5','//gatherer.wizards.com/Handlers/Image.ashx?multiverseid=417581&type=card','none','none','Enchant creature you don§t control
Enchanted creature can§t attack.
Whenever an opponent casts a spell, if it has a single target, change the target to enchanted creature if able.');
insert into card_color (id_card, id_color) values (3509,2);
insert into card_type (id_card, id_type) values (3509,4);
insert into card(id, name, manaCost, cmc, rarity_id, set_id, imageUrl, c_power, c_toughness, description) values ('3510','Cataclysmic Gearhulk','{3}{W}{W}','10','4','5','//gatherer.wizards.com/Handlers/Image.ashx?multiverseid=417582&type=card','4','5','Vigilance
When Cataclysmic Gearhulk enters the battlefield, each player chooses an artifact, a creature, an enchantment, and a planeswalker from among the nonland permanents he or she controls, then sacrifices the rest.');
insert into card_color (id_card, id_color) values (3510,2);
insert into card_type (id_card, id_type) values (3510,3);
insert into card_type (id_card, id_type) values (3510,1);
insert into card(id, name, manaCost, cmc, rarity_id, set_id, imageUrl, c_power, c_toughness, description) values ('3511','Consulate Surveillance','{3}{W}','10','2','5','//gatherer.wizards.com/Handlers/Image.ashx?multiverseid=417583&type=card','none','none','When Consulate Surveillance enters the battlefield, you get {E}{E}{E}{E} (four energy counters).
Pay {E}{E}: Prevent all damage that would be dealt to you this turn by a source of your choice.');
insert into card_color (id_card, id_color) values (3511,2);
insert into card_type (id_card, id_type) values (3511,4);
insert into card(id, name, manaCost, cmc, rarity_id, set_id, imageUrl, c_power, c_toughness, description) values ('3512','Consul§s Shieldguard','{3}{W}','10','2','5','//gatherer.wizards.com/Handlers/Image.ashx?multiverseid=417584&type=card','3','4','When Consul§s Shieldguard enters the battlefield, you get {E}{E} (two energy counters).
Whenever Consul§s Shieldguard attacks, you may pay {E}. If you do, another target attacking creature gains indestructible until end of turn.');
insert into card_color (id_card, id_color) values (3512,2);
insert into card_type (id_card, id_type) values (3512,1);
insert into card(id, name, manaCost, cmc, rarity_id, set_id, imageUrl, c_power, c_toughness, description) values ('3513','Eddytrail Hawk','{1}{W}','10','1','5','//gatherer.wizards.com/Handlers/Image.ashx?multiverseid=417585&type=card','1','2','Flying
When Eddytrail Hawk enters the battlefield, you get {E}{E} (two energy counters).
Whenever Eddytrail Hawk attacks, you may pay {E}. If you do, another target attacking creature gains flying until end of turn.');
insert into card_color (id_card, id_color) values (3513,2);
insert into card_type (id_card, id_type) values (3513,1);
insert into card(id, name, manaCost, cmc, rarity_id, set_id, imageUrl, c_power, c_toughness, description) values ('3514','Fairgrounds Warden','{2}{W}','10','2','5','//gatherer.wizards.com/Handlers/Image.ashx?multiverseid=417586&type=card','1','3','When Fairgrounds Warden enters the battlefield, exile target creature an opponent controls until Fairgrounds Warden leaves the battlefield.');
insert into card_color (id_card, id_color) values (3514,2);
insert into card_type (id_card, id_type) values (3514,1);
insert into card(id, name, manaCost, cmc, rarity_id, set_id, imageUrl, c_power, c_toughness, description) values ('3515','Fragmentize','{W}','10','1','5','//gatherer.wizards.com/Handlers/Image.ashx?multiverseid=417587&type=card','none','none','Destroy target artifact or enchantment with converted mana cost 4 or less.');
insert into card_color (id_card, id_color) values (3515,2);
insert into card_type (id_card, id_type) values (3515,6);
insert into card(id, name, manaCost, cmc, rarity_id, set_id, imageUrl, c_power, c_toughness, description) values ('3516','Fumigate','{3}{W}{W}','10','3','5','//gatherer.wizards.com/Handlers/Image.ashx?multiverseid=417588&type=card','none','none','Destroy all creatures. You gain 1 life for each creature destroyed this way.');
insert into card_color (id_card, id_color) values (3516,2);
insert into card_type (id_card, id_type) values (3516,6);
insert into card(id, name, manaCost, cmc, rarity_id, set_id, imageUrl, c_power, c_toughness, description) values ('3517','Gearshift Ace','{1}{W}','10','2','5','//gatherer.wizards.com/Handlers/Image.ashx?multiverseid=417589&type=card','2','1','First strike
Whenever Gearshift Ace crews a Vehicle, that Vehicle gains first strike until end of turn.');
insert into card_color (id_card, id_color) values (3517,2);
insert into card_type (id_card, id_type) values (3517,1);
insert into card(id, name, manaCost, cmc, rarity_id, set_id, imageUrl, c_power, c_toughness, description) values ('3518','Glint-Sleeve Artisan','{2}{W}','10','1','5','//gatherer.wizards.com/Handlers/Image.ashx?multiverseid=417590&type=card','2','2','Fabricate 1 (When this creature enters the battlefield, put a +1/+1 counter on it or create a 1/1 colorless Servo artifact creature token.)');
insert into card_color (id_card, id_color) values (3518,2);
insert into card_type (id_card, id_type) values (3518,1);
insert into card(id, name, manaCost, cmc, rarity_id, set_id, imageUrl, c_power, c_toughness, description) values ('3519','Herald of the Fair','{2}{W}','10','1','5','//gatherer.wizards.com/Handlers/Image.ashx?multiverseid=417591&type=card','3','2','When Herald of the Fair enters the battlefield, target creature you control gets +1/+1 until end of turn.');
insert into card_color (id_card, id_color) values (3519,2);
insert into card_type (id_card, id_type) values (3519,1);
insert into card(id, name, manaCost, cmc, rarity_id, set_id, imageUrl, c_power, c_toughness, description) values ('3520','Impeccable Timing','{1}{W}','10','1','5','//gatherer.wizards.com/Handlers/Image.ashx?multiverseid=417592&type=card','none','none','Impeccable Timing deals 3 damage to target attacking or blocking creature.');
insert into card_color (id_card, id_color) values (3520,2);
insert into card_type (id_card, id_type) values (3520,7);
insert into card(id, name, manaCost, cmc, rarity_id, set_id, imageUrl, c_power, c_toughness, description) values ('3521','Inspired Charge','{2}{W}{W}','10','1','5','//gatherer.wizards.com/Handlers/Image.ashx?multiverseid=417593&type=card','none','none','Creatures you control get +2/+1 until end of turn.');
insert into card_color (id_card, id_color) values (3521,2);
insert into card_type (id_card, id_type) values (3521,7);
insert into card(id, name, manaCost, cmc, rarity_id, set_id, imageUrl, c_power, c_toughness, description) values ('3522','Master Trinketeer','{2}{W}','10','3','5','//gatherer.wizards.com/Handlers/Image.ashx?multiverseid=417594&type=card','3','2','Servos and Thopters you control get +1/+1.
{3}{W}: Create a 1/1 colorless Servo artifact creature token.');
insert into card_color (id_card, id_color) values (3522,2);
insert into card_type (id_card, id_type) values (3522,1);
insert into card(id, name, manaCost, cmc, rarity_id, set_id, imageUrl, c_power, c_toughness, description) values ('3523','Ninth Bridge Patrol','{1}{W}','10','1','5','//gatherer.wizards.com/Handlers/Image.ashx?multiverseid=417595&type=card','1','1','Whenever another creature you control leaves the battlefield, put a +1/+1 counter on Ninth Bridge Patrol.');
insert into card_color (id_card, id_color) values (3523,2);
insert into card_type (id_card, id_type) values (3523,1);
insert into card(id, name, manaCost, cmc, rarity_id, set_id, imageUrl, c_power, c_toughness, description) values ('3524','Pressure Point','{1}{W}','10','1','5','//gatherer.wizards.com/Handlers/Image.ashx?multiverseid=417596&type=card','none','none','Tap target creature.
Draw a card.');
insert into card_color (id_card, id_color) values (3524,2);
insert into card_type (id_card, id_type) values (3524,7);
insert into card(id, name, manaCost, cmc, rarity_id, set_id, imageUrl, c_power, c_toughness, description) values ('3525','Propeller Pioneer','{3}{W}','10','1','5','//gatherer.wizards.com/Handlers/Image.ashx?multiverseid=417597&type=card','2','1','Flying
Fabricate 1 (When this creature enters the battlefield, put a +1/+1 counter on it or create a 1/1 colorless Servo artifact creature token.)');
insert into card_color (id_card, id_color) values (3525,2);
insert into card_type (id_card, id_type) values (3525,1);
insert into card(id, name, manaCost, cmc, rarity_id, set_id, imageUrl, c_power, c_toughness, description) values ('3526','Refurbish','{3}{W}','10','2','5','//gatherer.wizards.com/Handlers/Image.ashx?multiverseid=417598&type=card','none','none','Return target artifact card from your graveyard to the battlefield.');
insert into card_color (id_card, id_color) values (3526,2);
insert into card_type (id_card, id_type) values (3526,6);
insert into card(id, name, manaCost, cmc, rarity_id, set_id, imageUrl, c_power, c_toughness, description) values ('3527','Revoke Privileges','{2}{W}','10','1','5','//gatherer.wizards.com/Handlers/Image.ashx?multiverseid=417599&type=card','none','none','Enchant creature
Enchanted creature can§t attack, block, or crew Vehicles.');
insert into card_color (id_card, id_color) values (3527,2);
insert into card_type (id_card, id_type) values (3527,4);
insert into card(id, name, manaCost, cmc, rarity_id, set_id, imageUrl, c_power, c_toughness, description) values ('3528','Servo Exhibition','{1}{W}','10','2','5','//gatherer.wizards.com/Handlers/Image.ashx?multiverseid=417600&type=card','none','none','Create two 1/1 colorless Servo artifact creature tokens.');
insert into card_color (id_card, id_color) values (3528,2);
insert into card_type (id_card, id_type) values (3528,6);
insert into card(id, name, manaCost, cmc, rarity_id, set_id, imageUrl, c_power, c_toughness, description) values ('3529','Skyswirl Harrier','{4}{W}','10','1','5','//gatherer.wizards.com/Handlers/Image.ashx?multiverseid=417601&type=card','3','4','Flying');
insert into card_color (id_card, id_color) values (3529,2);
insert into card_type (id_card, id_type) values (3529,1);
insert into card(id, name, manaCost, cmc, rarity_id, set_id, imageUrl, c_power, c_toughness, description) values ('3530','Skywhaler§s Shot','{2}{W}','10','2','5','//gatherer.wizards.com/Handlers/Image.ashx?multiverseid=417602&type=card','none','none','Destroy target creature with power 3 or greater. Scry 1.');
insert into card_color (id_card, id_color) values (3530,2);
insert into card_type (id_card, id_type) values (3530,7);
insert into card(id, name, manaCost, cmc, rarity_id, set_id, imageUrl, c_power, c_toughness, description) values ('3531','Tasseled Dromedary','{W}','10','1','5','//gatherer.wizards.com/Handlers/Image.ashx?multiverseid=417603&type=card','0','4','null');
insert into card_color (id_card, id_color) values (3531,2);
insert into card_type (id_card, id_type) values (3531,1);
insert into card(id, name, manaCost, cmc, rarity_id, set_id, imageUrl, c_power, c_toughness, description) values ('3532','Thriving Ibex','{3}{W}','10','1','5','//gatherer.wizards.com/Handlers/Image.ashx?multiverseid=417604&type=card','2','4','When Thriving Ibex enters the battlefield, you get {E}{E} (two energy counters).
Whenever Thriving Ibex attacks, you may pay {E}{E}. If you do, put a +1/+1 counter on it.');
insert into card_color (id_card, id_color) values (3532,2);
insert into card_type (id_card, id_type) values (3532,1);
insert into card(id, name, manaCost, cmc, rarity_id, set_id, imageUrl, c_power, c_toughness, description) values ('3533','Toolcraft Exemplar','{W}','10','3','5','//gatherer.wizards.com/Handlers/Image.ashx?multiverseid=417605&type=card','1','1','At the beginning of combat on your turn, if you control an artifact, Toolcraft Exemplar gets +2/+1 until end of turn. If you control three or more artifacts, it also gains first strike until end of turn.');
insert into card_color (id_card, id_color) values (3533,2);
insert into card_type (id_card, id_type) values (3533,1);
insert into card(id, name, manaCost, cmc, rarity_id, set_id, imageUrl, c_power, c_toughness, description) values ('3534','Trusty Companion','{1}{W}','10','2','5','//gatherer.wizards.com/Handlers/Image.ashx?multiverseid=417606&type=card','3','2','Vigilance
Trusty Companion can§t attack alone.');
insert into card_color (id_card, id_color) values (3534,2);
insert into card_type (id_card, id_type) values (3534,1);
insert into card(id, name, manaCost, cmc, rarity_id, set_id, imageUrl, c_power, c_toughness, description) values ('3535','Visionary Augmenter','{2}{W}{W}','10','2','5','//gatherer.wizards.com/Handlers/Image.ashx?multiverseid=417607&type=card','2','1','Fabricate 2 (When this creature enters the battlefield, put two +1/+1 counters on it or create two 1/1 colorless Servo artifact creature tokens.)');
insert into card_color (id_card, id_color) values (3535,2);
insert into card_type (id_card, id_type) values (3535,1);
insert into card(id, name, manaCost, cmc, rarity_id, set_id, imageUrl, c_power, c_toughness, description) values ('3536','Wispweaver Angel','{4}{W}{W}','10','2','5','//gatherer.wizards.com/Handlers/Image.ashx?multiverseid=417608&type=card','4','4','Flying
When Wispweaver Angel enters the battlefield, you may exile another target creature you control, then return that card to the battlefield under its owner§s control.');
insert into card_color (id_card, id_color) values (3536,2);
insert into card_type (id_card, id_type) values (3536,1);
insert into card(id, name, manaCost, cmc, rarity_id, set_id, imageUrl, c_power, c_toughness, description) values ('3537','Aether Meltdown','{1}{U}','10','2','5','//gatherer.wizards.com/Handlers/Image.ashx?multiverseid=417609&type=card','none','none','Flash (You may cast this spell any time you could cast an instant.)
Enchant creature or Vehicle
When Aether Meltdown enters the battlefield, you get {E}{E} (two energy counters).
Enchanted permanent gets -4/-0.');
insert into card_color (id_card, id_color) values (3537,6);
insert into card_type (id_card, id_type) values (3537,4);
insert into card(id, name, manaCost, cmc, rarity_id, set_id, imageUrl, c_power, c_toughness, description) values ('3538','Aether Theorist','{1}{U}','10','1','5','//gatherer.wizards.com/Handlers/Image.ashx?multiverseid=417610&type=card','1','3','When Aether Theorist enters the battlefield, you get {E}{E}{E} (three energy counters).
{T}, Pay {E}: Scry 1. (Look at the top card of your library. You may put that card on the bottom of your library.)');
insert into card_color (id_card, id_color) values (3538,6);
insert into card_type (id_card, id_type) values (3538,1);
insert into card(id, name, manaCost, cmc, rarity_id, set_id, imageUrl, c_power, c_toughness, description) values ('3539','Aether Tradewinds','{2}{U}','10','1','5','//gatherer.wizards.com/Handlers/Image.ashx?multiverseid=417611&type=card','none','none','Return target permanent you control and target permanent you don§t control to their owners§ hands.');
insert into card_color (id_card, id_color) values (3539,6);
insert into card_type (id_card, id_type) values (3539,7);
insert into card(id, name, manaCost, cmc, rarity_id, set_id, imageUrl, c_power, c_toughness, description) values ('3540','Aethersquall Ancient','{5}{U}{U}','10','3','5','//gatherer.wizards.com/Handlers/Image.ashx?multiverseid=417612&type=card','6','6','Flying
At the beginning of your upkeep, you get {E}{E}{E} (three energy counters).
Pay {E}{E}{E}{E}{E}{E}{E}{E}: Return all other creatures to their owners§ hands. Activate this ability only any time you could cast a sorcery.');
insert into card_color (id_card, id_color) values (3540,6);
insert into card_type (id_card, id_type) values (3540,1);
insert into card(id, name, manaCost, cmc, rarity_id, set_id, imageUrl, c_power, c_toughness, description) values ('3541','Ceremonious Rejection','{U}','10','2','5','//gatherer.wizards.com/Handlers/Image.ashx?multiverseid=417613&type=card','none','none','Counter target colorless spell.');
insert into card_color (id_card, id_color) values (3541,6);
insert into card_type (id_card, id_type) values (3541,7);
insert into card(id, name, manaCost, cmc, rarity_id, set_id, imageUrl, c_power, c_toughness, description) values ('3542','Confiscation Coup','{3}{U}{U}','10','3','5','//gatherer.wizards.com/Handlers/Image.ashx?multiverseid=417614&type=card','none','none','Choose target artifact or creature. You get {E}{E}{E}{E} (four energy counters), then you may pay an amount of {E} equal to that permanent§s converted mana cost. If you do, gain control of it.');
insert into card_color (id_card, id_color) values (3542,6);
insert into card_type (id_card, id_type) values (3542,6);
insert into card(id, name, manaCost, cmc, rarity_id, set_id, imageUrl, c_power, c_toughness, description) values ('3543','Curio Vendor','{1}{U}','10','1','5','//gatherer.wizards.com/Handlers/Image.ashx?multiverseid=417615&type=card','2','1','null');
insert into card_color (id_card, id_color) values (3543,6);
insert into card_type (id_card, id_type) values (3543,1);
insert into card(id, name, manaCost, cmc, rarity_id, set_id, imageUrl, c_power, c_toughness, description) values ('3544','Disappearing Act','{1}{U}{U}','10','2','5','//gatherer.wizards.com/Handlers/Image.ashx?multiverseid=417616&type=card','none','none','As an additional cost to cast Disappearing Act, return a permanent you control to its owner§s hand.
Counter target spell.');
insert into card_color (id_card, id_color) values (3544,6);
insert into card_type (id_card, id_type) values (3544,7);
insert into card(id, name, manaCost, cmc, rarity_id, set_id, imageUrl, c_power, c_toughness, description) values ('3545','Dramatic Reversal','{1}{U}','10','1','5','//gatherer.wizards.com/Handlers/Image.ashx?multiverseid=417617&type=card','none','none','Untap all nonland permanents you control.');
insert into card_color (id_card, id_color) values (3545,6);
insert into card_type (id_card, id_type) values (3545,7);
insert into card(id, name, manaCost, cmc, rarity_id, set_id, imageUrl, c_power, c_toughness, description) values ('3546','Era of Innovation','{1}{U}','10','2','5','//gatherer.wizards.com/Handlers/Image.ashx?multiverseid=417618&type=card','none','none','Whenever an artifact or Artificer enters the battlefield under your control, you may pay {1}. If you do, you get {E}{E} (two energy counters).
Pay {E}{E}{E}{E}{E}{E}, Sacrifice Era of Innovation: Draw three cards.');
insert into card_color (id_card, id_color) values (3546,6);
insert into card_type (id_card, id_type) values (3546,4);
insert into card(id, name, manaCost, cmc, rarity_id, set_id, imageUrl, c_power, c_toughness, description) values ('3547','Experimental Aviator','{3}{U}{U}','10','2','5','//gatherer.wizards.com/Handlers/Image.ashx?multiverseid=417619&type=card','0','3','Flying
When Experimental Aviator enters the battlefield, create two 1/1 colorless Thopter artifact creature tokens with flying.');
insert into card_color (id_card, id_color) values (3547,6);
insert into card_type (id_card, id_type) values (3547,1);
insert into card(id, name, manaCost, cmc, rarity_id, set_id, imageUrl, c_power, c_toughness, description) values ('3548','Failed Inspection','{2}{U}{U}','10','1','5','//gatherer.wizards.com/Handlers/Image.ashx?multiverseid=417620&type=card','none','none','Counter target spell. Draw a card, then discard a card.');
insert into card_color (id_card, id_color) values (3548,6);
insert into card_type (id_card, id_type) values (3548,7);
insert into card(id, name, manaCost, cmc, rarity_id, set_id, imageUrl, c_power, c_toughness, description) values ('3549','Gearseeker Serpent','{5}{U}{U}','10','1','5','//gatherer.wizards.com/Handlers/Image.ashx?multiverseid=417621&type=card','5','6','Gearseeker Serpent costs {1} less to cast for each artifact you control.
{5}{U}: Gearseeker Serpent can§t be blocked this turn.');
insert into card_color (id_card, id_color) values (3549,6);
insert into card_type (id_card, id_type) values (3549,1);
insert into card(id, name, manaCost, cmc, rarity_id, set_id, imageUrl, c_power, c_toughness, description) values ('3550','Glimmer of Genius','{3}{U}','10','2','5','//gatherer.wizards.com/Handlers/Image.ashx?multiverseid=417622&type=card','none','none','Scry 2, then draw two cards. You get {E}{E} (two energy counters).');
insert into card_color (id_card, id_color) values (3550,6);
insert into card_type (id_card, id_type) values (3550,7);
insert into card(id, name, manaCost, cmc, rarity_id, set_id, imageUrl, c_power, c_toughness, description) values ('3551','Glint-Nest Crane','{1}{U}','10','2','5','//gatherer.wizards.com/Handlers/Image.ashx?multiverseid=417623&type=card','1','3','Flying
When Glint-Nest Crane enters the battlefield, look at the top four cards of your library. You may reveal an artifact card from among them and put it into your hand. Put the rest on the bottom of your library in any order.');
insert into card_color (id_card, id_color) values (3551,6);
insert into card_type (id_card, id_type) values (3551,1);
insert into card(id, name, manaCost, cmc, rarity_id, set_id, imageUrl, c_power, c_toughness, description) values ('3552','Hightide Hermit','{4}{U}','10','1','5','//gatherer.wizards.com/Handlers/Image.ashx?multiverseid=417624&type=card','4','4','Defender
When Hightide Hermit enters the battlefield, you get {E}{E}{E}{E} (four energy counters).
Pay {E}{E}: Hightide Hermit can attack this turn as though it didn§t have defender.');
insert into card_color (id_card, id_color) values (3552,6);
insert into card_type (id_card, id_type) values (3552,1);
insert into card(id, name, manaCost, cmc, rarity_id, set_id, imageUrl, c_power, c_toughness, description) values ('3553','Insidious Will','{2}{U}{U}','10','3','5','//gatherer.wizards.com/Handlers/Image.ashx?multiverseid=417625&type=card','none','none','Choose one —
• Counter target spell.
• You may choose new targets for target spell.
• Copy target instant or sorcery spell. You may choose new targets for the copy.');
insert into card_color (id_card, id_color) values (3553,6);
insert into card_type (id_card, id_type) values (3553,7);
insert into card(id, name, manaCost, cmc, rarity_id, set_id, imageUrl, c_power, c_toughness, description) values ('3554','Janjeet Sentry','{2}{U}','10','2','5','//gatherer.wizards.com/Handlers/Image.ashx?multiverseid=417626&type=card','2','3','When Janjeet Sentry enters the battlefield, you get {E}{E} (two energy counters).
{T}, Pay {E}{E}: You may tap or untap target artifact or creature.');
insert into card_color (id_card, id_color) values (3554,6);
insert into card_type (id_card, id_type) values (3554,1);
insert into card(id, name, manaCost, cmc, rarity_id, set_id, imageUrl, c_power, c_toughness, description) values ('3555','Long-Finned Skywhale','{2}{U}{U}','10','2','5','//gatherer.wizards.com/Handlers/Image.ashx?multiverseid=417627&type=card','4','3','Flying
Long-Finned Skywhale can block only creatures with flying.');
insert into card_color (id_card, id_color) values (3555,6);
insert into card_type (id_card, id_type) values (3555,1);
insert into card(id, name, manaCost, cmc, rarity_id, set_id, imageUrl, c_power, c_toughness, description) values ('3556','Malfunction','{3}{U}','10','1','5','//gatherer.wizards.com/Handlers/Image.ashx?multiverseid=417628&type=card','none','none','Enchant artifact or creature
When Malfunction enters the battlefield, tap enchanted permanent.
Enchanted permanent doesn§t untap during its controller§s untap step.');
insert into card_color (id_card, id_color) values (3556,6);
insert into card_type (id_card, id_type) values (3556,4);
insert into card(id, name, manaCost, cmc, rarity_id, set_id, imageUrl, c_power, c_toughness, description) values ('3557','Metallurgic Summonings','{3}{U}{U}','10','4','5','//gatherer.wizards.com/Handlers/Image.ashx?multiverseid=417629&type=card','none','none','Whenever you cast an instant or sorcery spell, create an X/X colorless Construct artifact creature token, where X is that spell§s converted mana cost.
{3}{U}{U}, Exile Metallurgic Summonings: Return all instant and sorcery cards from your graveyard to your hand. Activate this ability only if you control six or more artifacts.');
insert into card_color (id_card, id_color) values (3557,6);
insert into card_type (id_card, id_type) values (3557,4);
insert into card(id, name, manaCost, cmc, rarity_id, set_id, imageUrl, c_power, c_toughness, description) values ('3558','Minister of Inquiries','{U}','10','2','5','//gatherer.wizards.com/Handlers/Image.ashx?multiverseid=417630&type=card','1','2','When Minister of Inquiries enters the battlefield, you get {E}{E} (two energy counters).
{T}, Pay {E}: Target player puts the top three cards of his or her library into his or her graveyard.');
insert into card_color (id_card, id_color) values (3558,6);
insert into card_type (id_card, id_type) values (3558,1);
insert into card(id, name, manaCost, cmc, rarity_id, set_id, imageUrl, c_power, c_toughness, description) values ('3559','Nimble Innovator','{3}{U}','10','1','5','//gatherer.wizards.com/Handlers/Image.ashx?multiverseid=417631&type=card','2','2','When Nimble Innovator enters the battlefield, draw a card.');
insert into card_color (id_card, id_color) values (3559,6);
insert into card_type (id_card, id_type) values (3559,1);
insert into card(id, name, manaCost, cmc, rarity_id, set_id, imageUrl, c_power, c_toughness, description) values ('3560','Padeem, Consul of Innovation','{3}{U}','10','3','5','//gatherer.wizards.com/Handlers/Image.ashx?multiverseid=417632&type=card','1','4','Artifacts you control have hexproof.
At the beginning of your upkeep, if you control the artifact with the highest converted mana cost or tied for the highest converted mana cost, draw a card.');
insert into card_color (id_card, id_color) values (3560,6);
insert into card_type (id_card, id_type) values (3560,1);
insert into card_supertype (id_card, id_supertype) values (3560,3);
insert into card(id, name, manaCost, cmc, rarity_id, set_id, imageUrl, c_power, c_toughness, description) values ('3561','Paradoxical Outcome','{3}{U}','10','3','5','//gatherer.wizards.com/Handlers/Image.ashx?multiverseid=417633&type=card','none','none','Return any number of target nonland, nontoken permanents you control to their owners§ hands. Draw a card for each card returned to your hand this way.');
insert into card_color (id_card, id_color) values (3561,6);
insert into card_type (id_card, id_type) values (3561,7);
insert into card(id, name, manaCost, cmc, rarity_id, set_id, imageUrl, c_power, c_toughness, description) values ('3562','Revolutionary Rebuff','{1}{U}','10','1','5','//gatherer.wizards.com/Handlers/Image.ashx?multiverseid=417634&type=card','none','none','Counter target nonartifact spell unless its controller pays {2}.');
insert into card_color (id_card, id_color) values (3562,6);
insert into card_type (id_card, id_type) values (3562,7);
insert into card(id, name, manaCost, cmc, rarity_id, set_id, imageUrl, c_power, c_toughness, description) values ('3563','Saheeli§s Artistry','{4}{U}{U}','10','3','5','//gatherer.wizards.com/Handlers/Image.ashx?multiverseid=417635&type=card','none','none','Choose one or both —
• Create a token that§s a copy of target artifact.
• Create a token that§s a copy of target creature, except it§s an artifact in addition to its other types.');
insert into card_color (id_card, id_color) values (3563,6);
insert into card_type (id_card, id_type) values (3563,6);
insert into card(id, name, manaCost, cmc, rarity_id, set_id, imageUrl, c_power, c_toughness, description) values ('3564','Select for Inspection','{U}','10','1','5','//gatherer.wizards.com/Handlers/Image.ashx?multiverseid=417636&type=card','none','none','Return target tapped creature to its owner§s hand. Scry 1. (Look at the top card of your library. You may put that card on the bottom of your library.)');
insert into card_color (id_card, id_color) values (3564,6);
insert into card_type (id_card, id_type) values (3564,7);
insert into card(id, name, manaCost, cmc, rarity_id, set_id, imageUrl, c_power, c_toughness, description) values ('3565','Shrewd Negotiation','{4}{U}','10','2','5','//gatherer.wizards.com/Handlers/Image.ashx?multiverseid=417637&type=card','none','none','Exchange control of target artifact you control and target artifact or creature you don§t control.');
insert into card_color (id_card, id_color) values (3565,6);
insert into card_type (id_card, id_type) values (3565,6);
insert into card(id, name, manaCost, cmc, rarity_id, set_id, imageUrl, c_power, c_toughness, description) values ('3566','Tezzeret§s Ambition','{3}{U}{U}','10','1','5','//gatherer.wizards.com/Handlers/Image.ashx?multiverseid=417638&type=card','none','none','Draw three cards. If you control no artifacts, discard a card.');
insert into card_color (id_card, id_color) values (3566,6);
insert into card_type (id_card, id_type) values (3566,6);
insert into card(id, name, manaCost, cmc, rarity_id, set_id, imageUrl, c_power, c_toughness, description) values ('3567','Thriving Turtle','{U}','10','1','5','//gatherer.wizards.com/Handlers/Image.ashx?multiverseid=417639&type=card','0','3','When Thriving Turtle enters the battlefield, you get {E}{E} (two energy counters).
Whenever Thriving Turtle attacks, you may pay {E}{E}. If you do, put a +1/+1 counter on it.');
insert into card_color (id_card, id_color) values (3567,6);
insert into card_type (id_card, id_type) values (3567,1);
insert into card(id, name, manaCost, cmc, rarity_id, set_id, imageUrl, c_power, c_toughness, description) values ('3568','Torrential Gearhulk','{4}{U}{U}','10','4','5','//gatherer.wizards.com/Handlers/Image.ashx?multiverseid=417640&type=card','5','6','Flash
When Torrential Gearhulk enters the battlefield, you may cast target instant card from your graveyard without paying its mana cost. If that card would be put into your graveyard this turn, exile it instead.');
insert into card_color (id_card, id_color) values (3568,6);
insert into card_type (id_card, id_type) values (3568,3);
insert into card_type (id_card, id_type) values (3568,1);
insert into card(id, name, manaCost, cmc, rarity_id, set_id, imageUrl, c_power, c_toughness, description) values ('3569','Vedalken Blademaster','{2}{U}','10','1','5','//gatherer.wizards.com/Handlers/Image.ashx?multiverseid=417641&type=card','2','3','Prowess (Whenever you cast a noncreature spell, this creature gets +1/+1 until end of turn.)');
insert into card_color (id_card, id_color) values (3569,6);
insert into card_type (id_card, id_type) values (3569,1);
insert into card(id, name, manaCost, cmc, rarity_id, set_id, imageUrl, c_power, c_toughness, description) values ('3570','Weldfast Wingsmith','{3}{U}','10','1','5','//gatherer.wizards.com/Handlers/Image.ashx?multiverseid=417642&type=card','3','3','Whenever an artifact enters the battlefield under your control, Weldfast Wingsmith gains flying until end of turn.');
insert into card_color (id_card, id_color) values (3570,6);
insert into card_type (id_card, id_type) values (3570,1);
insert into card(id, name, manaCost, cmc, rarity_id, set_id, imageUrl, c_power, c_toughness, description) values ('3571','Wind Drake','{2}{U}','10','1','5','//gatherer.wizards.com/Handlers/Image.ashx?multiverseid=417643&type=card','2','2','Flying');
insert into card_color (id_card, id_color) values (3571,6);
insert into card_type (id_card, id_type) values (3571,1);
insert into card(id, name, manaCost, cmc, rarity_id, set_id, imageUrl, c_power, c_toughness, description) values ('3572','Aetherborn Marauder','{3}{B}','10','2','5','//gatherer.wizards.com/Handlers/Image.ashx?multiverseid=417644&type=card','2','2','Flying, lifelink
When Aetherborn Marauder enters the battlefield, move any number of +1/+1 counters from other permanents you control onto Aetherborn Marauder.');
insert into card_color (id_card, id_color) values (3572,3);
insert into card_type (id_card, id_type) values (3572,1);
insert into card(id, name, manaCost, cmc, rarity_id, set_id, imageUrl, c_power, c_toughness, description) values ('3573','Ambitious Aetherborn','{4}{B}','10','1','5','//gatherer.wizards.com/Handlers/Image.ashx?multiverseid=417645&type=card','4','3','Fabricate 1 (When this creature enters the battlefield, put a +1/+1 counter on it or create a 1/1 colorless Servo artifact creature token.)');
insert into card_color (id_card, id_color) values (3573,3);
insert into card_type (id_card, id_type) values (3573,1);
insert into card(id, name, manaCost, cmc, rarity_id, set_id, imageUrl, c_power, c_toughness, description) values ('3574','Demon of Dark Schemes','{3}{B}{B}{B}','10','4','5','//gatherer.wizards.com/Handlers/Image.ashx?multiverseid=417646&type=card','5','5','Flying
When Demon of Dark Schemes enters the battlefield, all other creatures get -2/-2 until end of turn.
Whenever another creature dies, you get {E} (an energy counter).
{2}{B}, Pay {E}{E}{E}{E}: Put target creature card from a graveyard onto the battlefield under your control tapped.');
insert into card_color (id_card, id_color) values (3574,3);
insert into card_type (id_card, id_type) values (3574,1);
insert into card(id, name, manaCost, cmc, rarity_id, set_id, imageUrl, c_power, c_toughness, description) values ('3575','Dhund Operative','{1}{B}','10','1','5','//gatherer.wizards.com/Handlers/Image.ashx?multiverseid=417647&type=card','2','2','As long as you control an artifact, Dhund Operative gets +1/+0 and has deathtouch. (Any amount of damage it deals to a creature is enough to destroy it.)');
insert into card_color (id_card, id_color) values (3575,3);
insert into card_type (id_card, id_type) values (3575,1);
insert into card(id, name, manaCost, cmc, rarity_id, set_id, imageUrl, c_power, c_toughness, description) values ('3576','Diabolic Tutor','{2}{B}{B}','10','2','5','//gatherer.wizards.com/Handlers/Image.ashx?multiverseid=417648&type=card','none','none','Search your library for a card and put that card into your hand. Then shuffle your library.');
insert into card_color (id_card, id_color) values (3576,3);
insert into card_type (id_card, id_type) values (3576,6);
insert into card(id, name, manaCost, cmc, rarity_id, set_id, imageUrl, c_power, c_toughness, description) values ('3577','Die Young','{1}{B}','10','1','5','//gatherer.wizards.com/Handlers/Image.ashx?multiverseid=417649&type=card','none','none','Choose target creature. You get {E}{E} (two energy counters), then you may pay any amount of {E}. The creature gets -1/-1 until end of turn for each {E} paid this way.');
insert into card_color (id_card, id_color) values (3577,3);
insert into card_type (id_card, id_type) values (3577,6);
insert into card(id, name, manaCost, cmc, rarity_id, set_id, imageUrl, c_power, c_toughness, description) values ('3578','Dukhara Scavenger','{5}{B}','10','1','5','//gatherer.wizards.com/Handlers/Image.ashx?multiverseid=417650&type=card','4','6','When Dukhara Scavenger enters the battlefield, you may put target artifact or creature card from your graveyard on top of your library.');
insert into card_color (id_card, id_color) values (3578,3);
insert into card_type (id_card, id_type) values (3578,1);
insert into card(id, name, manaCost, cmc, rarity_id, set_id, imageUrl, c_power, c_toughness, description) values ('3579','Eliminate the Competition','{4}{B}','10','3','5','//gatherer.wizards.com/Handlers/Image.ashx?multiverseid=417651&type=card','none','none','As an additional cost to cast Eliminate the Competition, sacrifice X creatures.
Destroy X target creatures.');
insert into card_color (id_card, id_color) values (3579,3);
insert into card_type (id_card, id_type) values (3579,6);
insert into card(id, name, manaCost, cmc, rarity_id, set_id, imageUrl, c_power, c_toughness, description) values ('3580','Embraal Bruiser','{1}{B}','10','2','5','//gatherer.wizards.com/Handlers/Image.ashx?multiverseid=417652&type=card','3','1','Embraal Bruiser enters the battlefield tapped.
Embraal Bruiser has menace as long as you control an artifact.');
insert into card_color (id_card, id_color) values (3580,3);
insert into card_type (id_card, id_type) values (3580,1);
insert into card(id, name, manaCost, cmc, rarity_id, set_id, imageUrl, c_power, c_toughness, description) values ('3581','Essence Extraction','{1}{B}{B}','10','2','5','//gatherer.wizards.com/Handlers/Image.ashx?multiverseid=417653&type=card','none','none','Essence Extraction deals 3 damage to target creature and you gain 3 life.');
insert into card_color (id_card, id_color) values (3581,3);
insert into card_type (id_card, id_type) values (3581,7);
insert into card(id, name, manaCost, cmc, rarity_id, set_id, imageUrl, c_power, c_toughness, description) values ('3582','Fortuitous Find','{2}{B}','10','1','5','//gatherer.wizards.com/Handlers/Image.ashx?multiverseid=417654&type=card','none','none','Choose one or both —
• Return target artifact card from your graveyard to your hand.
• Return target creature card from your graveyard to your hand.');
insert into card_color (id_card, id_color) values (3582,3);
insert into card_type (id_card, id_type) values (3582,6);
insert into card(id, name, manaCost, cmc, rarity_id, set_id, imageUrl, c_power, c_toughness, description) values ('3583','Foundry Screecher','{2}{B}','10','1','5','//gatherer.wizards.com/Handlers/Image.ashx?multiverseid=417655&type=card','2','1','Flying
Foundry Screecher gets +1/+0 as long as you control an artifact.');
insert into card_color (id_card, id_color) values (3583,3);
insert into card_type (id_card, id_type) values (3583,1);
insert into card(id, name, manaCost, cmc, rarity_id, set_id, imageUrl, c_power, c_toughness, description) values ('3584','Fretwork Colony','{1}{B}','10','2','5','//gatherer.wizards.com/Handlers/Image.ashx?multiverseid=417656&type=card','1','1','Fretwork Colony can§t block.
At the beginning of your upkeep, put a +1/+1 counter on Fretwork Colony and you lose 1 life.');
insert into card_color (id_card, id_color) values (3584,3);
insert into card_type (id_card, id_type) values (3584,1);
insert into card(id, name, manaCost, cmc, rarity_id, set_id, imageUrl, c_power, c_toughness, description) values ('3585','Gonti, Lord of Luxury','{2}{B}{B}','10','3','5','//gatherer.wizards.com/Handlers/Image.ashx?multiverseid=417657&type=card','2','3','Deathtouch
When Gonti, Lord of Luxury enters the battlefield, look at the top four cards of target opponent§s library, exile one of them face down, then put the rest on the bottom of that library in a random order. For as long as that card remains exiled, you may look at it, you may cast it, and you may spend mana as though it were mana of any type to cast it.');
insert into card_color (id_card, id_color) values (3585,3);
insert into card_type (id_card, id_type) values (3585,1);
insert into card_supertype (id_card, id_supertype) values (3585,3);
insert into card(id, name, manaCost, cmc, rarity_id, set_id, imageUrl, c_power, c_toughness, description) values ('3586','Harsh Scrutiny','{B}','10','2','5','//gatherer.wizards.com/Handlers/Image.ashx?multiverseid=417658&type=card','none','none','Target opponent reveals his or her hand. You choose a creature card from it. That player discards that card. Scry 1.');
insert into card_color (id_card, id_color) values (3586,3);
insert into card_type (id_card, id_type) values (3586,6);
insert into card(id, name, manaCost, cmc, rarity_id, set_id, imageUrl, c_power, c_toughness, description) values ('3587','Lawless Broker','{2}{B}','10','1','5','//gatherer.wizards.com/Handlers/Image.ashx?multiverseid=417659&type=card','3','2','When Lawless Broker dies, put a +1/+1 counter on target creature you control.');
insert into card_color (id_card, id_color) values (3587,3);
insert into card_type (id_card, id_type) values (3587,1);
insert into card(id, name, manaCost, cmc, rarity_id, set_id, imageUrl, c_power, c_toughness, description) values ('3588','Live Fast','{2}{B}','10','1','5','//gatherer.wizards.com/Handlers/Image.ashx?multiverseid=417660&type=card','none','none','You draw two cards, lose 2 life, and get {E}{E} (two energy counters).');
insert into card_color (id_card, id_color) values (3588,3);
insert into card_type (id_card, id_type) values (3588,6);
insert into card(id, name, manaCost, cmc, rarity_id, set_id, imageUrl, c_power, c_toughness, description) values ('3589','Lost Legacy','{1}{B}{B}','10','3','5','//gatherer.wizards.com/Handlers/Image.ashx?multiverseid=417661&type=card','none','none','Name a nonartifact, nonland card. Search target player§s graveyard, hand, and library for any number of cards with that name and exile them. That player shuffles his or her library, then draws a card for each card exiled from hand this way.');
insert into card_color (id_card, id_color) values (3589,3);
insert into card_type (id_card, id_type) values (3589,6);
insert into card(id, name, manaCost, cmc, rarity_id, set_id, imageUrl, c_power, c_toughness, description) values ('3590','Make Obsolete','{2}{B}','10','2','5','//gatherer.wizards.com/Handlers/Image.ashx?multiverseid=417662&type=card','none','none','Creatures your opponents control get -1/-1 until end of turn.');
insert into card_color (id_card, id_color) values (3590,3);
insert into card_type (id_card, id_type) values (3590,7);
insert into card(id, name, manaCost, cmc, rarity_id, set_id, imageUrl, c_power, c_toughness, description) values ('3591','Marionette Master','{4}{B}{B}','10','3','5','//gatherer.wizards.com/Handlers/Image.ashx?multiverseid=417663&type=card','1','3','Fabricate 3 (When this creature enters the battlefield, put three +1/+1 counters on it or create three 1/1 colorless Servo artifact creature tokens.)
Whenever an artifact you control is put into a graveyard from the battlefield, target opponent loses life equal to Marionette Master§s power.');
insert into card_color (id_card, id_color) values (3591,3);
insert into card_type (id_card, id_type) values (3591,1);
insert into card(id, name, manaCost, cmc, rarity_id, set_id, imageUrl, c_power, c_toughness, description) values ('3592','Maulfist Squad','{3}{B}','10','1','5','//gatherer.wizards.com/Handlers/Image.ashx?multiverseid=417664&type=card','3','1','Menace
Fabricate 1 (When this creature enters the battlefield, put a +1/+1 counter on it or create a 1/1 colorless Servo artifact creature token.)');
insert into card_color (id_card, id_color) values (3592,3);
insert into card_type (id_card, id_type) values (3592,1);
insert into card(id, name, manaCost, cmc, rarity_id, set_id, imageUrl, c_power, c_toughness, description) values ('3593','Midnight Oil','{2}{B}{B}','10','3','5','//gatherer.wizards.com/Handlers/Image.ashx?multiverseid=417665&type=card','none','none','Midnight Oil enters the battlefield with seven hour counters on it.
At the beginning of your draw step, draw an additional card and remove two hour counters from Midnight Oil.
Your maximum hand size is equal to the number of hour counters on Midnight Oil.
Whenever you discard a card, you lose 1 life.');
insert into card_color (id_card, id_color) values (3593,3);
insert into card_type (id_card, id_type) values (3593,4);
insert into card(id, name, manaCost, cmc, rarity_id, set_id, imageUrl, c_power, c_toughness, description) values ('3594','Mind Rot','{2}{B}','10','1','5','//gatherer.wizards.com/Handlers/Image.ashx?multiverseid=417666&type=card','none','none','Target player discards two cards.');
insert into card_color (id_card, id_color) values (3594,3);
insert into card_type (id_card, id_type) values (3594,6);
insert into card(id, name, manaCost, cmc, rarity_id, set_id, imageUrl, c_power, c_toughness, description) values ('3595','Morbid Curiosity','{1}{B}{B}','10','2','5','//gatherer.wizards.com/Handlers/Image.ashx?multiverseid=417667&type=card','none','none','As an additional cost to cast Morbid Curiosity, sacrifice an artifact or creature.
Draw cards equal to the converted mana cost of the sacrificed permanent.');
insert into card_color (id_card, id_color) values (3595,3);
insert into card_type (id_card, id_type) values (3595,6);
insert into card(id, name, manaCost, cmc, rarity_id, set_id, imageUrl, c_power, c_toughness, description) values ('3596','Night Market Lookout','{B}','10','1','5','//gatherer.wizards.com/Handlers/Image.ashx?multiverseid=417668&type=card','1','1','Whenever Night Market Lookout becomes tapped, each opponent loses 1 life and you gain 1 life.');
insert into card_color (id_card, id_color) values (3596,3);
insert into card_type (id_card, id_type) values (3596,1);
insert into card(id, name, manaCost, cmc, rarity_id, set_id, imageUrl, c_power, c_toughness, description) values ('3597','Noxious Gearhulk','{4}{B}{B}','10','4','5','//gatherer.wizards.com/Handlers/Image.ashx?multiverseid=417669&type=card','5','4','Menace
When Noxious Gearhulk enters the battlefield, you may destroy another target creature. If a creature is destroyed this way, you gain life equal to its toughness.');
insert into card_color (id_card, id_color) values (3597,3);
insert into card_type (id_card, id_type) values (3597,3);
insert into card_type (id_card, id_type) values (3597,1);
insert into card(id, name, manaCost, cmc, rarity_id, set_id, imageUrl, c_power, c_toughness, description) values ('3598','Ovalchase Daredevil','{3}{B}','10','2','5','//gatherer.wizards.com/Handlers/Image.ashx?multiverseid=417670&type=card','4','2','Whenever an artifact enters the battlefield under your control, you may return Ovalchase Daredevil from your graveyard to your hand.');
insert into card_color (id_card, id_color) values (3598,3);
insert into card_type (id_card, id_type) values (3598,1);
insert into card(id, name, manaCost, cmc, rarity_id, set_id, imageUrl, c_power, c_toughness, description) values ('3599','Prakhata Club Security','{3}{B}','10','1','5','//gatherer.wizards.com/Handlers/Image.ashx?multiverseid=417671&type=card','3','4','null');
insert into card_color (id_card, id_color) values (3599,3);
insert into card_type (id_card, id_type) values (3599,1);
insert into card(id, name, manaCost, cmc, rarity_id, set_id, imageUrl, c_power, c_toughness, description) values ('3600','Rush of Vitality','{1}{B}','10','1','5','//gatherer.wizards.com/Handlers/Image.ashx?multiverseid=417672&type=card','none','none','Target creature gets +1/+0 and gains lifelink and indestructible until end of turn. (Damage dealt by that creature also causes its controller to gain that much life, and it can§t be destroyed by damage or effects that say "destroy.")');
insert into card_color (id_card, id_color) values (3600,3);
insert into card_type (id_card, id_type) values (3600,7);
insert into card(id, name, manaCost, cmc, rarity_id, set_id, imageUrl, c_power, c_toughness, description) values ('3601','Subtle Strike','{1}{B}','10','1','5','//gatherer.wizards.com/Handlers/Image.ashx?multiverseid=417673&type=card','none','none','Choose one or both —
• Target creature gets -1/-1 until end of turn.
• Put a +1/+1 counter on target creature.');
insert into card_color (id_card, id_color) values (3601,3);
insert into card_type (id_card, id_type) values (3601,7);
insert into card(id, name, manaCost, cmc, rarity_id, set_id, imageUrl, c_power, c_toughness, description) values ('3602','Syndicate Trafficker','{1}{B}','10','3','5','//gatherer.wizards.com/Handlers/Image.ashx?multiverseid=417674&type=card','3','1','{1}, Sacrifice an artifact: Put a +1/+1 counter on Syndicate Trafficker. It gains indestructible until end of turn.');
insert into card_color (id_card, id_color) values (3602,3);
insert into card_type (id_card, id_type) values (3602,1);
insert into card(id, name, manaCost, cmc, rarity_id, set_id, imageUrl, c_power, c_toughness, description) values ('3603','Thriving Rats','{1}{B}','10','1','5','//gatherer.wizards.com/Handlers/Image.ashx?multiverseid=417675&type=card','1','2','When Thriving Rats enters the battlefield, you get {E}{E} (two energy counters).
Whenever Thriving Rats attacks, you may pay {E}{E}. If you do, put a +1/+1 counter on it.');
insert into card_color (id_card, id_color) values (3603,3);
insert into card_type (id_card, id_type) values (3603,1);
insert into card(id, name, manaCost, cmc, rarity_id, set_id, imageUrl, c_power, c_toughness, description) values ('3604','Tidy Conclusion','{3}{B}{B}','10','1','5','//gatherer.wizards.com/Handlers/Image.ashx?multiverseid=417676&type=card','none','none','Destroy target creature. You gain 1 life for each artifact you control.');
insert into card_color (id_card, id_color) values (3604,3);
insert into card_type (id_card, id_type) values (3604,7);
insert into card(id, name, manaCost, cmc, rarity_id, set_id, imageUrl, c_power, c_toughness, description) values ('3605','Underhanded Designs','{1}{B}','10','2','5','//gatherer.wizards.com/Handlers/Image.ashx?multiverseid=417677&type=card','none','none','Whenever an artifact enters the battlefield under your control, you may pay {1}. If you do, each opponent loses 1 life and you gain 1 life.
{1}{B}, Sacrifice Underhanded Designs: Destroy target creature. Activate this ability only if you control two or more artifacts.');
insert into card_color (id_card, id_color) values (3605,3);
insert into card_type (id_card, id_type) values (3605,4);
insert into card(id, name, manaCost, cmc, rarity_id, set_id, imageUrl, c_power, c_toughness, description) values ('3606','Weaponcraft Enthusiast','{2}{B}','10','2','5','//gatherer.wizards.com/Handlers/Image.ashx?multiverseid=417678&type=card','0','1','Fabricate 2 (When this creature enters the battlefield, put two +1/+1 counters on it or create two 1/1 colorless Servo artifact creature tokens.)');
insert into card_color (id_card, id_color) values (3606,3);
insert into card_type (id_card, id_type) values (3606,1);
insert into card(id, name, manaCost, cmc, rarity_id, set_id, imageUrl, c_power, c_toughness, description) values ('3607','Aethertorch Renegade','{2}{R}','10','2','5','//gatherer.wizards.com/Handlers/Image.ashx?multiverseid=417679&type=card','1','2','When Aethertorch Renegade enters the battlefield, you get {E}{E}{E}{E} (four energy counters).
{T}, Pay {E}{E}: Aethertorch Renegade deals 1 damage to target creature.
{T}, Pay {E}{E}{E}{E}{E}{E}{E}{E}: Aethertorch Renegade deals 6 damage to target player.');
insert into card_color (id_card, id_color) values (3607,4);
insert into card_type (id_card, id_type) values (3607,1);
insert into card(id, name, manaCost, cmc, rarity_id, set_id, imageUrl, c_power, c_toughness, description) values ('3608','Brazen Scourge','{1}{R}{R}','10','2','5','//gatherer.wizards.com/Handlers/Image.ashx?multiverseid=417680&type=card','3','3','Haste');
insert into card_color (id_card, id_color) values (3608,4);
insert into card_type (id_card, id_type) values (3608,1);
insert into card(id, name, manaCost, cmc, rarity_id, set_id, imageUrl, c_power, c_toughness, description) values ('3609','Built to Smash','{R}','10','1','5','//gatherer.wizards.com/Handlers/Image.ashx?multiverseid=417681&type=card','none','none','Target attacking creature gets +3/+3 until end of turn. If it§s an artifact creature, it gains trample until end of turn.');
insert into card_color (id_card, id_color) values (3609,4);
insert into card_type (id_card, id_type) values (3609,7);
insert into card(id, name, manaCost, cmc, rarity_id, set_id, imageUrl, c_power, c_toughness, description) values ('3610','Cathartic Reunion','{1}{R}','10','1','5','//gatherer.wizards.com/Handlers/Image.ashx?multiverseid=417682&type=card','none','none','As an additional cost to cast Cathartic Reunion, discard two cards.
Draw three cards.');
insert into card_color (id_card, id_color) values (3610,4);
insert into card_type (id_card, id_type) values (3610,6);
insert into card(id, name, manaCost, cmc, rarity_id, set_id, imageUrl, c_power, c_toughness, description) values ('3611','Chandra, Torch of Defiance','{2}{R}{R}','10','4','5','//gatherer.wizards.com/Handlers/Image.ashx?multiverseid=417683&type=card','none','none','+1: Exile the top card of your library. You may cast that card. If you don§t, Chandra, Torch of Defiance deals 2 damage to each opponent.
+1: Add {R}{R} to your mana pool.
−3: Chandra, Torch of Defiance deals 4 damage to target creature.
−7: You get an emblem with "Whenever you cast a spell, this emblem deals 5 damage to target creature or player."');
insert into card_color (id_card, id_color) values (3611,4);
insert into card_type (id_card, id_type) values (3611,5);
insert into card(id, name, manaCost, cmc, rarity_id, set_id, imageUrl, c_power, c_toughness, description) values ('3612','Chandra§s Pyrohelix','{1}{R}','10','1','5','//gatherer.wizards.com/Handlers/Image.ashx?multiverseid=417684&type=card','none','none','Chandra§s Pyrohelix deals 2 damage divided as you choose among one or two target creatures and/or players.');
insert into card_color (id_card, id_color) values (3612,4);
insert into card_type (id_card, id_type) values (3612,7);
insert into card(id, name, manaCost, cmc, rarity_id, set_id, imageUrl, c_power, c_toughness, description) values ('3613','Combustible Gearhulk','{4}{R}{R}','10','4','5','//gatherer.wizards.com/Handlers/Image.ashx?multiverseid=417685&type=card','6','6','First strike
When Combustible Gearhulk enters the battlefield, target opponent may have you draw three cards. If the player doesn§t, put the top three cards of your library into your graveyard, then Combustible Gearhulk deals damage to that player equal to the total converted mana cost of those cards.');
insert into card_color (id_card, id_color) values (3613,4);
insert into card_type (id_card, id_type) values (3613,3);
insert into card_type (id_card, id_type) values (3613,1);
insert into card(id, name, manaCost, cmc, rarity_id, set_id, imageUrl, c_power, c_toughness, description) values ('3614','Demolish','{3}{R}','10','1','5','//gatherer.wizards.com/Handlers/Image.ashx?multiverseid=417686&type=card','none','none','Destroy target artifact or land.');
insert into card_color (id_card, id_color) values (3614,4);
insert into card_type (id_card, id_type) values (3614,6);
insert into card(id, name, manaCost, cmc, rarity_id, set_id, imageUrl, c_power, c_toughness, description) values ('3615','Fateful Showdown','{2}{R}{R}','10','3','5','//gatherer.wizards.com/Handlers/Image.ashx?multiverseid=417687&type=card','none','none','Fateful Showdown deals damage to target creature or player equal to the number of cards in your hand. Discard all the cards in your hand, then draw that many cards.');
insert into card_color (id_card, id_color) values (3615,4);
insert into card_type (id_card, id_type) values (3615,7);
insert into card(id, name, manaCost, cmc, rarity_id, set_id, imageUrl, c_power, c_toughness, description) values ('3616','Furious Reprisal','{3}{R}','10','2','5','//gatherer.wizards.com/Handlers/Image.ashx?multiverseid=417688&type=card','none','none','Furious Reprisal deals 2 damage to each of two target creatures and/or players.');
insert into card_color (id_card, id_color) values (3616,4);
insert into card_type (id_card, id_type) values (3616,6);
insert into card(id, name, manaCost, cmc, rarity_id, set_id, imageUrl, c_power, c_toughness, description) values ('3617','Giant Spectacle','{1}{R}','10','1','5','//gatherer.wizards.com/Handlers/Image.ashx?multiverseid=417689&type=card','none','none','Enchant creature
Enchanted creature gets +2/+1 and has menace.');
insert into card_color (id_card, id_color) values (3617,4);
insert into card_type (id_card, id_type) values (3617,4);
insert into card(id, name, manaCost, cmc, rarity_id, set_id, imageUrl, c_power, c_toughness, description) values ('3618','Harnessed Lightning','{1}{R}','10','2','5','//gatherer.wizards.com/Handlers/Image.ashx?multiverseid=417690&type=card','none','none','Choose target creature. You get {E}{E}{E} (three energy counters), then you may pay any amount of {E}. Harnessed Lightning deals that much damage to that creature.');
insert into card_color (id_card, id_color) values (3618,4);
insert into card_type (id_card, id_type) values (3618,7);
insert into card(id, name, manaCost, cmc, rarity_id, set_id, imageUrl, c_power, c_toughness, description) values ('3619','Hijack','{1}{R}{R}','10','1','5','//gatherer.wizards.com/Handlers/Image.ashx?multiverseid=417691&type=card','none','none','Gain control of target artifact or creature until end of turn. Untap it. It gains haste until end of turn.');
insert into card_color (id_card, id_color) values (3619,4);
insert into card_type (id_card, id_type) values (3619,6);
insert into card(id, name, manaCost, cmc, rarity_id, set_id, imageUrl, c_power, c_toughness, description) values ('3620','Incendiary Sabotage','{2}{R}{R}','10','2','5','//gatherer.wizards.com/Handlers/Image.ashx?multiverseid=417692&type=card','none','none','As an additional cost to cast Incendiary Sabotage, sacrifice an artifact.
Incendiary Sabotage deals 3 damage to each creature.');
insert into card_color (id_card, id_color) values (3620,4);
insert into card_type (id_card, id_type) values (3620,7);
insert into card(id, name, manaCost, cmc, rarity_id, set_id, imageUrl, c_power, c_toughness, description) values ('3621','Inventor§s Apprentice','{R}','10','2','5','//gatherer.wizards.com/Handlers/Image.ashx?multiverseid=417693&type=card','1','2','Inventor§s Apprentice gets +1/+1 as long as you control an artifact.');
insert into card_color (id_card, id_color) values (3621,4);
insert into card_type (id_card, id_type) values (3621,1);
insert into card(id, name, manaCost, cmc, rarity_id, set_id, imageUrl, c_power, c_toughness, description) values ('3622','Lathnu Hellion','{2}{R}','10','3','5','//gatherer.wizards.com/Handlers/Image.ashx?multiverseid=417694&type=card','4','4','Haste
When Lathnu Hellion enters the battlefield, you get {E}{E} (two energy counters).
At the beginning of your end step, sacrifice Lathnu Hellion unless you pay {E}{E}.');
insert into card_color (id_card, id_color) values (3622,4);
insert into card_type (id_card, id_type) values (3622,1);
insert into card(id, name, manaCost, cmc, rarity_id, set_id, imageUrl, c_power, c_toughness, description) values ('3623','Madcap Experiment','{3}{R}','10','3','5','//gatherer.wizards.com/Handlers/Image.ashx?multiverseid=417695&type=card','none','none','Reveal cards from the top of your library until you reveal an artifact card. Put that card onto the battlefield and the rest on the bottom of your library in a random order. Madcap Experiment deals damage to you equal to the number of cards revealed this way.');
insert into card_color (id_card, id_color) values (3623,4);
insert into card_type (id_card, id_type) values (3623,6);
insert into card(id, name, manaCost, cmc, rarity_id, set_id, imageUrl, c_power, c_toughness, description) values ('3624','Maulfist Doorbuster','{3}{R}','10','2','5','//gatherer.wizards.com/Handlers/Image.ashx?multiverseid=417696&type=card','4','2','When Maulfist Doorbuster enters the battlefield, you get {E}{E} (two energy counters).
Whenever Maulfist Doorbuster attacks, you may pay {E}. If you do, target creature can§t block this turn.');
insert into card_color (id_card, id_color) values (3624,4);
insert into card_type (id_card, id_type) values (3624,1);
insert into card(id, name, manaCost, cmc, rarity_id, set_id, imageUrl, c_power, c_toughness, description) values ('3625','Pia Nalaar','{2}{R}','10','3','5','//gatherer.wizards.com/Handlers/Image.ashx?multiverseid=417697&type=card','2','2','When Pia Nalaar enters the battlefield, create a 1/1 colorless Thopter artifact creature token with flying.
{1}{R}: Target artifact creature gets +1/+0 until end of turn.
{1}, Sacrifice an artifact: Target creature can§t block this turn.');
insert into card_color (id_card, id_color) values (3625,4);
insert into card_type (id_card, id_type) values (3625,1);
insert into card_supertype (id_card, id_supertype) values (3625,3);
insert into card(id, name, manaCost, cmc, rarity_id, set_id, imageUrl, c_power, c_toughness, description) values ('3626','Quicksmith Genius','{2}{R}','10','2','5','//gatherer.wizards.com/Handlers/Image.ashx?multiverseid=417698&type=card','3','2','Whenever an artifact enters the battlefield under your control, you may discard a card. If you do, draw a card.');
insert into card_color (id_card, id_color) values (3626,4);
insert into card_type (id_card, id_type) values (3626,1);
insert into card(id, name, manaCost, cmc, rarity_id, set_id, imageUrl, c_power, c_toughness, description) values ('3627','Reckless Fireweaver','{1}{R}','10','1','5','//gatherer.wizards.com/Handlers/Image.ashx?multiverseid=417699&type=card','1','3','Whenever an artifact enters the battlefield under your control, Reckless Fireweaver deals 1 damage to each opponent.');
insert into card_color (id_card, id_color) values (3627,4);
insert into card_type (id_card, id_type) values (3627,1);
insert into card(id, name, manaCost, cmc, rarity_id, set_id, imageUrl, c_power, c_toughness, description) values ('3628','Renegade Tactics','{R}','10','1','5','//gatherer.wizards.com/Handlers/Image.ashx?multiverseid=417700&type=card','none','none','Target creature can§t block this turn.
Draw a card.');
insert into card_color (id_card, id_color) values (3628,4);
insert into card_type (id_card, id_type) values (3628,6);
insert into card(id, name, manaCost, cmc, rarity_id, set_id, imageUrl, c_power, c_toughness, description) values ('3629','Ruinous Gremlin','{R}','10','1','5','//gatherer.wizards.com/Handlers/Image.ashx?multiverseid=417701&type=card','1','1','{2}{R}, Sacrifice Ruinous Gremlin: Destroy target artifact.');
insert into card_color (id_card, id_color) values (3629,4);
insert into card_type (id_card, id_type) values (3629,1);
insert into card(id, name, manaCost, cmc, rarity_id, set_id, imageUrl, c_power, c_toughness, description) values ('3630','Salivating Gremlins','{2}{R}','10','1','5','//gatherer.wizards.com/Handlers/Image.ashx?multiverseid=417702&type=card','2','3','Whenever an artifact enters the battlefield under your control, Salivating Gremlins gets +2/+0 and gains trample until end of turn.');
insert into card_color (id_card, id_color) values (3630,4);
insert into card_type (id_card, id_type) values (3630,1);
insert into card(id, name, manaCost, cmc, rarity_id, set_id, imageUrl, c_power, c_toughness, description) values ('3631','Skyship Stalker','{2}{R}{R}','10','3','5','//gatherer.wizards.com/Handlers/Image.ashx?multiverseid=417703&type=card','3','3','Flying
{R}: Skyship Stalker gets +1/+0 until end of turn.
{R}: Skyship Stalker gains first strike until end of turn.
{R}: Skyship Stalker gains haste until end of turn.');
insert into card_color (id_card, id_color) values (3631,4);
insert into card_type (id_card, id_type) values (3631,1);
insert into card(id, name, manaCost, cmc, rarity_id, set_id, imageUrl, c_power, c_toughness, description) values ('3632','Spark of Creativity','{R}','10','2','5','//gatherer.wizards.com/Handlers/Image.ashx?multiverseid=417704&type=card','none','none','Choose target creature. Exile the top card of your library. You may have Spark of Creativity deal damage to that creature equal to the exiled card§s converted mana cost. If you don§t, you may play that card until end of turn.');
insert into card_color (id_card, id_color) values (3632,4);
insert into card_type (id_card, id_type) values (3632,6);
insert into card(id, name, manaCost, cmc, rarity_id, set_id, imageUrl, c_power, c_toughness, description) values ('3633','Speedway Fanatic','{1}{R}','10','2','5','//gatherer.wizards.com/Handlers/Image.ashx?multiverseid=417705&type=card','2','1','Haste
Whenever Speedway Fanatic crews a Vehicle, that Vehicle gains haste until end of turn.');
insert into card_color (id_card, id_color) values (3633,4);
insert into card_type (id_card, id_type) values (3633,1);
insert into card(id, name, manaCost, cmc, rarity_id, set_id, imageUrl, c_power, c_toughness, description) values ('3634','Spireside Infiltrator','{2}{R}','10','1','5','//gatherer.wizards.com/Handlers/Image.ashx?multiverseid=417706&type=card','3','2','Whenever Spireside Infiltrator becomes tapped, it deals 1 damage to each opponent.');
insert into card_color (id_card, id_color) values (3634,4);
insert into card_type (id_card, id_type) values (3634,1);
insert into card(id, name, manaCost, cmc, rarity_id, set_id, imageUrl, c_power, c_toughness, description) values ('3635','Spontaneous Artist','{3}{R}','10','1','5','//gatherer.wizards.com/Handlers/Image.ashx?multiverseid=417707&type=card','3','3','When Spontaneous Artist enters the battlefield, you get {E} (an energy counter).
Pay {E}: Target creature gains haste until end of turn.');
insert into card_color (id_card, id_color) values (3635,4);
insert into card_type (id_card, id_type) values (3635,1);
insert into card(id, name, manaCost, cmc, rarity_id, set_id, imageUrl, c_power, c_toughness, description) values ('3636','Start Your Engines','{3}{R}','10','2','5','//gatherer.wizards.com/Handlers/Image.ashx?multiverseid=417708&type=card','none','none','Vehicles you control become artifact creatures until end of turn. Creatures you control get +2/+0 until end of turn.');
insert into card_color (id_card, id_color) values (3636,4);
insert into card_type (id_card, id_type) values (3636,6);
insert into card(id, name, manaCost, cmc, rarity_id, set_id, imageUrl, c_power, c_toughness, description) values ('3637','Territorial Gorger','{3}{R}','10','3','5','//gatherer.wizards.com/Handlers/Image.ashx?multiverseid=417709&type=card','2','2','Trample
Whenever you get one or more {E} (energy counters), Territorial Gorger gets +2/+2 until end of turn.');
insert into card_color (id_card, id_color) values (3637,4);
insert into card_type (id_card, id_type) values (3637,1);
insert into card(id, name, manaCost, cmc, rarity_id, set_id, imageUrl, c_power, c_toughness, description) values ('3638','Terror of the Fairgrounds','{3}{R}','10','1','5','//gatherer.wizards.com/Handlers/Image.ashx?multiverseid=417710&type=card','5','2','null');
insert into card_color (id_card, id_color) values (3638,4);
insert into card_type (id_card, id_type) values (3638,1);
insert into card(id, name, manaCost, cmc, rarity_id, set_id, imageUrl, c_power, c_toughness, description) values ('3639','Thriving Grubs','{1}{R}','10','1','5','//gatherer.wizards.com/Handlers/Image.ashx?multiverseid=417711&type=card','2','1','When Thriving Grubs enters the battlefield, you get {E}{E} (two energy counters).
Whenever Thriving Grubs attacks, you may pay {E}{E}. If you do, put a +1/+1 counter on it.');
insert into card_color (id_card, id_color) values (3639,4);
insert into card_type (id_card, id_type) values (3639,1);
insert into card(id, name, manaCost, cmc, rarity_id, set_id, imageUrl, c_power, c_toughness, description) values ('3640','Wayward Giant','{4}{R}','10','1','5','//gatherer.wizards.com/Handlers/Image.ashx?multiverseid=417712&type=card','4','5','Menace');
insert into card_color (id_card, id_color) values (3640,4);
insert into card_type (id_card, id_type) values (3640,1);
insert into card(id, name, manaCost, cmc, rarity_id, set_id, imageUrl, c_power, c_toughness, description) values ('3641','Welding Sparks','{2}{R}','10','1','5','//gatherer.wizards.com/Handlers/Image.ashx?multiverseid=417713&type=card','none','none','Welding Sparks deals X damage to target creature, where X is 3 plus the number of artifacts you control.');
insert into card_color (id_card, id_color) values (3641,4);
insert into card_type (id_card, id_type) values (3641,7);
insert into card(id, name, manaCost, cmc, rarity_id, set_id, imageUrl, c_power, c_toughness, description) values ('3642','Appetite for the Unnatural','{2}{G}','10','1','5','//gatherer.wizards.com/Handlers/Image.ashx?multiverseid=417714&type=card','none','none','Destroy target artifact or enchantment. You gain 2 life.');
insert into card_color (id_card, id_color) values (3642,5);
insert into card_type (id_card, id_type) values (3642,7);
insert into card(id, name, manaCost, cmc, rarity_id, set_id, imageUrl, c_power, c_toughness, description) values ('3643','Arborback Stomper','{3}{G}{G}','10','2','5','//gatherer.wizards.com/Handlers/Image.ashx?multiverseid=417715&type=card','5','4','Trample
When Arborback Stomper enters the battlefield, you gain 5 life.');
insert into card_color (id_card, id_color) values (3643,5);
insert into card_type (id_card, id_type) values (3643,1);
insert into card(id, name, manaCost, cmc, rarity_id, set_id, imageUrl, c_power, c_toughness, description) values ('3644','Architect of the Untamed','{2}{G}','10','3','5','//gatherer.wizards.com/Handlers/Image.ashx?multiverseid=417716&type=card','2','3','Whenever a land enters the battlefield under your control, you get {E} (an energy counter).
Pay {E}{E}{E}{E}{E}{E}{E}{E}: Create a 6/6 colorless Beast artifact creature token.');
insert into card_color (id_card, id_color) values (3644,5);
insert into card_type (id_card, id_type) values (3644,1);
insert into card(id, name, manaCost, cmc, rarity_id, set_id, imageUrl, c_power, c_toughness, description) values ('3645','Armorcraft Judge','{3}{G}','10','2','5','//gatherer.wizards.com/Handlers/Image.ashx?multiverseid=417717&type=card','3','3','When Armorcraft Judge enters the battlefield, draw a card for each creature you control with a +1/+1 counter on it.');
insert into card_color (id_card, id_color) values (3645,5);
insert into card_type (id_card, id_type) values (3645,1);
insert into card(id, name, manaCost, cmc, rarity_id, set_id, imageUrl, c_power, c_toughness, description) values ('3646','Attune with Aether','{G}','10','1','5','//gatherer.wizards.com/Handlers/Image.ashx?multiverseid=417718&type=card','none','none','Search your library for a basic land card, reveal it, put it into your hand, then shuffle your library. You get {E}{E} (two energy counters).');
insert into card_color (id_card, id_color) values (3646,5);
insert into card_type (id_card, id_type) values (3646,6);
insert into card(id, name, manaCost, cmc, rarity_id, set_id, imageUrl, c_power, c_toughness, description) values ('3647','Blossoming Defense','{G}','10','2','5','//gatherer.wizards.com/Handlers/Image.ashx?multiverseid=417719&type=card','none','none','Target creature you control gets +2/+2 and gains hexproof until end of turn.');
insert into card_color (id_card, id_color) values (3647,5);
insert into card_type (id_card, id_type) values (3647,7);
insert into card(id, name, manaCost, cmc, rarity_id, set_id, imageUrl, c_power, c_toughness, description) values ('3648','Bristling Hydra','{2}{G}{G}','10','3','5','//gatherer.wizards.com/Handlers/Image.ashx?multiverseid=417720&type=card','4','3','When Bristling Hydra enters the battlefield, you get {E}{E}{E} (three energy counters).
Pay {E}{E}{E}: Put a +1/+1 counter on Bristling Hydra. It gains hexproof until end of turn.');
insert into card_color (id_card, id_color) values (3648,5);
insert into card_type (id_card, id_type) values (3648,1);
insert into card(id, name, manaCost, cmc, rarity_id, set_id, imageUrl, c_power, c_toughness, description) values ('3649','Commencement of Festivities','{1}{G}','10','1','5','//gatherer.wizards.com/Handlers/Image.ashx?multiverseid=417721&type=card','none','none','Prevent all combat damage that would be dealt to players this turn.');
insert into card_color (id_card, id_color) values (3649,5);
insert into card_type (id_card, id_type) values (3649,7);
insert into card(id, name, manaCost, cmc, rarity_id, set_id, imageUrl, c_power, c_toughness, description) values ('3650','Cowl Prowler','{4}{G}{G}','10','1','5','//gatherer.wizards.com/Handlers/Image.ashx?multiverseid=417722&type=card','6','6','null');
insert into card_color (id_card, id_color) values (3650,5);
insert into card_type (id_card, id_type) values (3650,1);
insert into card(id, name, manaCost, cmc, rarity_id, set_id, imageUrl, c_power, c_toughness, description) values ('3651','Creeping Mold','{2}{G}{G}','10','2','5','//gatherer.wizards.com/Handlers/Image.ashx?multiverseid=417723&type=card','none','none','Destroy target artifact, enchantment, or land.');
insert into card_color (id_card, id_color) values (3651,5);
insert into card_type (id_card, id_type) values (3651,6);
insert into card(id, name, manaCost, cmc, rarity_id, set_id, imageUrl, c_power, c_toughness, description) values ('3652','Cultivator of Blades','{3}{G}{G}','10','3','5','//gatherer.wizards.com/Handlers/Image.ashx?multiverseid=417724&type=card','1','1','Fabricate 2 (When this creature enters the battlefield, put two +1/+1 counters on it or create two 1/1 colorless Servo artifact creature tokens.)
Whenever Cultivator of Blades attacks, you may have other attacking creatures get +X/+X until end of turn, where X is Cultivator of Blades§s power.');
insert into card_color (id_card, id_color) values (3652,5);
insert into card_type (id_card, id_type) values (3652,1);
insert into card(id, name, manaCost, cmc, rarity_id, set_id, imageUrl, c_power, c_toughness, description) values ('3653','Dubious Challenge','{3}{G}','10','3','5','//gatherer.wizards.com/Handlers/Image.ashx?multiverseid=417725&type=card','none','none','Look at the top ten cards of your library, exile up to two creature cards from among them, then shuffle your library. Target opponent may choose one of the exiled cards and put it onto the battlefield under his or her control. Put the rest onto the battlefield under your control.');
insert into card_color (id_card, id_color) values (3653,5);
insert into card_type (id_card, id_type) values (3653,6);
insert into card(id, name, manaCost, cmc, rarity_id, set_id, imageUrl, c_power, c_toughness, description) values ('3654','Durable Handicraft','{1}{G}','10','2','5','//gatherer.wizards.com/Handlers/Image.ashx?multiverseid=417726&type=card','none','none','Whenever a creature enters the battlefield under your control, you may pay {1}. If you do, put a +1/+1 counter on that creature.
{5}{G}, Sacrifice Durable Handicraft: Put a +1/+1 counter on each creature you control.');
insert into card_color (id_card, id_color) values (3654,5);
insert into card_type (id_card, id_type) values (3654,4);
insert into card(id, name, manaCost, cmc, rarity_id, set_id, imageUrl, c_power, c_toughness, description) values ('3655','Elegant Edgecrafters','{4}{G}{G}','10','2','5','//gatherer.wizards.com/Handlers/Image.ashx?multiverseid=417727&type=card','3','4','Elegant Edgecrafters can§t be blocked by creatures with power 2 or less.
Fabricate 2 (When this creature enters the battlefield, put two +1/+1 counters on it or create two 1/1 colorless Servo artifact creature tokens.)');
insert into card_color (id_card, id_color) values (3655,5);
insert into card_type (id_card, id_type) values (3655,1);
insert into card(id, name, manaCost, cmc, rarity_id, set_id, imageUrl, c_power, c_toughness, description) values ('3656','Fairgrounds Trumpeter','{2}{G}','10','2','5','//gatherer.wizards.com/Handlers/Image.ashx?multiverseid=417728&type=card','2','2','At the beginning of each end step, if a +1/+1 counter was placed on a permanent under your control this turn, put a +1/+1 counter on Fairgrounds Trumpeter.');
insert into card_color (id_card, id_color) values (3656,5);
insert into card_type (id_card, id_type) values (3656,1);
insert into card(id, name, manaCost, cmc, rarity_id, set_id, imageUrl, c_power, c_toughness, description) values ('3657','Ghirapur Guide','{2}{G}','10','2','5','//gatherer.wizards.com/Handlers/Image.ashx?multiverseid=417729&type=card','3','2','{2}{G}: Target creature you control can§t be blocked by creatures with power 2 or less this turn.');
insert into card_color (id_card, id_color) values (3657,5);
insert into card_type (id_card, id_type) values (3657,1);
insert into card(id, name, manaCost, cmc, rarity_id, set_id, imageUrl, c_power, c_toughness, description) values ('3658','Highspire Artisan','{2}{G}','10','1','5','//gatherer.wizards.com/Handlers/Image.ashx?multiverseid=417730&type=card','0','3','Reach (This creature can block creatures with flying.)
Fabricate 1 (When this creature enters the battlefield, put a +1/+1 counter on it or create a 1/1 colorless Servo artifact creature token.)');
insert into card_color (id_card, id_color) values (3658,5);
insert into card_type (id_card, id_type) values (3658,1);
insert into card(id, name, manaCost, cmc, rarity_id, set_id, imageUrl, c_power, c_toughness, description) values ('3659','Hunt the Weak','{3}{G}','10','1','5','//gatherer.wizards.com/Handlers/Image.ashx?multiverseid=417731&type=card','none','none','Put a +1/+1 counter on target creature you control. Then that creature fights target creature you don§t control. (Each deals damage equal to its power to the other.)');
insert into card_color (id_card, id_color) values (3659,5);
insert into card_type (id_card, id_type) values (3659,6);
insert into card(id, name, manaCost, cmc, rarity_id, set_id, imageUrl, c_power, c_toughness, description) values ('3660','Kujar Seedsculptor','{1}{G}','10','1','5','//gatherer.wizards.com/Handlers/Image.ashx?multiverseid=417732&type=card','1','2','When Kujar Seedsculptor enters the battlefield, put a +1/+1 counter on target creature you control.');
insert into card_color (id_card, id_color) values (3660,5);
insert into card_type (id_card, id_type) values (3660,1);
insert into card(id, name, manaCost, cmc, rarity_id, set_id, imageUrl, c_power, c_toughness, description) values ('3661','Larger Than Life','{1}{G}','10','1','5','//gatherer.wizards.com/Handlers/Image.ashx?multiverseid=417733&type=card','none','none','Target creature gets +4/+4 and gains trample until end of turn.');
insert into card_color (id_card, id_color) values (3661,5);
insert into card_type (id_card, id_type) values (3661,6);
insert into card(id, name, manaCost, cmc, rarity_id, set_id, imageUrl, c_power, c_toughness, description) values ('3662','Longtusk Cub','{1}{G}','10','2','5','//gatherer.wizards.com/Handlers/Image.ashx?multiverseid=417734&type=card','2','2','Whenever Longtusk Cub deals combat damage to a player, you get {E}{E} (two energy counters).
Pay {E}{E}: Put a +1/+1 counter on Longtusk Cub.');
insert into card_color (id_card, id_color) values (3662,5);
insert into card_type (id_card, id_type) values (3662,1);
insert into card(id, name, manaCost, cmc, rarity_id, set_id, imageUrl, c_power, c_toughness, description) values ('3663','Nature§s Way','{1}{G}','10','2','5','//gatherer.wizards.com/Handlers/Image.ashx?multiverseid=417735&type=card','none','none','Target creature you control gains vigilance and trample until end of turn. It deals damage equal to its power to target creature you don§t control.');
insert into card_color (id_card, id_color) values (3663,5);
insert into card_type (id_card, id_type) values (3663,6);
insert into card(id, name, manaCost, cmc, rarity_id, set_id, imageUrl, c_power, c_toughness, description) values ('3664','Nissa, Vital Force','{3}{G}{G}','10','4','5','//gatherer.wizards.com/Handlers/Image.ashx?multiverseid=417736&type=card','none','none','+1: Untap target land you control. Until your next turn, it becomes a 5/5 Elemental creature with haste. It§s still a land.
−3: Return target permanent card from your graveyard to your hand.
−6: You get an emblem with "Whenever a land enters the battlefield under your control, you may draw a card."');
insert into card_color (id_card, id_color) values (3664,5);
insert into card_type (id_card, id_type) values (3664,5);
insert into card(id, name, manaCost, cmc, rarity_id, set_id, imageUrl, c_power, c_toughness, description) values ('3665','Ornamental Courage','{G}','10','1','5','//gatherer.wizards.com/Handlers/Image.ashx?multiverseid=417737&type=card','none','none','Untap target creature. It gets +1/+3 until end of turn.');
insert into card_color (id_card, id_color) values (3665,5);
insert into card_type (id_card, id_type) values (3665,7);
insert into card(id, name, manaCost, cmc, rarity_id, set_id, imageUrl, c_power, c_toughness, description) values ('3666','Oviya Pashiri, Sage Lifecrafter','{G}','10','3','5','//gatherer.wizards.com/Handlers/Image.ashx?multiverseid=417738&type=card','1','2','{2}{G}, {T}: Create a 1/1 colorless Servo artifact creature token.
{4}{G}, {T}: Create an X/X colorless Construct artifact creature token, where X is the number of creatures you control.');
insert into card_color (id_card, id_color) values (3666,5);
insert into card_type (id_card, id_type) values (3666,1);
insert into card_supertype (id_card, id_supertype) values (3666,3);
insert into card(id, name, manaCost, cmc, rarity_id, set_id, imageUrl, c_power, c_toughness, description) values ('3667','Peema Outrider','{2}{G}{G}','10','1','5','//gatherer.wizards.com/Handlers/Image.ashx?multiverseid=417739&type=card','3','3','Trample
Fabricate 1 (When this creature enters the battlefield, put a +1/+1 counter on it or create a 1/1 colorless Servo artifact creature token.)');
insert into card_color (id_card, id_color) values (3667,5);
insert into card_type (id_card, id_type) values (3667,1);
insert into card(id, name, manaCost, cmc, rarity_id, set_id, imageUrl, c_power, c_toughness, description) values ('3668','Riparian Tiger','{3}{G}{G}','10','1','5','//gatherer.wizards.com/Handlers/Image.ashx?multiverseid=417740&type=card','4','4','Trample
When Riparian Tiger enters the battlefield, you get {E}{E} (two energy counters).
Whenever Riparian Tiger attacks, you may pay {E}{E}. If you do, it gets +2/+2 until end of turn.');
insert into card_color (id_card, id_color) values (3668,5);
insert into card_type (id_card, id_type) values (3668,1);
insert into card(id, name, manaCost, cmc, rarity_id, set_id, imageUrl, c_power, c_toughness, description) values ('3669','Sage of Shaila§s Claim','{1}{G}','10','1','5','//gatherer.wizards.com/Handlers/Image.ashx?multiverseid=417741&type=card','2','1','When Sage of Shaila§s Claim enters the battlefield, you get {E}{E}{E} (three energy counters).');
insert into card_color (id_card, id_color) values (3669,5);
insert into card_type (id_card, id_type) values (3669,1);
insert into card(id, name, manaCost, cmc, rarity_id, set_id, imageUrl, c_power, c_toughness, description) values ('3670','Servant of the Conduit','{1}{G}','10','2','5','//gatherer.wizards.com/Handlers/Image.ashx?multiverseid=417742&type=card','2','2','When Servant of the Conduit enters the battlefield, you get {E}{E} (two energy counters).
{T}, Pay {E}: Add one mana of any color to your mana pool.');
insert into card_color (id_card, id_color) values (3670,5);
insert into card_type (id_card, id_type) values (3670,1);
insert into card(id, name, manaCost, cmc, rarity_id, set_id, imageUrl, c_power, c_toughness, description) values ('3671','Take Down','{G}','10','1','5','//gatherer.wizards.com/Handlers/Image.ashx?multiverseid=417743&type=card','none','none','Choose one —
• Take Down deals 4 damage to target creature with flying.
• Take Down deals 1 damage to each creature with flying.');
insert into card_color (id_card, id_color) values (3671,5);
insert into card_type (id_card, id_type) values (3671,6);
insert into card(id, name, manaCost, cmc, rarity_id, set_id, imageUrl, c_power, c_toughness, description) values ('3672','Thriving Rhino','{2}{G}','10','1','5','//gatherer.wizards.com/Handlers/Image.ashx?multiverseid=417744&type=card','2','3','When Thriving Rhino enters the battlefield, you get {E}{E} (two energy counters).
Whenever Thriving Rhino attacks, you may pay {E}{E}. If you do, put a +1/+1 counter on it.');
insert into card_color (id_card, id_color) values (3672,5);
insert into card_type (id_card, id_type) values (3672,1);
insert into card(id, name, manaCost, cmc, rarity_id, set_id, imageUrl, c_power, c_toughness, description) values ('3673','Verdurous Gearhulk','{3}{G}{G}','10','4','5','//gatherer.wizards.com/Handlers/Image.ashx?multiverseid=417745&type=card','4','4','Trample
When Verdurous Gearhulk enters the battlefield, distribute four +1/+1 counters among any number of target creatures you control.');
insert into card_color (id_card, id_color) values (3673,5);
insert into card_type (id_card, id_type) values (3673,3);
insert into card_type (id_card, id_type) values (3673,1);
insert into card(id, name, manaCost, cmc, rarity_id, set_id, imageUrl, c_power, c_toughness, description) values ('3674','Wild Wanderer','{3}{G}','10','1','5','//gatherer.wizards.com/Handlers/Image.ashx?multiverseid=417746&type=card','3','2','When Wild Wanderer enters the battlefield, you may search your library for a basic land card, put it onto the battlefield tapped, then shuffle your library.');
insert into card_color (id_card, id_color) values (3674,5);
insert into card_type (id_card, id_type) values (3674,1);
insert into card(id, name, manaCost, cmc, rarity_id, set_id, imageUrl, c_power, c_toughness, description) values ('3675','Wildest Dreams','{X}{X}{G}','10','3','5','//gatherer.wizards.com/Handlers/Image.ashx?multiverseid=417747&type=card','none','none','Return X target cards from your graveyard to your hand. Exile Wildest Dreams.');
insert into card_color (id_card, id_color) values (3675,5);
insert into card_type (id_card, id_type) values (3675,6);
insert into card(id, name, manaCost, cmc, rarity_id, set_id, imageUrl, c_power, c_toughness, description) values ('3676','Wily Bandar','{G}','10','1','5','//gatherer.wizards.com/Handlers/Image.ashx?multiverseid=417748&type=card','1','1','{2}{G}: Wily Bandar gains indestructible until end of turn. (Damage and effects that say "destroy" don§t destroy it.)');
insert into card_color (id_card, id_color) values (3676,5);
insert into card_type (id_card, id_type) values (3676,1);
insert into card(id, name, manaCost, cmc, rarity_id, set_id, imageUrl, c_power, c_toughness, description) values ('3677','Cloudblazer','{3}{W}{U}','10','2','5','//gatherer.wizards.com/Handlers/Image.ashx?multiverseid=417749&type=card','2','2','Flying
When Cloudblazer enters the battlefield, you gain 2 life and draw two cards.');
insert into card_color (id_card, id_color) values (3677,2);
insert into card_color (id_card, id_color) values (3677,6);
insert into card_type (id_card, id_type) values (3677,1);
insert into card(id, name, manaCost, cmc, rarity_id, set_id, imageUrl, c_power, c_toughness, description) values ('3678','Contraband Kingpin','{U}{B}','10','2','5','//gatherer.wizards.com/Handlers/Image.ashx?multiverseid=417750&type=card','1','4','Lifelink
Whenever an artifact enters the battlefield under your control, scry 1.');
insert into card_color (id_card, id_color) values (3678,6);
insert into card_color (id_card, id_color) values (3678,3);
insert into card_type (id_card, id_type) values (3678,1);
insert into card(id, name, manaCost, cmc, rarity_id, set_id, imageUrl, c_power, c_toughness, description) values ('3679','Depala, Pilot Exemplar','{1}{R}{W}','10','3','5','//gatherer.wizards.com/Handlers/Image.ashx?multiverseid=417751&type=card','3','3','Other Dwarves you control get +1/+1.
Each Vehicle you control gets +1/+1 as long as it§s a creature.
Whenever Depala, Pilot Exemplar becomes tapped, you may pay {X}. If you do, reveal the top X cards of your library, put all Dwarf and Vehicle cards from among them into your hand, then put the rest on the bottom of your library in a random order.');
insert into card_color (id_card, id_color) values (3679,2);
insert into card_color (id_card, id_color) values (3679,4);
insert into card_type (id_card, id_type) values (3679,1);
insert into card_supertype (id_card, id_supertype) values (3679,3);
insert into card(id, name, manaCost, cmc, rarity_id, set_id, imageUrl, c_power, c_toughness, description) values ('3680','Dovin Baan','{2}{W}{U}','10','4','5','//gatherer.wizards.com/Handlers/Image.ashx?multiverseid=417752&type=card','none','none','+1: Until your next turn, up to one target creature gets -3/-0 and its activated abilities can§t be activated.
−1: You gain 2 life and draw a card.
−7: You get an emblem with "Your opponents can§t untap more than two permanents during their untap steps."');
insert into card_color (id_card, id_color) values (3680,2);
insert into card_color (id_card, id_color) values (3680,6);
insert into card_type (id_card, id_type) values (3680,5);
insert into card(id, name, manaCost, cmc, rarity_id, set_id, imageUrl, c_power, c_toughness, description) values ('3681','Empyreal Voyager','{1}{G}{U}','10','2','5','//gatherer.wizards.com/Handlers/Image.ashx?multiverseid=417753&type=card','2','3','Flying, trample
Whenever Empyreal Voyager deals combat damage to a player, you get that many {E} (energy counters).');
insert into card_color (id_card, id_color) values (3681,6);
insert into card_color (id_card, id_color) values (3681,5);
insert into card_type (id_card, id_type) values (3681,1);
insert into card(id, name, manaCost, cmc, rarity_id, set_id, imageUrl, c_power, c_toughness, description) values ('3682','Engineered Might','{3}{G}{W}','10','2','5','//gatherer.wizards.com/Handlers/Image.ashx?multiverseid=417754&type=card','none','none','Choose one —
• Target creature gets +5/+5 and gains trample until end of turn.
• Creatures you control get +2/+2 and gain vigilance until end of turn.');
insert into card_color (id_card, id_color) values (3682,2);
insert into card_color (id_card, id_color) values (3682,5);
insert into card_type (id_card, id_type) values (3682,6);
insert into card(id, name, manaCost, cmc, rarity_id, set_id, imageUrl, c_power, c_toughness, description) values ('3683','Hazardous Conditions','{2}{B}{G}','10','2','5','//gatherer.wizards.com/Handlers/Image.ashx?multiverseid=417755&type=card','none','none','Creatures with no counters on them get -2/-2 until end of turn.');
insert into card_color (id_card, id_color) values (3683,3);
insert into card_color (id_card, id_color) values (3683,5);
insert into card_type (id_card, id_type) values (3683,6);
insert into card(id, name, manaCost, cmc, rarity_id, set_id, imageUrl, c_power, c_toughness, description) values ('3684','Kambal, Consul of Allocation','{1}{W}{B}','10','3','5','//gatherer.wizards.com/Handlers/Image.ashx?multiverseid=417756&type=card','2','3','Whenever an opponent casts a noncreature spell, that player loses 2 life and you gain 2 life.');
insert into card_color (id_card, id_color) values (3684,2);
insert into card_color (id_card, id_color) values (3684,3);
insert into card_type (id_card, id_type) values (3684,1);
insert into card_supertype (id_card, id_supertype) values (3684,3);
insert into card(id, name, manaCost, cmc, rarity_id, set_id, imageUrl, c_power, c_toughness, description) values ('3685','Rashmi, Eternities Crafter','{2}{G}{U}','10','4','5','//gatherer.wizards.com/Handlers/Image.ashx?multiverseid=417757&type=card','2','3','Whenever you cast your first spell each turn, reveal the top card of your library. If it§s a nonland card with converted mana cost less than that spell§s, you may cast it without paying its mana cost. If you don§t cast the revealed card, put it into your hand.');
insert into card_color (id_card, id_color) values (3685,6);
insert into card_color (id_card, id_color) values (3685,5);
insert into card_type (id_card, id_type) values (3685,1);
insert into card_supertype (id_card, id_supertype) values (3685,3);
insert into card(id, name, manaCost, cmc, rarity_id, set_id, imageUrl, c_power, c_toughness, description) values ('3686','Restoration Gearsmith','{2}{W}{B}','10','2','5','//gatherer.wizards.com/Handlers/Image.ashx?multiverseid=417758&type=card','3','3','When Restoration Gearsmith enters the battlefield, return target artifact or creature card from your graveyard to your hand.');
insert into card_color (id_card, id_color) values (3686,2);
insert into card_color (id_card, id_color) values (3686,3);
insert into card_type (id_card, id_type) values (3686,1);
insert into card(id, name, manaCost, cmc, rarity_id, set_id, imageUrl, c_power, c_toughness, description) values ('3687','Saheeli Rai','{1}{U}{R}','10','4','5','//gatherer.wizards.com/Handlers/Image.ashx?multiverseid=417759&type=card','none','none','+1: Scry 1. Saheeli Rai deals 1 damage to each opponent.
−2: Create a token that§s a copy of target artifact or creature you control, except it§s an artifact in addition to its other types. That token gains haste. Exile it at the beginning of the next end step.
−7: Search your library for up to three artifact cards with different names, put them onto the battlefield, then shuffle your library.');
insert into card_color (id_card, id_color) values (3687,6);
insert into card_color (id_card, id_color) values (3687,4);
insert into card_type (id_card, id_type) values (3687,5);
insert into card(id, name, manaCost, cmc, rarity_id, set_id, imageUrl, c_power, c_toughness, description) values ('3688','Unlicensed Disintegration','{1}{B}{R}','10','2','5','//gatherer.wizards.com/Handlers/Image.ashx?multiverseid=417760&type=card','none','none','Destroy target creature. If you control an artifact, Unlicensed Disintegration deals 3 damage to that creature§s controller.');
insert into card_color (id_card, id_color) values (3688,3);
insert into card_color (id_card, id_color) values (3688,4);
insert into card_type (id_card, id_type) values (3688,7);
insert into card(id, name, manaCost, cmc, rarity_id, set_id, imageUrl, c_power, c_toughness, description) values ('3689','Veteran Motorist','{R}{W}','10','2','5','//gatherer.wizards.com/Handlers/Image.ashx?multiverseid=417761&type=card','3','1','When Veteran Motorist enters the battlefield, scry 2.
Whenever Veteran Motorist crews a Vehicle, that Vehicle gets +1/+1 until end of turn.');
insert into card_color (id_card, id_color) values (3689,2);
insert into card_color (id_card, id_color) values (3689,4);
insert into card_type (id_card, id_type) values (3689,1);
insert into card(id, name, manaCost, cmc, rarity_id, set_id, imageUrl, c_power, c_toughness, description) values ('3690','Voltaic Brawler','{R}{G}','10','2','5','//gatherer.wizards.com/Handlers/Image.ashx?multiverseid=417762&type=card','3','2','When Voltaic Brawler enters the battlefield, you get {E}{E} (two energy counters).
Whenever Voltaic Brawler attacks, you may pay {E}. If you do, it gets +1/+1 and gains trample until end of turn.');
insert into card_color (id_card, id_color) values (3690,4);
insert into card_color (id_card, id_color) values (3690,5);
insert into card_type (id_card, id_type) values (3690,1);
insert into card(id, name, manaCost, cmc, rarity_id, set_id, imageUrl, c_power, c_toughness, description) values ('3691','Whirler Virtuoso','{1}{U}{R}','10','2','5','//gatherer.wizards.com/Handlers/Image.ashx?multiverseid=417763&type=card','2','3','When Whirler Virtuoso enters the battlefield, you get {E}{E}{E} (three energy counters).
Pay {E}{E}{E}: Create a 1/1 colorless Thopter artifact creature token with flying.');
insert into card_color (id_card, id_color) values (3691,6);
insert into card_color (id_card, id_color) values (3691,4);
insert into card_type (id_card, id_type) values (3691,1);
insert into card(id, name, manaCost, cmc, rarity_id, set_id, imageUrl, c_power, c_toughness, description) values ('3692','Accomplished Automaton','{7}','10','1','5','//gatherer.wizards.com/Handlers/Image.ashx?multiverseid=417764&type=card','5','7','Fabricate 1 (When this creature enters the battlefield, put a +1/+1 counter on it or create a 1/1 colorless Servo artifact creature token.)');
insert into card_color (id_card, id_color) values (3692,1);
insert into card_type (id_card, id_type) values (3692,3);
insert into card_type (id_card, id_type) values (3692,1);
insert into card(id, name, manaCost, cmc, rarity_id, set_id, imageUrl, c_power, c_toughness, description) values ('3693','Aetherflux Reservoir','{4}','10','3','5','//gatherer.wizards.com/Handlers/Image.ashx?multiverseid=417765&type=card','none','none','Whenever you cast a spell, you gain 1 life for each spell you§ve cast this turn.
Pay 50 life: Aetherflux Reservoir deals 50 damage to target creature or player.');
insert into card_color (id_card, id_color) values (3693,1);
insert into card_type (id_card, id_type) values (3693,3);
insert into card(id, name, manaCost, cmc, rarity_id, set_id, imageUrl, c_power, c_toughness, description) values ('3694','Aetherworks Marvel','{4}','10','4','5','//gatherer.wizards.com/Handlers/Image.ashx?multiverseid=417766&type=card','none','none','Whenever a permanent you control is put into a graveyard, you get {E} (an energy counter).
{T}, Pay {E}{E}{E}{E}{E}{E}: Look at the top six cards of your library. You may cast a card from among them without paying its mana cost. Put the rest on the bottom of your library in a random order.');
insert into card_color (id_card, id_color) values (3694,1);
insert into card_type (id_card, id_type) values (3694,3);
insert into card_supertype (id_card, id_supertype) values (3694,3);
insert into card(id, name, manaCost, cmc, rarity_id, set_id, imageUrl, c_power, c_toughness, description) values ('3695','Animation Module','{1}','10','3','5','//gatherer.wizards.com/Handlers/Image.ashx?multiverseid=417767&type=card','none','none','Whenever one or more +1/+1 counters are placed on a permanent you control, you may pay {1}. If you do, create a 1/1 colorless Servo artifact creature token.
{3}, {T}: Choose a counter on target permanent or player. Give that permanent or player another counter of that kind.');
insert into card_color (id_card, id_color) values (3695,1);
insert into card_type (id_card, id_type) values (3695,3);
insert into card(id, name, manaCost, cmc, rarity_id, set_id, imageUrl, c_power, c_toughness, description) values ('3696','Aradara Express','{5}','10','1','5','//gatherer.wizards.com/Handlers/Image.ashx?multiverseid=417768&type=card','8','6','Menace
Crew 4 (Tap any number of creatures you control with total power 4 or more: This Vehicle becomes an artifact creature until end of turn.)');
insert into card_color (id_card, id_color) values (3696,1);
insert into card_type (id_card, id_type) values (3696,3);
insert into card(id, name, manaCost, cmc, rarity_id, set_id, imageUrl, c_power, c_toughness, description) values ('3697','Ballista Charger','{5}','10','2','5','//gatherer.wizards.com/Handlers/Image.ashx?multiverseid=417769&type=card','6','6','Whenever Ballista Charger attacks, it deals 1 damage to target creature or player.
Crew 3 (Tap any number of creatures you control with total power 3 or more: This Vehicle becomes an artifact creature until end of turn.)');
insert into card_color (id_card, id_color) values (3697,1);
insert into card_type (id_card, id_type) values (3697,3);
insert into card(id, name, manaCost, cmc, rarity_id, set_id, imageUrl, c_power, c_toughness, description) values ('3698','Bastion Mastodon','{5}','10','1','5','//gatherer.wizards.com/Handlers/Image.ashx?multiverseid=417770&type=card','4','5','{W}: Bastion Mastodon gains vigilance until end of turn.');
insert into card_color (id_card, id_color) values (3698,2);
insert into card_type (id_card, id_type) values (3698,3);
insert into card_type (id_card, id_type) values (3698,1);
insert into card(id, name, manaCost, cmc, rarity_id, set_id, imageUrl, c_power, c_toughness, description) values ('3699','Bomat Bazaar Barge','{4}','10','2','5','//gatherer.wizards.com/Handlers/Image.ashx?multiverseid=417771&type=card','5','5','When Bomat Bazaar Barge enters the battlefield, draw a card.
Crew 3 (Tap any number of creatures you control with total power 3 or more: This Vehicle becomes an artifact creature until end of turn.)');
insert into card_color (id_card, id_color) values (3699,1);
insert into card_type (id_card, id_type) values (3699,3);
insert into card(id, name, manaCost, cmc, rarity_id, set_id, imageUrl, c_power, c_toughness, description) values ('3700','Bomat Courier','{1}','10','3','5','//gatherer.wizards.com/Handlers/Image.ashx?multiverseid=417772&type=card','1','1','Haste
Whenever Bomat Courier attacks, exile the top card of your library face down. (You can§t look at it.)
{R}, Discard your hand, Sacrifice Bomat Courier: Put all cards exiled with Bomat Courier into their owners§ hands.');
insert into card_color (id_card, id_color) values (3700,4);
insert into card_type (id_card, id_type) values (3700,3);
insert into card_type (id_card, id_type) values (3700,1);
insert into card(id, name, manaCost, cmc, rarity_id, set_id, imageUrl, c_power, c_toughness, description) values ('3701','Chief of the Foundry','{3}','10','2','5','//gatherer.wizards.com/Handlers/Image.ashx?multiverseid=417773&type=card','2','3','Other artifact creatures you control get +1/+1.');
insert into card_color (id_card, id_color) values (3701,1);
insert into card_type (id_card, id_type) values (3701,3);
insert into card_type (id_card, id_type) values (3701,1);
insert into card(id, name, manaCost, cmc, rarity_id, set_id, imageUrl, c_power, c_toughness, description) values ('3702','Cogworker§s Puzzleknot','{2}','10','1','5','//gatherer.wizards.com/Handlers/Image.ashx?multiverseid=417774&type=card','none','none','When Cogworker§s Puzzleknot enters the battlefield, create a 1/1 colorless Servo artifact creature token.
{1}{W}, Sacrifice Cogworker§s Puzzleknot: Create a 1/1 colorless Servo artifact creature token.');
insert into card_color (id_card, id_color) values (3702,2);
insert into card_type (id_card, id_type) values (3702,3);
insert into card(id, name, manaCost, cmc, rarity_id, set_id, imageUrl, c_power, c_toughness, description) values ('3703','Consulate Skygate','{2}','10','1','5','//gatherer.wizards.com/Handlers/Image.ashx?multiverseid=417775&type=card','0','4','Defender
Reach (This creature can block creatures with flying.)');
insert into card_color (id_card, id_color) values (3703,1);
insert into card_type (id_card, id_type) values (3703,3);
insert into card_type (id_card, id_type) values (3703,1);
insert into card(id, name, manaCost, cmc, rarity_id, set_id, imageUrl, c_power, c_toughness, description) values ('3704','Cultivator§s Caravan','{3}','10','3','5','//gatherer.wizards.com/Handlers/Image.ashx?multiverseid=417776&type=card','5','5','{T}: Add one mana of any color to your mana pool.
Crew 3 (Tap any number of creatures you control with total power 3 or more: This Vehicle becomes an artifact creature until end of turn.)');
insert into card_color (id_card, id_color) values (3704,1);
insert into card_type (id_card, id_type) values (3704,3);
insert into card(id, name, manaCost, cmc, rarity_id, set_id, imageUrl, c_power, c_toughness, description) values ('3705','Deadlock Trap','{3}','10','3','5','//gatherer.wizards.com/Handlers/Image.ashx?multiverseid=417777&type=card','none','none','Deadlock Trap enters the battlefield tapped.
When Deadlock Trap enters the battlefield, you get {E}{E} (two energy counters).
{T}, Pay {E}: Tap target creature or planeswalker. Its activated abilities can§t be activated this turn.');
insert into card_color (id_card, id_color) values (3705,1);
insert into card_type (id_card, id_type) values (3705,3);
insert into card(id, name, manaCost, cmc, rarity_id, set_id, imageUrl, c_power, c_toughness, description) values ('3706','Decoction Module','{2}','10','2','5','//gatherer.wizards.com/Handlers/Image.ashx?multiverseid=417778&type=card','none','none','Whenever a creature enters the battlefield under your control, you get {E} (an energy counter).
{4}, {T}: Return target creature you control to its owner§s hand.');
insert into card_color (id_card, id_color) values (3706,1);
insert into card_type (id_card, id_type) values (3706,3);
insert into card(id, name, manaCost, cmc, rarity_id, set_id, imageUrl, c_power, c_toughness, description) values ('3707','Demolition Stomper','{6}','10','2','5','//gatherer.wizards.com/Handlers/Image.ashx?multiverseid=417779&type=card','10','7','Demolition Stomper can§t be blocked by creatures with power 2 or less.
Crew 5 (Tap any number of creatures you control with total power 5 or more: This Vehicle becomes an artifact creature until end of turn.)');
insert into card_color (id_card, id_color) values (3707,1);
insert into card_type (id_card, id_type) values (3707,3);
insert into card(id, name, manaCost, cmc, rarity_id, set_id, imageUrl, c_power, c_toughness, description) values ('3708','Dukhara Peafowl','{4}','10','1','5','//gatherer.wizards.com/Handlers/Image.ashx?multiverseid=417780&type=card','2','4','{U}: Dukhara Peafowl gains flying until end of turn.');
insert into card_color (id_card, id_color) values (3708,6);
insert into card_type (id_card, id_type) values (3708,3);
insert into card_type (id_card, id_type) values (3708,1);
insert into card(id, name, manaCost, cmc, rarity_id, set_id, imageUrl, c_power, c_toughness, description) values ('3709','Dynavolt Tower','{3}','10','3','5','//gatherer.wizards.com/Handlers/Image.ashx?multiverseid=417781&type=card','none','none','Whenever you cast an instant or sorcery spell, you get {E}{E} (two energy counters).
{T}, Pay {E}{E}{E}{E}{E}: Dynavolt Tower deals 3 damage to target creature or player.');
insert into card_color (id_card, id_color) values (3709,1);
insert into card_type (id_card, id_type) values (3709,3);
insert into card(id, name, manaCost, cmc, rarity_id, set_id, imageUrl, c_power, c_toughness, description) values ('3710','Eager Construct','{2}','10','1','5','//gatherer.wizards.com/Handlers/Image.ashx?multiverseid=417782&type=card','2','2','When Eager Construct enters the battlefield, each player may scry 1. (To scry 1, look at the top card of your library, then you may put that card on the bottom of your library.)');
insert into card_color (id_card, id_color) values (3710,1);
insert into card_type (id_card, id_type) values (3710,3);
insert into card_type (id_card, id_type) values (3710,1);
insert into card(id, name, manaCost, cmc, rarity_id, set_id, imageUrl, c_power, c_toughness, description) values ('3711','Electrostatic Pummeler','{3}','10','3','5','//gatherer.wizards.com/Handlers/Image.ashx?multiverseid=417783&type=card','1','1','When Electrostatic Pummeler enters the battlefield, you get {E}{E}{E} (three energy counters).
Pay {E}{E}{E}: Electrostatic Pummeler gets +X/+X until end of turn, where X is its power.');
insert into card_color (id_card, id_color) values (3711,1);
insert into card_type (id_card, id_type) values (3711,3);
insert into card_type (id_card, id_type) values (3711,1);
insert into card(id, name, manaCost, cmc, rarity_id, set_id, imageUrl, c_power, c_toughness, description) values ('3712','Fabrication Module','{3}','10','2','5','//gatherer.wizards.com/Handlers/Image.ashx?multiverseid=417784&type=card','none','none','Whenever you get one or more {E} (energy counters), put a +1/+1 counter on target creature you control.
{4}, {T}: You get {E}.');
insert into card_color (id_card, id_color) values (3712,1);
insert into card_type (id_card, id_type) values (3712,3);
insert into card(id, name, manaCost, cmc, rarity_id, set_id, imageUrl, c_power, c_toughness, description) values ('3713','Filigree Familiar','{3}','10','2','5','//gatherer.wizards.com/Handlers/Image.ashx?multiverseid=417785&type=card','2','2','When Filigree Familiar enters the battlefield, you gain 2 life.
When Filigree Familiar dies, draw a card.');
insert into card_color (id_card, id_color) values (3713,1);
insert into card_type (id_card, id_type) values (3713,3);
insert into card_type (id_card, id_type) values (3713,1);
insert into card(id, name, manaCost, cmc, rarity_id, set_id, imageUrl, c_power, c_toughness, description) values ('3714','Fireforger§s Puzzleknot','{2}','10','1','5','//gatherer.wizards.com/Handlers/Image.ashx?multiverseid=417786&type=card','none','none','When Fireforger§s Puzzleknot enters the battlefield, it deals 1 damage to target creature or player.
{2}{R}, Sacrifice Fireforger§s Puzzleknot: It deals 1 damage to target creature or player.');
insert into card_color (id_card, id_color) values (3714,4);
insert into card_type (id_card, id_type) values (3714,3);
insert into card(id, name, manaCost, cmc, rarity_id, set_id, imageUrl, c_power, c_toughness, description) values ('3715','Fleetwheel Cruiser','{4}','10','3','5','//gatherer.wizards.com/Handlers/Image.ashx?multiverseid=417787&type=card','5','3','Trample, haste
When Fleetwheel Cruiser enters the battlefield, it becomes an artifact creature until end of turn.
Crew 2 (Tap any number of creatures you control with total power 2 or more: This Vehicle becomes an artifact creature until end of turn.)');
insert into card_color (id_card, id_color) values (3715,1);
insert into card_type (id_card, id_type) values (3715,3);
insert into card(id, name, manaCost, cmc, rarity_id, set_id, imageUrl, c_power, c_toughness, description) values ('3716','Foundry Inspector','{3}','10','2','5','//gatherer.wizards.com/Handlers/Image.ashx?multiverseid=417788&type=card','3','2','Artifact spells you cast cost {1} less to cast.');
insert into card_color (id_card, id_color) values (3716,1);
insert into card_type (id_card, id_type) values (3716,3);
insert into card_type (id_card, id_type) values (3716,1);
insert into card(id, name, manaCost, cmc, rarity_id, set_id, imageUrl, c_power, c_toughness, description) values ('3717','Ghirapur Orrery','{4}','10','3','5','//gatherer.wizards.com/Handlers/Image.ashx?multiverseid=417789&type=card','none','none','Each player may play an additional land on each of his or her turns.
At the beginning of each player§s upkeep, if that player has no cards in hand, that player draws three cards.');
insert into card_color (id_card, id_color) values (3717,1);
insert into card_type (id_card, id_type) values (3717,3);
insert into card(id, name, manaCost, cmc, rarity_id, set_id, imageUrl, c_power, c_toughness, description) values ('3718','Glassblower§s Puzzleknot','{2}','10','1','5','//gatherer.wizards.com/Handlers/Image.ashx?multiverseid=417790&type=card','none','none','When Glassblower§s Puzzleknot enters the battlefield, scry 2, then you get {E}{E}. (You get two energy counters. To scry 2, look at the top two cards of your library, then put any number of them on the bottom of your library and the rest on top in any order.)
{2}{U}, Sacrifice Glassblower§s Puzzleknot: Scry 2, then you get {E}{E}.');
insert into card_color (id_card, id_color) values (3718,6);
insert into card_type (id_card, id_type) values (3718,3);
insert into card(id, name, manaCost, cmc, rarity_id, set_id, imageUrl, c_power, c_toughness, description) values ('3719','Inventor§s Goggles','{1}','10','1','5','//gatherer.wizards.com/Handlers/Image.ashx?multiverseid=417791&type=card','none','none','Equipped creature gets +1/+2.
Whenever an Artificer enters the battlefield under your control, you may attach Inventor§s Goggles to it.
Equip {2} ({2}: Attach to target creature you control. Equip only as a sorcery.)');
insert into card_color (id_card, id_color) values (3719,1);
insert into card_type (id_card, id_type) values (3719,3);
insert into card(id, name, manaCost, cmc, rarity_id, set_id, imageUrl, c_power, c_toughness, description) values ('3720','Iron League Steed','{4}','10','2','5','//gatherer.wizards.com/Handlers/Image.ashx?multiverseid=417792&type=card','2','2','Haste
Fabricate 1 (When this creature enters the battlefield, put a +1/+1 counter on it or create a 1/1 colorless Servo artifact creature token.)');
insert into card_color (id_card, id_color) values (3720,1);
insert into card_type (id_card, id_type) values (3720,3);
insert into card_type (id_card, id_type) values (3720,1);
insert into card(id, name, manaCost, cmc, rarity_id, set_id, imageUrl, c_power, c_toughness, description) values ('3721','Key to the City','{2}','10','3','5','//gatherer.wizards.com/Handlers/Image.ashx?multiverseid=417793&type=card','none','none','{T}, Discard a card: Up to one target creature can§t be blocked this turn.
Whenever Key to the City becomes untapped, you may pay {2}. If you do, draw a card.');
insert into card_color (id_card, id_color) values (3721,1);
insert into card_type (id_card, id_type) values (3721,3);
insert into card(id, name, manaCost, cmc, rarity_id, set_id, imageUrl, c_power, c_toughness, description) values ('3722','Metalspinner§s Puzzleknot','{2}','10','1','5','//gatherer.wizards.com/Handlers/Image.ashx?multiverseid=417794&type=card','none','none','When Metalspinner§s Puzzleknot enters the battlefield, you draw a card and you lose 1 life.
{2}{B}, Sacrifice Metalspinner§s Puzzleknot: You draw a card and you lose 1 life.');
insert into card_color (id_card, id_color) values (3722,3);
insert into card_type (id_card, id_type) values (3722,3);
insert into card(id, name, manaCost, cmc, rarity_id, set_id, imageUrl, c_power, c_toughness, description) values ('3723','Metalwork Colossus','{11}','11','3','5','//gatherer.wizards.com/Handlers/Image.ashx?multiverseid=417795&type=card','10','10','Metalwork Colossus costs {X} less to cast, where X is the total converted mana cost of noncreature artifacts you control.
Sacrifice two artifacts: Return Metalwork Colossus from your graveyard to your hand.');
insert into card_color (id_card, id_color) values (3723,1);
insert into card_type (id_card, id_type) values (3723,3);
insert into card_type (id_card, id_type) values (3723,1);
insert into card(id, name, manaCost, cmc, rarity_id, set_id, imageUrl, c_power, c_toughness, description) values ('3724','Multiform Wonder','{5}','10','3','5','//gatherer.wizards.com/Handlers/Image.ashx?multiverseid=417796&type=card','3','3','When Multiform Wonder enters the battlefield, you get {E}{E}{E} (three energy counters).
Pay {E}: Multiform Wonder gains your choice of flying, vigilance, or lifelink until end of turn.
Pay {E}: Multiform Wonder gets +2/-2 or -2/+2 until end of turn.');
insert into card_color (id_card, id_color) values (3724,1);
insert into card_type (id_card, id_type) values (3724,3);
insert into card_type (id_card, id_type) values (3724,1);
insert into card(id, name, manaCost, cmc, rarity_id, set_id, imageUrl, c_power, c_toughness, description) values ('3725','Narnam Cobra','{2}','10','1','5','//gatherer.wizards.com/Handlers/Image.ashx?multiverseid=417797&type=card','2','1','{G}: Narnam Cobra gains deathtouch until end of turn. (Any amount of damage it deals to a creature is enough to destroy it.)');
insert into card_color (id_card, id_color) values (3725,5);
insert into card_type (id_card, id_type) values (3725,3);
insert into card_type (id_card, id_type) values (3725,1);
insert into card(id, name, manaCost, cmc, rarity_id, set_id, imageUrl, c_power, c_toughness, description) values ('3726','Ovalchase Dragster','{4}','10','2','5','//gatherer.wizards.com/Handlers/Image.ashx?multiverseid=417798&type=card','6','1','Trample, haste
Crew 1 (Tap any number of creatures you control with total power 1 or more: This Vehicle becomes an artifact creature until end of turn.)');
insert into card_color (id_card, id_color) values (3726,1);
insert into card_type (id_card, id_type) values (3726,3);
insert into card(id, name, manaCost, cmc, rarity_id, set_id, imageUrl, c_power, c_toughness, description) values ('3727','Panharmonicon','{4}','10','3','5','//gatherer.wizards.com/Handlers/Image.ashx?multiverseid=417799&type=card','none','none','If an artifact or creature entering the battlefield causes a triggered ability of a permanent you control to trigger, that ability triggers an additional time.');
insert into card_color (id_card, id_color) values (3727,1);
insert into card_type (id_card, id_type) values (3727,3);
insert into card(id, name, manaCost, cmc, rarity_id, set_id, imageUrl, c_power, c_toughness, description) values ('3728','Perpetual Timepiece','{2}','10','2','5','//gatherer.wizards.com/Handlers/Image.ashx?multiverseid=417800&type=card','none','none','{T}: Put the top two cards of your library into your graveyard.
{2}, Exile Perpetual Timepiece: Shuffle any number of target cards from your graveyard into your library.');
insert into card_color (id_card, id_color) values (3728,1);
insert into card_type (id_card, id_type) values (3728,3);
insert into card(id, name, manaCost, cmc, rarity_id, set_id, imageUrl, c_power, c_toughness, description) values ('3729','Prakhata Pillar-Bug','{3}','10','1','5','//gatherer.wizards.com/Handlers/Image.ashx?multiverseid=417801&type=card','2','3','{B}: Prakhata Pillar-Bug gains lifelink until end of turn. (Damage dealt by this creature also causes you to gain that much life.)');
insert into card_color (id_card, id_color) values (3729,3);
insert into card_type (id_card, id_type) values (3729,3);
insert into card_type (id_card, id_type) values (3729,1);
insert into card(id, name, manaCost, cmc, rarity_id, set_id, imageUrl, c_power, c_toughness, description) values ('3730','Prophetic Prism','{2}','10','1','5','//gatherer.wizards.com/Handlers/Image.ashx?multiverseid=417802&type=card','none','none','When Prophetic Prism enters the battlefield, draw a card.
{1}, {T}: Add one mana of any color to your mana pool.');
insert into card_color (id_card, id_color) values (3730,1);
insert into card_type (id_card, id_type) values (3730,3);
insert into card(id, name, manaCost, cmc, rarity_id, set_id, imageUrl, c_power, c_toughness, description) values ('3731','Renegade Freighter','{3}','10','1','5','//gatherer.wizards.com/Handlers/Image.ashx?multiverseid=417803&type=card','4','3','Whenever Renegade Freighter attacks, it gets +1/+1 and gains trample until end of turn.
Crew 2 (Tap any number of creatures you control with total power 2 or more: This Vehicle becomes an artifact creature until end of turn.)');
insert into card_color (id_card, id_color) values (3731,1);
insert into card_type (id_card, id_type) values (3731,3);
insert into card(id, name, manaCost, cmc, rarity_id, set_id, imageUrl, c_power, c_toughness, description) values ('3732','Scrapheap Scrounger','{2}','10','3','5','//gatherer.wizards.com/Handlers/Image.ashx?multiverseid=417804&type=card','3','2','Scrapheap Scrounger can§t block.
{1}{B}, Exile another creature card from your graveyard: Return Scrapheap Scrounger from your graveyard to the battlefield.');
insert into card_color (id_card, id_color) values (3732,3);
insert into card_type (id_card, id_type) values (3732,3);
insert into card_type (id_card, id_type) values (3732,1);
insert into card(id, name, manaCost, cmc, rarity_id, set_id, imageUrl, c_power, c_toughness, description) values ('3733','Self-Assembler','{5}','10','1','5','//gatherer.wizards.com/Handlers/Image.ashx?multiverseid=417805&type=card','4','4','When Self-Assembler enters the battlefield, you may search your library for an Assembly-Worker creature card, reveal it, put it into your hand, then shuffle your library.');
insert into card_color (id_card, id_color) values (3733,1);
insert into card_type (id_card, id_type) values (3733,3);
insert into card_type (id_card, id_type) values (3733,1);
insert into card(id, name, manaCost, cmc, rarity_id, set_id, imageUrl, c_power, c_toughness, description) values ('3734','Sky Skiff','{2}','10','1','5','//gatherer.wizards.com/Handlers/Image.ashx?multiverseid=417806&type=card','2','3','Flying
Crew 1 (Tap any number of creatures you control with total power 1 or more: This Vehicle becomes an artifact creature until end of turn.)');
insert into card_color (id_card, id_color) values (3734,1);
insert into card_type (id_card, id_type) values (3734,3);
insert into card(id, name, manaCost, cmc, rarity_id, set_id, imageUrl, c_power, c_toughness, description) values ('3735','Skysovereign, Consul Flagship','{5}','10','4','5','//gatherer.wizards.com/Handlers/Image.ashx?multiverseid=417807&type=card','6','5','Flying
Whenever Skysovereign, Consul Flagship enters the battlefield or attacks, it deals 3 damage to target creature or planeswalker an opponent controls.
Crew 3 (Tap any number of creatures you control with total power 3 or more: This Vehicle becomes an artifact creature until end of turn.)');
insert into card_color (id_card, id_color) values (3735,1);
insert into card_type (id_card, id_type) values (3735,3);
insert into card_supertype (id_card, id_supertype) values (3735,3);
insert into card(id, name, manaCost, cmc, rarity_id, set_id, imageUrl, c_power, c_toughness, description) values ('3736','Smuggler§s Copter','{2}','10','3','5','//gatherer.wizards.com/Handlers/Image.ashx?multiverseid=417808&type=card','3','3','Flying
Whenever Smuggler§s Copter attacks or blocks, you may draw a card. If you do, discard a card.
Crew 1 (Tap any number of creatures you control with total power 1 or more: This Vehicle becomes an artifact creature until end of turn.)');
insert into card_color (id_card, id_color) values (3736,1);
insert into card_type (id_card, id_type) values (3736,3);
insert into card(id, name, manaCost, cmc, rarity_id, set_id, imageUrl, c_power, c_toughness, description) values ('3737','Snare Thopter','{4}','10','2','5','//gatherer.wizards.com/Handlers/Image.ashx?multiverseid=417809&type=card','3','2','Flying, haste');
insert into card_color (id_card, id_color) values (3737,1);
insert into card_type (id_card, id_type) values (3737,3);
insert into card_type (id_card, id_type) values (3737,1);
insert into card(id, name, manaCost, cmc, rarity_id, set_id, imageUrl, c_power, c_toughness, description) values ('3738','Torch Gauntlet','{2}','10','1','5','//gatherer.wizards.com/Handlers/Image.ashx?multiverseid=417810&type=card','none','none','Equipped creature gets +2/+0.
Equip {2} ({2}: Attach to target creature you control. Equip only as a sorcery.)');
insert into card_color (id_card, id_color) values (3738,1);
insert into card_type (id_card, id_type) values (3738,3);
insert into card(id, name, manaCost, cmc, rarity_id, set_id, imageUrl, c_power, c_toughness, description) values ('3739','Weldfast Monitor','{3}','10','1','5','//gatherer.wizards.com/Handlers/Image.ashx?multiverseid=417811&type=card','3','2','{R}: Weldfast Monitor gains menace until end of turn.');
insert into card_color (id_card, id_color) values (3739,4);
insert into card_type (id_card, id_type) values (3739,3);
insert into card_type (id_card, id_type) values (3739,1);
insert into card(id, name, manaCost, cmc, rarity_id, set_id, imageUrl, c_power, c_toughness, description) values ('3740','Whirlermaker','{3}','10','2','5','//gatherer.wizards.com/Handlers/Image.ashx?multiverseid=417812&type=card','none','none','{4}, {T}: Create a 1/1 colorless Thopter artifact creature token with flying.');
insert into card_color (id_card, id_color) values (3740,1);
insert into card_type (id_card, id_type) values (3740,3);
insert into card(id, name, manaCost, cmc, rarity_id, set_id, imageUrl, c_power, c_toughness, description) values ('3741','Woodweaver§s Puzzleknot','{2}','10','1','5','//gatherer.wizards.com/Handlers/Image.ashx?multiverseid=417813&type=card','none','none','When Woodweaver§s Puzzleknot enters the battlefield, you gain 3 life and get {E}{E}{E} (three energy counters).
{2}{G}, Sacrifice Woodweaver§s Puzzleknot: You gain 3 life and get {E}{E}{E}.');
insert into card_color (id_card, id_color) values (3741,5);
insert into card_type (id_card, id_type) values (3741,3);
insert into card(id, name, manaCost, cmc, rarity_id, set_id, imageUrl, c_power, c_toughness, description) values ('3742','Workshop Assistant','{3}','10','1','5','//gatherer.wizards.com/Handlers/Image.ashx?multiverseid=417814&type=card','1','2','When Workshop Assistant dies, return another target artifact card from your graveyard to your hand.');
insert into card_color (id_card, id_color) values (3742,1);
insert into card_type (id_card, id_type) values (3742,3);
insert into card_type (id_card, id_type) values (3742,1);
insert into card(id, name, manaCost, cmc, rarity_id, set_id, imageUrl, c_power, c_toughness, description) values ('3743','Aether Hub','null','10','2','5','//gatherer.wizards.com/Handlers/Image.ashx?multiverseid=417815&type=card','none','none','When Aether Hub enters the battlefield, you get {E} (an energy counter).
{T}: Add {C} to your mana pool.
{T}, Pay {E}: Add one mana of any color to your mana pool.');
insert into card_color (id_card, id_color) values (3743,1);
insert into card_type (id_card, id_type) values (3743,2);
insert into card(id, name, manaCost, cmc, rarity_id, set_id, imageUrl, c_power, c_toughness, description) values ('3744','Blooming Marsh','null','10','3','5','//gatherer.wizards.com/Handlers/Image.ashx?multiverseid=417816&type=card','none','none','Blooming Marsh enters the battlefield tapped unless you control two or fewer other lands.
{T}: Add {B} or {G} to your mana pool.');
insert into card_color (id_card, id_color) values (3744,3);
insert into card_color (id_card, id_color) values (3744,5);
insert into card_type (id_card, id_type) values (3744,2);
insert into card(id, name, manaCost, cmc, rarity_id, set_id, imageUrl, c_power, c_toughness, description) values ('3745','Botanical Sanctum','null','10','3','5','//gatherer.wizards.com/Handlers/Image.ashx?multiverseid=417817&type=card','none','none','Botanical Sanctum enters the battlefield tapped unless you control two or fewer other lands.
{T}: Add {G} or {U} to your mana pool.');
insert into card_color (id_card, id_color) values (3745,5);
insert into card_color (id_card, id_color) values (3745,6);
insert into card_type (id_card, id_type) values (3745,2);
insert into card(id, name, manaCost, cmc, rarity_id, set_id, imageUrl, c_power, c_toughness, description) values ('3746','Concealed Courtyard','null','10','3','5','//gatherer.wizards.com/Handlers/Image.ashx?multiverseid=417818&type=card','none','none','Concealed Courtyard enters the battlefield tapped unless you control two or fewer other lands.
{T}: Add {W} or {B} to your mana pool.');
insert into card_color (id_card, id_color) values (3746,2);
insert into card_color (id_card, id_color) values (3746,3);
insert into card_type (id_card, id_type) values (3746,2);
insert into card(id, name, manaCost, cmc, rarity_id, set_id, imageUrl, c_power, c_toughness, description) values ('3747','Inspiring Vantage','null','10','3','5','//gatherer.wizards.com/Handlers/Image.ashx?multiverseid=417819&type=card','none','none','Inspiring Vantage enters the battlefield tapped unless you control two or fewer other lands.
{T}: Add {R} or {W} to your mana pool.');
insert into card_color (id_card, id_color) values (3747,4);
insert into card_color (id_card, id_color) values (3747,2);
insert into card_type (id_card, id_type) values (3747,2);
insert into card(id, name, manaCost, cmc, rarity_id, set_id, imageUrl, c_power, c_toughness, description) values ('3748','Inventors§ Fair','null','10','3','5','//gatherer.wizards.com/Handlers/Image.ashx?multiverseid=417820&type=card','none','none','At the beginning of your upkeep, if you control three or more artifacts, you gain 1 life.
{T}: Add {C} to your mana pool.
{4}, {T}, Sacrifice Inventors§ Fair: Search your library for an artifact card, reveal it, put it into your hand, then shuffle your library. Activate this ability only if you control three or more artifacts.');
insert into card_color (id_card, id_color) values (3748,1);
insert into card_type (id_card, id_type) values (3748,2);
insert into card_supertype (id_card, id_supertype) values (3748,3);
insert into card(id, name, manaCost, cmc, rarity_id, set_id, imageUrl, c_power, c_toughness, description) values ('3749','Sequestered Stash','null','10','2','5','//gatherer.wizards.com/Handlers/Image.ashx?multiverseid=417821&type=card','none','none','{T}: Add {C} to your mana pool.
{4}, {T}, Sacrifice Sequestered Stash: Put the top five cards of your library into your graveyard. Then you may put an artifact card from your graveyard on top of your library.');
insert into card_color (id_card, id_color) values (3749,1);
insert into card_type (id_card, id_type) values (3749,2);
insert into card(id, name, manaCost, cmc, rarity_id, set_id, imageUrl, c_power, c_toughness, description) values ('3750','Spirebluff Canal','null','10','3','5','//gatherer.wizards.com/Handlers/Image.ashx?multiverseid=417822&type=card','none','none','Spirebluff Canal enters the battlefield tapped unless you control two or fewer other lands.
{T}: Add {U} or {R} to your mana pool.');
insert into card_color (id_card, id_color) values (3750,6);
insert into card_color (id_card, id_color) values (3750,4);
insert into card_type (id_card, id_type) values (3750,2);
insert into card(id, name, manaCost, cmc, rarity_id, set_id, imageUrl, c_power, c_toughness, description) values ('3751','Plains','null','10','6','5','//gatherer.wizards.com/Handlers/Image.ashx?multiverseid=417823&type=card','none','none','null');
insert into card_color (id_card, id_color) values (3751,2);
insert into card_type (id_card, id_type) values (3751,2);
insert into card_supertype (id_card, id_supertype) values (3751,2);
insert into card(id, name, manaCost, cmc, rarity_id, set_id, imageUrl, c_power, c_toughness, description) values ('3752','Plains','null','10','6','5','//gatherer.wizards.com/Handlers/Image.ashx?multiverseid=417824&type=card','none','none','null');
insert into card_color (id_card, id_color) values (3752,2);
insert into card_type (id_card, id_type) values (3752,2);
insert into card_supertype (id_card, id_supertype) values (3752,2);
insert into card(id, name, manaCost, cmc, rarity_id, set_id, imageUrl, c_power, c_toughness, description) values ('3753','Plains','null','10','6','5','//gatherer.wizards.com/Handlers/Image.ashx?multiverseid=417825&type=card','none','none','null');
insert into card_color (id_card, id_color) values (3753,2);
insert into card_type (id_card, id_type) values (3753,2);
insert into card_supertype (id_card, id_supertype) values (3753,2);
insert into card(id, name, manaCost, cmc, rarity_id, set_id, imageUrl, c_power, c_toughness, description) values ('3754','Island','null','10','6','5','//gatherer.wizards.com/Handlers/Image.ashx?multiverseid=417826&type=card','none','none','null');
insert into card_color (id_card, id_color) values (3754,6);
insert into card_type (id_card, id_type) values (3754,2);
insert into card_supertype (id_card, id_supertype) values (3754,2);
insert into card(id, name, manaCost, cmc, rarity_id, set_id, imageUrl, c_power, c_toughness, description) values ('3755','Island','null','10','6','5','//gatherer.wizards.com/Handlers/Image.ashx?multiverseid=417827&type=card','none','none','null');
insert into card_color (id_card, id_color) values (3755,6);
insert into card_type (id_card, id_type) values (3755,2);
insert into card_supertype (id_card, id_supertype) values (3755,2);
insert into card(id, name, manaCost, cmc, rarity_id, set_id, imageUrl, c_power, c_toughness, description) values ('3756','Island','null','10','6','5','//gatherer.wizards.com/Handlers/Image.ashx?multiverseid=417828&type=card','none','none','null');
insert into card_color (id_card, id_color) values (3756,6);
insert into card_type (id_card, id_type) values (3756,2);
insert into card_supertype (id_card, id_supertype) values (3756,2);
insert into card(id, name, manaCost, cmc, rarity_id, set_id, imageUrl, c_power, c_toughness, description) values ('3757','Swamp','null','10','6','5','//gatherer.wizards.com/Handlers/Image.ashx?multiverseid=417829&type=card','none','none','null');
insert into card_color (id_card, id_color) values (3757,3);
insert into card_type (id_card, id_type) values (3757,2);
insert into card_supertype (id_card, id_supertype) values (3757,2);
insert into card(id, name, manaCost, cmc, rarity_id, set_id, imageUrl, c_power, c_toughness, description) values ('3758','Swamp','null','10','6','5','//gatherer.wizards.com/Handlers/Image.ashx?multiverseid=417830&type=card','none','none','null');
insert into card_color (id_card, id_color) values (3758,3);
insert into card_type (id_card, id_type) values (3758,2);
insert into card_supertype (id_card, id_supertype) values (3758,2);
insert into card(id, name, manaCost, cmc, rarity_id, set_id, imageUrl, c_power, c_toughness, description) values ('3759','Swamp','null','10','6','5','//gatherer.wizards.com/Handlers/Image.ashx?multiverseid=417831&type=card','none','none','null');
insert into card_color (id_card, id_color) values (3759,3);
insert into card_type (id_card, id_type) values (3759,2);
insert into card_supertype (id_card, id_supertype) values (3759,2);
insert into card(id, name, manaCost, cmc, rarity_id, set_id, imageUrl, c_power, c_toughness, description) values ('3760','Mountain','null','10','6','5','//gatherer.wizards.com/Handlers/Image.ashx?multiverseid=417832&type=card','none','none','null');
insert into card_color (id_card, id_color) values (3760,4);
insert into card_type (id_card, id_type) values (3760,2);
insert into card_supertype (id_card, id_supertype) values (3760,2);
insert into card(id, name, manaCost, cmc, rarity_id, set_id, imageUrl, c_power, c_toughness, description) values ('3761','Mountain','null','10','6','5','//gatherer.wizards.com/Handlers/Image.ashx?multiverseid=417833&type=card','none','none','null');
insert into card_color (id_card, id_color) values (3761,4);
insert into card_type (id_card, id_type) values (3761,2);
insert into card_supertype (id_card, id_supertype) values (3761,2);
insert into card(id, name, manaCost, cmc, rarity_id, set_id, imageUrl, c_power, c_toughness, description) values ('3762','Mountain','null','10','6','5','//gatherer.wizards.com/Handlers/Image.ashx?multiverseid=417834&type=card','none','none','null');
insert into card_color (id_card, id_color) values (3762,4);
insert into card_type (id_card, id_type) values (3762,2);
insert into card_supertype (id_card, id_supertype) values (3762,2);
insert into card(id, name, manaCost, cmc, rarity_id, set_id, imageUrl, c_power, c_toughness, description) values ('3763','Forest','null','10','6','5','//gatherer.wizards.com/Handlers/Image.ashx?multiverseid=417835&type=card','none','none','null');
insert into card_color (id_card, id_color) values (3763,5);
insert into card_type (id_card, id_type) values (3763,2);
insert into card_supertype (id_card, id_supertype) values (3763,2);
insert into card(id, name, manaCost, cmc, rarity_id, set_id, imageUrl, c_power, c_toughness, description) values ('3764','Forest','null','10','6','5','//gatherer.wizards.com/Handlers/Image.ashx?multiverseid=417836&type=card','none','none','null');
insert into card_color (id_card, id_color) values (3764,5);
insert into card_type (id_card, id_type) values (3764,2);
insert into card_supertype (id_card, id_supertype) values (3764,2);
insert into card(id, name, manaCost, cmc, rarity_id, set_id, imageUrl, c_power, c_toughness, description) values ('3765','Forest','null','10','6','5','//gatherer.wizards.com/Handlers/Image.ashx?multiverseid=417837&type=card','none','none','null');
insert into card_color (id_card, id_color) values (3765,5);
insert into card_type (id_card, id_type) values (3765,2);
insert into card_supertype (id_card, id_supertype) values (3765,2);
insert into card(id, name, manaCost, cmc, rarity_id, set_id, imageUrl, c_power, c_toughness, description) values ('3766','Chandra, Pyrogenius','{4}{R}{R}','10','4','5','//gatherer.wizards.com/Handlers/Image.ashx?multiverseid=420478&type=card','none','none','+2: Chandra, Pyrogenius deals 2 damage to each opponent.
−3: Chandra, Pyrogenius deals 4 damage to target creature.
−10: Chandra, Pyrogenius deals 6 damage to target player and each creature he or she controls.');
insert into card_color (id_card, id_color) values (3766,4);
insert into card_type (id_card, id_type) values (3766,5);
insert into card(id, name, manaCost, cmc, rarity_id, set_id, imageUrl, c_power, c_toughness, description) values ('3767','Flame Lash','{3}{R}','10','1','5','//gatherer.wizards.com/Handlers/Image.ashx?multiverseid=420479&type=card','none','none','Flame Lash deals 4 damage to target creature or player.');
insert into card_color (id_card, id_color) values (3767,4);
insert into card_type (id_card, id_type) values (3767,7);
insert into card(id, name, manaCost, cmc, rarity_id, set_id, imageUrl, c_power, c_toughness, description) values ('3768','Liberating Combustion','{4}{R}','10','3','5','//gatherer.wizards.com/Handlers/Image.ashx?multiverseid=420480&type=card','none','none','Liberating Combustion deals 6 damage to target creature. You may search your library and/or graveyard for a card named Chandra, Pyrogenius, reveal it, and put it into your hand. If you search your library this way, shuffle it.');
insert into card_color (id_card, id_color) values (3768,4);
insert into card_type (id_card, id_type) values (3768,6);
insert into card(id, name, manaCost, cmc, rarity_id, set_id, imageUrl, c_power, c_toughness, description) values ('3769','Renegade Firebrand','{2}{R}','10','2','5','//gatherer.wizards.com/Handlers/Image.ashx?multiverseid=420481&type=card','3','2','As long as you control a Chandra planeswalker, Renegade Firebrand gets +1/+0 and has first strike. (It deals combat damage before creatures without first strike.)');
insert into card_color (id_card, id_color) values (3769,4);
insert into card_type (id_card, id_type) values (3769,1);
insert into card(id, name, manaCost, cmc, rarity_id, set_id, imageUrl, c_power, c_toughness, description) values ('3770','Stone Quarry','null','10','1','5','//gatherer.wizards.com/Handlers/Image.ashx?multiverseid=420482&type=card','none','none','Stone Quarry enters the battlefield tapped.
{T}: Add {R} or {W} to your mana pool.');
insert into card_color (id_card, id_color) values (3770,4);
insert into card_color (id_card, id_color) values (3770,2);
insert into card_type (id_card, id_type) values (3770,2);
insert into card(id, name, manaCost, cmc, rarity_id, set_id, imageUrl, c_power, c_toughness, description) values ('3771','Nissa, Nature§s Artisan','{4}{G}{G}','10','4','5','//gatherer.wizards.com/Handlers/Image.ashx?multiverseid=420483&type=card','none','none','+3: You gain 3 life.
−4: Reveal the top two cards of your library. Put all land cards from among them onto the battlefield and the rest into your hand.
−12: Creatures you control get +5/+5 and gain trample until end of turn.');
insert into card_color (id_card, id_color) values (3771,5);
insert into card_type (id_card, id_type) values (3771,5);
insert into card(id, name, manaCost, cmc, rarity_id, set_id, imageUrl, c_power, c_toughness, description) values ('3772','Guardian of the Great Conduit','{3}{G}','10','2','5','//gatherer.wizards.com/Handlers/Image.ashx?multiverseid=420484&type=card','2','4','Reach (This creature can block creatures with flying.)
As long as you control a Nissa planeswalker, Guardian of the Great Conduit gets +2/+0 and has vigilance. (Attacking doesn§t cause it to tap.)');
insert into card_color (id_card, id_color) values (3772,5);
insert into card_type (id_card, id_type) values (3772,1);
insert into card(id, name, manaCost, cmc, rarity_id, set_id, imageUrl, c_power, c_toughness, description) values ('3773','Terrain Elemental','{1}{G}','10','1','5','//gatherer.wizards.com/Handlers/Image.ashx?multiverseid=420485&type=card','3','2','null');
insert into card_color (id_card, id_color) values (3773,5);
insert into card_type (id_card, id_type) values (3773,1);
insert into card(id, name, manaCost, cmc, rarity_id, set_id, imageUrl, c_power, c_toughness, description) values ('3774','Verdant Crescendo','{3}{G}','10','3','5','//gatherer.wizards.com/Handlers/Image.ashx?multiverseid=420486&type=card','none','none','Search your library for a basic land card and put it onto the battlefield tapped. Search your library and graveyard for a card named Nissa, Nature§s Artisan, reveal it, and put it into your hand. Then shuffle your library.');
insert into card_color (id_card, id_color) values (3774,5);
insert into card_type (id_card, id_type) values (3774,6);
insert into card(id, name, manaCost, cmc, rarity_id, set_id, imageUrl, c_power, c_toughness, description) values ('3775','Woodland Stream','null','10','1','5','//gatherer.wizards.com/Handlers/Image.ashx?multiverseid=420487&type=card','none','none','Woodland Stream enters the battlefield tapped.
{T}: Add {G} or {U} to your mana pool.');
insert into card_color (id_card, id_color) values (3775,5);
insert into card_color (id_card, id_color) values (3775,6);
insert into card_type (id_card, id_type) values (3775,2);
insert into card(id, name, manaCost, cmc, rarity_id, set_id, imageUrl, c_power, c_toughness, description) values ('4425','Aerial Modification','{4}{W}','10','2','6','//gatherer.wizards.com/Handlers/Image.ashx?multiverseid=423668&type=card','none','none','Enchant creature or Vehicle
As long as enchanted permanent is a Vehicle, it§s a creature in addition to its other types.
Enchanted creature gets +2/+2 and has flying.');
insert into card_color (id_card, id_color) values (4425,2);
insert into card_type (id_card, id_type) values (4425,4);
insert into card(id, name, manaCost, cmc, rarity_id, set_id, imageUrl, c_power, c_toughness, description) values ('4426','Aeronaut Admiral','{3}{W}','10','2','6','//gatherer.wizards.com/Handlers/Image.ashx?multiverseid=423669&type=card','3','1','Flying
Vehicles you control have flying.');
insert into card_color (id_card, id_color) values (4426,2);
insert into card_type (id_card, id_type) values (4426,1);
insert into card(id, name, manaCost, cmc, rarity_id, set_id, imageUrl, c_power, c_toughness, description) values ('4427','Aether Inspector','{3}{W}','10','1','6','//gatherer.wizards.com/Handlers/Image.ashx?multiverseid=423670&type=card','2','3','Vigilance
When Aether Inspector enters the battlefield, you get {E}{E} (two energy counters).
Whenever Aether Inspector attacks, you may pay {E}{E}. If you do, create a 1/1 colorless Servo artifact creature token.');
insert into card_color (id_card, id_color) values (4427,2);
insert into card_type (id_card, id_type) values (4427,1);
insert into card(id, name, manaCost, cmc, rarity_id, set_id, imageUrl, c_power, c_toughness, description) values ('4428','Aethergeode Miner','{1}{W}','10','3','6','//gatherer.wizards.com/Handlers/Image.ashx?multiverseid=423671&type=card','3','1','Whenever Aethergeode Miner attacks, you get {E}{E} (two energy counters).
Pay {E}{E}: Exile Aethergeode Miner, then return it to the battlefield under its owner§s control.');
insert into card_color (id_card, id_color) values (4428,2);
insert into card_type (id_card, id_type) values (4428,1);
insert into card(id, name, manaCost, cmc, rarity_id, set_id, imageUrl, c_power, c_toughness, description) values ('4429','Airdrop Aeronauts','{3}{W}{W}','10','2','6','//gatherer.wizards.com/Handlers/Image.ashx?multiverseid=423672&type=card','4','3','Flying
Revolt — When Airdrop Aeronauts enters the battlefield, if a permanent you controlled left the battlefield this turn, you gain 5 life.');
insert into card_color (id_card, id_color) values (4429,2);
insert into card_type (id_card, id_type) values (4429,1);
insert into card(id, name, manaCost, cmc, rarity_id, set_id, imageUrl, c_power, c_toughness, description) values ('4430','Alley Evasion','{W}','10','1','6','//gatherer.wizards.com/Handlers/Image.ashx?multiverseid=423673&type=card','none','none','Choose one —
• Target creature you control gets +1/+2 until end of turn.
• Return target creature you control to its owner§s hand.');
insert into card_color (id_card, id_color) values (4430,2);
insert into card_type (id_card, id_type) values (4430,7);
insert into card(id, name, manaCost, cmc, rarity_id, set_id, imageUrl, c_power, c_toughness, description) values ('4431','Audacious Infiltrator','{1}{W}','10','1','6','//gatherer.wizards.com/Handlers/Image.ashx?multiverseid=423674&type=card','3','1','Audacious Infiltrator can§t be blocked by artifact creatures.');
insert into card_color (id_card, id_color) values (4431,2);
insert into card_type (id_card, id_type) values (4431,1);
insert into card(id, name, manaCost, cmc, rarity_id, set_id, imageUrl, c_power, c_toughness, description) values ('4432','Bastion Enforcer','{2}{W}','10','1','6','//gatherer.wizards.com/Handlers/Image.ashx?multiverseid=423675&type=card','3','2','null');
insert into card_color (id_card, id_color) values (4432,2);
insert into card_type (id_card, id_type) values (4432,1);
insert into card(id, name, manaCost, cmc, rarity_id, set_id, imageUrl, c_power, c_toughness, description) values ('4433','Call for Unity','{3}{W}{W}','10','3','6','//gatherer.wizards.com/Handlers/Image.ashx?multiverseid=423676&type=card','none','none','Revolt — At the beginning of your end step, if a permanent you controlled left the battlefield this turn, put a unity counter on Call for Unity.
Creatures you control get +1/+1 for each unity counter on Call for Unity.');
insert into card_color (id_card, id_color) values (4433,2);
insert into card_type (id_card, id_type) values (4433,4);
insert into card(id, name, manaCost, cmc, rarity_id, set_id, imageUrl, c_power, c_toughness, description) values ('4434','Caught in the Brights','{2}{W}','10','1','6','//gatherer.wizards.com/Handlers/Image.ashx?multiverseid=423677&type=card','none','none','Enchant creature
Enchanted creature can§t attack or block.
When a Vehicle you control attacks, exile enchanted creature.');
insert into card_color (id_card, id_color) values (4434,2);
insert into card_type (id_card, id_type) values (4434,4);
insert into card(id, name, manaCost, cmc, rarity_id, set_id, imageUrl, c_power, c_toughness, description) values ('4435','Consulate Crackdown','{3}{W}{W}','10','3','6','//gatherer.wizards.com/Handlers/Image.ashx?multiverseid=423678&type=card','none','none','When Consulate Crackdown enters the battlefield, exile all artifacts your opponents control until Consulate Crackdown leaves the battlefield.');
insert into card_color (id_card, id_color) values (4435,2);
insert into card_type (id_card, id_type) values (4435,4);
insert into card(id, name, manaCost, cmc, rarity_id, set_id, imageUrl, c_power, c_toughness, description) values ('4436','Conviction','{1}{W}','10','1','6','//gatherer.wizards.com/Handlers/Image.ashx?multiverseid=423679&type=card','none','none','Enchant creature
Enchanted creature gets +1/+3.
{W}: Return Conviction to its owner§s hand.');
insert into card_color (id_card, id_color) values (4436,2);
insert into card_type (id_card, id_type) values (4436,4);
insert into card(id, name, manaCost, cmc, rarity_id, set_id, imageUrl, c_power, c_toughness, description) values ('4437','Countless Gears Renegade','{1}{W}','10','1','6','//gatherer.wizards.com/Handlers/Image.ashx?multiverseid=423680&type=card','2','2','Revolt — When Countless Gears Renegade enters the battlefield, if a permanent you controlled left the battlefield this turn, create a 1/1 colorless Servo artifact creature token.');
insert into card_color (id_card, id_color) values (4437,2);
insert into card_type (id_card, id_type) values (4437,1);
insert into card(id, name, manaCost, cmc, rarity_id, set_id, imageUrl, c_power, c_toughness, description) values ('4438','Dawnfeather Eagle','{4}{W}','10','1','6','//gatherer.wizards.com/Handlers/Image.ashx?multiverseid=423681&type=card','3','3','Flying
When Dawnfeather Eagle enters the battlefield, creatures you control get +1/+1 and gain vigilance until end of turn.');
insert into card_color (id_card, id_color) values (4438,2);
insert into card_type (id_card, id_type) values (4438,1);
insert into card(id, name, manaCost, cmc, rarity_id, set_id, imageUrl, c_power, c_toughness, description) values ('4439','Deadeye Harpooner','{2}{W}','10','2','6','//gatherer.wizards.com/Handlers/Image.ashx?multiverseid=423682&type=card','2','2','Revolt — When Deadeye Harpooner enters the battlefield, if a permanent you controlled left the battlefield this turn, destroy target tapped creature an opponent controls.');
insert into card_color (id_card, id_color) values (4439,2);
insert into card_type (id_card, id_type) values (4439,1);
insert into card(id, name, manaCost, cmc, rarity_id, set_id, imageUrl, c_power, c_toughness, description) values ('4440','Decommission','{2}{W}','10','1','6','//gatherer.wizards.com/Handlers/Image.ashx?multiverseid=423683&type=card','none','none','Destroy target artifact or enchantment.
Revolt — If a permanent you controlled left the battlefield this turn, you gain 3 life.');
insert into card_color (id_card, id_color) values (4440,2);
insert into card_type (id_card, id_type) values (4440,7);
insert into card(id, name, manaCost, cmc, rarity_id, set_id, imageUrl, c_power, c_toughness, description) values ('4441','Deft Dismissal','{3}{W}','10','2','6','//gatherer.wizards.com/Handlers/Image.ashx?multiverseid=423684&type=card','none','none','Deft Dismissal deals 3 damage divided as you choose among one, two, or three target attacking or blocking creatures.');
insert into card_color (id_card, id_color) values (4441,2);
insert into card_type (id_card, id_type) values (4441,7);
insert into card(id, name, manaCost, cmc, rarity_id, set_id, imageUrl, c_power, c_toughness, description) values ('4442','Exquisite Archangel','{5}{W}{W}','10','4','6','//gatherer.wizards.com/Handlers/Image.ashx?multiverseid=423685&type=card','5','5','Flying
If you would lose the game, instead exile Exquisite Archangel and your life total becomes equal to your starting life total.');
insert into card_color (id_card, id_color) values (4442,2);
insert into card_type (id_card, id_type) values (4442,1);
insert into card(id, name, manaCost, cmc, rarity_id, set_id, imageUrl, c_power, c_toughness, description) values ('4443','Felidar Guardian','{3}{W}','10','2','6','//gatherer.wizards.com/Handlers/Image.ashx?multiverseid=423686&type=card','1','4','When Felidar Guardian enters the battlefield, you may exile another target permanent you control, then return that card to the battlefield under its owner§s control.');
insert into card_color (id_card, id_color) values (4443,2);
insert into card_type (id_card, id_type) values (4443,1);
insert into card(id, name, manaCost, cmc, rarity_id, set_id, imageUrl, c_power, c_toughness, description) values ('4444','Ghirapur Osprey','{2}{W}','10','1','6','//gatherer.wizards.com/Handlers/Image.ashx?multiverseid=423687&type=card','2','2','Flying');
insert into card_color (id_card, id_color) values (4444,2);
insert into card_type (id_card, id_type) values (4444,1);
insert into card(id, name, manaCost, cmc, rarity_id, set_id, imageUrl, c_power, c_toughness, description) values ('4445','Restoration Specialist','{1}{W}','10','2','6','//gatherer.wizards.com/Handlers/Image.ashx?multiverseid=423688&type=card','2','1','{W}, Sacrifice Restoration Specialist: Return up to one target artifact card and up to one target enchantment card from your graveyard to your hand.');
insert into card_color (id_card, id_color) values (4445,2);
insert into card_type (id_card, id_type) values (4445,1);
insert into card(id, name, manaCost, cmc, rarity_id, set_id, imageUrl, c_power, c_toughness, description) values ('4446','Solemn Recruit','{1}{W}{W}','10','3','6','//gatherer.wizards.com/Handlers/Image.ashx?multiverseid=423689&type=card','2','2','Double strike
Revolt — At the beginning of your end step, if a permanent you controlled left the battlefield this turn, put a +1/+1 counter on Solemn Recruit.');
insert into card_color (id_card, id_color) values (4446,2);
insert into card_type (id_card, id_type) values (4446,1);
insert into card(id, name, manaCost, cmc, rarity_id, set_id, imageUrl, c_power, c_toughness, description) values ('4447','Sram, Senior Edificer','{1}{W}','10','3','6','//gatherer.wizards.com/Handlers/Image.ashx?multiverseid=423690&type=card','2','2','Whenever you cast an Aura, Equipment, or Vehicle spell, draw a card.');
insert into card_color (id_card, id_color) values (4447,2);
insert into card_type (id_card, id_type) values (4447,1);
insert into card_supertype (id_card, id_supertype) values (4447,3);
insert into card(id, name, manaCost, cmc, rarity_id, set_id, imageUrl, c_power, c_toughness, description) values ('4448','Sram§s Expertise','{2}{W}{W}','10','3','6','//gatherer.wizards.com/Handlers/Image.ashx?multiverseid=423691&type=card','none','none','Create three 1/1 colorless Servo artifact creature tokens.
You may cast a card with converted mana cost 3 or less from your hand without paying its mana cost.');
insert into card_color (id_card, id_color) values (4448,2);
insert into card_type (id_card, id_type) values (4448,6);
insert into card(id, name, manaCost, cmc, rarity_id, set_id, imageUrl, c_power, c_toughness, description) values ('4449','Thopter Arrest','{2}{W}','10','2','6','//gatherer.wizards.com/Handlers/Image.ashx?multiverseid=423692&type=card','none','none','When Thopter Arrest enters the battlefield, exile target artifact or creature an opponent controls until Thopter Arrest leaves the battlefield.');
insert into card_color (id_card, id_color) values (4449,2);
insert into card_type (id_card, id_type) values (4449,4);
insert into card(id, name, manaCost, cmc, rarity_id, set_id, imageUrl, c_power, c_toughness, description) values ('4450','Aether Swooper','{1}{U}','10','1','6','//gatherer.wizards.com/Handlers/Image.ashx?multiverseid=423693&type=card','1','2','Flying
When Aether Swooper enters the battlefield, you get {E}{E} (two energy counters).
Whenever Aether Swooper attacks, you may pay {E}{E}. If you do, create a 1/1 colorless Servo artifact creature token.');
insert into card_color (id_card, id_color) values (4450,6);
insert into card_type (id_card, id_type) values (4450,1);
insert into card(id, name, manaCost, cmc, rarity_id, set_id, imageUrl, c_power, c_toughness, description) values ('4451','Aethertide Whale','{4}{U}{U}','10','3','6','//gatherer.wizards.com/Handlers/Image.ashx?multiverseid=423694&type=card','6','4','Flying
When Aethertide Whale enters the battlefield, you get {E}{E}{E}{E}{E}{E} (six energy counters).
Pay {E}{E}{E}{E}: Return Aethertide Whale to its owner§s hand.');
insert into card_color (id_card, id_color) values (4451,6);
insert into card_type (id_card, id_type) values (4451,1);
insert into card(id, name, manaCost, cmc, rarity_id, set_id, imageUrl, c_power, c_toughness, description) values ('4452','Baral, Chief of Compliance','{1}{U}','10','3','6','//gatherer.wizards.com/Handlers/Image.ashx?multiverseid=423695&type=card','1','3','Instant and sorcery spells you cast cost {1} less to cast.
Whenever a spell or ability you control counters a spell, you may draw a card. If you do, discard a card.');
insert into card_color (id_card, id_color) values (4452,6);
insert into card_type (id_card, id_type) values (4452,1);
insert into card_supertype (id_card, id_supertype) values (4452,3);
insert into card(id, name, manaCost, cmc, rarity_id, set_id, imageUrl, c_power, c_toughness, description) values ('4453','Baral§s Expertise','{3}{U}{U}','10','3','6','//gatherer.wizards.com/Handlers/Image.ashx?multiverseid=423696&type=card','none','none','Return up to three target artifacts and/or creatures to their owners§ hands.
You may cast a card with converted mana cost 4 or less from your hand without paying its mana cost.');
insert into card_color (id_card, id_color) values (4453,6);
insert into card_type (id_card, id_type) values (4453,6);
insert into card(id, name, manaCost, cmc, rarity_id, set_id, imageUrl, c_power, c_toughness, description) values ('4454','Bastion Inventor','{5}{U}','10','1','6','//gatherer.wizards.com/Handlers/Image.ashx?multiverseid=423697&type=card','4','4','Improvise (Your artifacts can help cast this spell. Each artifact you tap after you§re done activating mana abilities pays for {1}.)
Hexproof (This creature can§t be the target of spells or abilities your opponents control.)');
insert into card_color (id_card, id_color) values (4454,6);
insert into card_type (id_card, id_type) values (4454,1);
insert into card(id, name, manaCost, cmc, rarity_id, set_id, imageUrl, c_power, c_toughness, description) values ('4455','Disallow','{1}{U}{U}','10','3','6','//gatherer.wizards.com/Handlers/Image.ashx?multiverseid=423698&type=card','none','none','Counter target spell, activated ability, or triggered ability. (Mana abilities can§t be targeted.)');
insert into card_color (id_card, id_color) values (4455,6);
insert into card_type (id_card, id_type) values (4455,7);
insert into card(id, name, manaCost, cmc, rarity_id, set_id, imageUrl, c_power, c_toughness, description) values ('4456','Dispersal Technician','{4}{U}','10','1','6','//gatherer.wizards.com/Handlers/Image.ashx?multiverseid=423699&type=card','3','2','When Dispersal Technician enters the battlefield, you may return target artifact to its owner§s hand.');
insert into card_color (id_card, id_color) values (4456,6);
insert into card_type (id_card, id_type) values (4456,1);
insert into card(id, name, manaCost, cmc, rarity_id, set_id, imageUrl, c_power, c_toughness, description) values ('4457','Efficient Construction','{3}{U}','10','2','6','//gatherer.wizards.com/Handlers/Image.ashx?multiverseid=423700&type=card','none','none','Whenever you cast an artifact spell, create a 1/1 colorless Thopter artifact creature token with flying.');
insert into card_color (id_card, id_color) values (4457,6);
insert into card_type (id_card, id_type) values (4457,4);
insert into card(id, name, manaCost, cmc, rarity_id, set_id, imageUrl, c_power, c_toughness, description) values ('4458','Hinterland Drake','{2}{U}','10','1','6','//gatherer.wizards.com/Handlers/Image.ashx?multiverseid=423701&type=card','2','3','Flying
Hinterland Drake can§t block artifact creatures.');
insert into card_color (id_card, id_color) values (4458,6);
insert into card_type (id_card, id_type) values (4458,1);
insert into card(id, name, manaCost, cmc, rarity_id, set_id, imageUrl, c_power, c_toughness, description) values ('4459','Ice Over','{1}{U}','10','1','6','//gatherer.wizards.com/Handlers/Image.ashx?multiverseid=423702&type=card','none','none','Enchant artifact or creature
Enchanted permanent doesn§t untap during its controller§s untap step.');
insert into card_color (id_card, id_color) values (4459,6);
insert into card_type (id_card, id_type) values (4459,4);
insert into card(id, name, manaCost, cmc, rarity_id, set_id, imageUrl, c_power, c_toughness, description) values ('4460','Illusionist§s Stratagem','{3}{U}','10','2','6','//gatherer.wizards.com/Handlers/Image.ashx?multiverseid=423703&type=card','none','none','Exile up to two target creatures you control, then return those cards to the battlefield under their owner§s control.
Draw a card.');
insert into card_color (id_card, id_color) values (4460,6);
insert into card_type (id_card, id_type) values (4460,7);
insert into card(id, name, manaCost, cmc, rarity_id, set_id, imageUrl, c_power, c_toughness, description) values ('4461','Leave in the Dust','{3}{U}','10','1','6','//gatherer.wizards.com/Handlers/Image.ashx?multiverseid=423704&type=card','none','none','Return target nonland permanent to its owner§s hand.
Draw a card.');
insert into card_color (id_card, id_color) values (4461,6);
insert into card_type (id_card, id_type) values (4461,7);
insert into card(id, name, manaCost, cmc, rarity_id, set_id, imageUrl, c_power, c_toughness, description) values ('4462','Mechanized Production','{2}{U}{U}','10','4','6','//gatherer.wizards.com/Handlers/Image.ashx?multiverseid=423705&type=card','none','none','Enchant artifact you control
At the beginning of your upkeep, create a token that§s a copy of enchanted artifact. Then if you control eight or more artifacts with the same name as one another, you win the game.');
insert into card_color (id_card, id_color) values (4462,6);
insert into card_type (id_card, id_type) values (4462,4);
insert into card(id, name, manaCost, cmc, rarity_id, set_id, imageUrl, c_power, c_toughness, description) values ('4463','Metallic Rebuke','{2}{U}','10','1','6','//gatherer.wizards.com/Handlers/Image.ashx?multiverseid=423706&type=card','none','none','Improvise (Your artifacts can help cast this spell. Each artifact you tap after you§re done activating mana abilities pays for {1}.)
Counter target spell unless its controller pays {3}.');
insert into card_color (id_card, id_color) values (4463,6);
insert into card_type (id_card, id_type) values (4463,7);
insert into card(id, name, manaCost, cmc, rarity_id, set_id, imageUrl, c_power, c_toughness, description) values ('4464','Negate','{1}{U}','10','1','6','//gatherer.wizards.com/Handlers/Image.ashx?multiverseid=423707&type=card','none','none','Counter target noncreature spell.');
insert into card_color (id_card, id_color) values (4464,6);
insert into card_type (id_card, id_type) values (4464,7);
insert into card(id, name, manaCost, cmc, rarity_id, set_id, imageUrl, c_power, c_toughness, description) values ('4465','Quicksmith Spy','{3}{U}','10','3','6','//gatherer.wizards.com/Handlers/Image.ashx?multiverseid=423708&type=card','2','3','When Quicksmith Spy enters the battlefield, target artifact you control gains "{T}: Draw a card" for as long as you control Quicksmith Spy.');
insert into card_color (id_card, id_color) values (4465,6);
insert into card_type (id_card, id_type) values (4465,1);
insert into card(id, name, manaCost, cmc, rarity_id, set_id, imageUrl, c_power, c_toughness, description) values ('4466','Reverse Engineer','{3}{U}{U}','10','2','6','//gatherer.wizards.com/Handlers/Image.ashx?multiverseid=423709&type=card','none','none','Improvise (Your artifacts can help cast this spell. Each artifact you tap after you§re done activating mana abilities pays for {1}.)
Draw three cards.');
insert into card_color (id_card, id_color) values (4466,6);
insert into card_type (id_card, id_type) values (4466,6);
insert into card(id, name, manaCost, cmc, rarity_id, set_id, imageUrl, c_power, c_toughness, description) values ('4467','Salvage Scuttler','{4}{U}','10','2','6','//gatherer.wizards.com/Handlers/Image.ashx?multiverseid=423710&type=card','4','4','Whenever Salvage Scuttler attacks, return an artifact you control to its owner§s hand.');
insert into card_color (id_card, id_color) values (4467,6);
insert into card_type (id_card, id_type) values (4467,1);
insert into card(id, name, manaCost, cmc, rarity_id, set_id, imageUrl, c_power, c_toughness, description) values ('4468','Shielded Aether Thief','{1}{U}','10','2','6','//gatherer.wizards.com/Handlers/Image.ashx?multiverseid=423711&type=card','0','4','Flash (You may cast this spell any time you could cast an instant.)
Whenever Shielded Aether Thief blocks, you get {E} (an energy counter).
{T}, Pay {E}{E}{E}: Draw a card.');
insert into card_color (id_card, id_color) values (4468,6);
insert into card_type (id_card, id_type) values (4468,1);
insert into card(id, name, manaCost, cmc, rarity_id, set_id, imageUrl, c_power, c_toughness, description) values ('4469','Shipwreck Moray','{3}{U}','10','1','6','//gatherer.wizards.com/Handlers/Image.ashx?multiverseid=423712&type=card','0','5','When Shipwreck Moray enters the battlefield, you get {E}{E}{E}{E} (four energy counters).
Pay {E}: Shipwreck Moray gets +2/-2 until end of turn.');
insert into card_color (id_card, id_color) values (4469,6);
insert into card_type (id_card, id_type) values (4469,1);
insert into card(id, name, manaCost, cmc, rarity_id, set_id, imageUrl, c_power, c_toughness, description) values ('4470','Skyship Plunderer','{1}{U}','10','2','6','//gatherer.wizards.com/Handlers/Image.ashx?multiverseid=423713&type=card','2','1','Flying
Whenever Skyship Plunderer deals combat damage to a player, for each kind of counter on target permanent or player, give that permanent or player another counter of that kind.');
insert into card_color (id_card, id_color) values (4470,6);
insert into card_type (id_card, id_type) values (4470,1);
insert into card(id, name, manaCost, cmc, rarity_id, set_id, imageUrl, c_power, c_toughness, description) values ('4471','Take into Custody','{U}','10','1','6','//gatherer.wizards.com/Handlers/Image.ashx?multiverseid=423714&type=card','none','none','Tap target creature. It doesn§t untap during its controller§s next untap step.');
insert into card_color (id_card, id_color) values (4471,6);
insert into card_type (id_card, id_type) values (4471,7);
insert into card(id, name, manaCost, cmc, rarity_id, set_id, imageUrl, c_power, c_toughness, description) values ('4472','Trophy Mage','{2}{U}','10','2','6','//gatherer.wizards.com/Handlers/Image.ashx?multiverseid=423715&type=card','2','2','When Trophy Mage enters the battlefield, you may search your library for an artifact card with converted mana cost 3, reveal it, put it into your hand, then shuffle your library.');
insert into card_color (id_card, id_color) values (4472,6);
insert into card_type (id_card, id_type) values (4472,1);
insert into card(id, name, manaCost, cmc, rarity_id, set_id, imageUrl, c_power, c_toughness, description) values ('4473','Whir of Invention','{X}{U}{U}{U}','10','3','6','//gatherer.wizards.com/Handlers/Image.ashx?multiverseid=423716&type=card','none','none','Improvise (Your artifacts can help cast this spell. Each artifact you tap after you§re done activating mana abilities pays for {1}.)
Search your library for an artifact card with converted mana cost X or less, put it onto the battlefield, then shuffle your library.');
insert into card_color (id_card, id_color) values (4473,6);
insert into card_type (id_card, id_type) values (4473,7);
insert into card(id, name, manaCost, cmc, rarity_id, set_id, imageUrl, c_power, c_toughness, description) values ('4474','Wind-Kin Raiders','{4}{U}{U}','10','2','6','//gatherer.wizards.com/Handlers/Image.ashx?multiverseid=423717&type=card','4','3','Improvise (Your artifacts can help cast this spell. Each artifact you tap after you§re done activating mana abilities pays for {1}.)
Flying');
insert into card_color (id_card, id_color) values (4474,6);
insert into card_type (id_card, id_type) values (4474,1);
insert into card(id, name, manaCost, cmc, rarity_id, set_id, imageUrl, c_power, c_toughness, description) values ('4475','Aether Poisoner','{1}{B}','10','1','6','//gatherer.wizards.com/Handlers/Image.ashx?multiverseid=423718&type=card','1','1','Deathtouch (Any amount of damage this deals to a creature is enough to destroy it.)
When Aether Poisoner enters the battlefield, you get {E}{E} (two energy counters).
Whenever Aether Poisoner attacks, you may pay {E}{E}. If you do, create a 1/1 colorless Servo artifact creature token.');
insert into card_color (id_card, id_color) values (4475,3);
insert into card_type (id_card, id_type) values (4475,1);
insert into card(id, name, manaCost, cmc, rarity_id, set_id, imageUrl, c_power, c_toughness, description) values ('4476','Alley Strangler','{2}{B}','10','1','6','//gatherer.wizards.com/Handlers/Image.ashx?multiverseid=423719&type=card','2','3','Menace');
insert into card_color (id_card, id_color) values (4476,3);
insert into card_type (id_card, id_type) values (4476,1);
insert into card(id, name, manaCost, cmc, rarity_id, set_id, imageUrl, c_power, c_toughness, description) values ('4477','Battle at the Bridge','{X}{B}','10','3','6','//gatherer.wizards.com/Handlers/Image.ashx?multiverseid=423720&type=card','none','none','Improvise (Your artifacts can help cast this spell. Each artifact you tap after you§re done activating mana abilities pays for {1}.)
Target creature gets -X/-X until end of turn. You gain X life.');
insert into card_color (id_card, id_color) values (4477,3);
insert into card_type (id_card, id_type) values (4477,6);
insert into card(id, name, manaCost, cmc, rarity_id, set_id, imageUrl, c_power, c_toughness, description) values ('4478','Cruel Finality','{2}{B}','10','1','6','//gatherer.wizards.com/Handlers/Image.ashx?multiverseid=423721&type=card','none','none','Target creature gets -2/-2 until end of turn. Scry 1. (Look at the top card of your library. You may put that card on the bottom of your library.)');
insert into card_color (id_card, id_color) values (4478,3);
insert into card_type (id_card, id_type) values (4478,7);
insert into card(id, name, manaCost, cmc, rarity_id, set_id, imageUrl, c_power, c_toughness, description) values ('4479','Daring Demolition','{2}{B}{B}','10','1','6','//gatherer.wizards.com/Handlers/Image.ashx?multiverseid=423722&type=card','none','none','Destroy target creature or Vehicle.');
insert into card_color (id_card, id_color) values (4479,3);
insert into card_type (id_card, id_type) values (4479,6);
insert into card(id, name, manaCost, cmc, rarity_id, set_id, imageUrl, c_power, c_toughness, description) values ('4480','Defiant Salvager','{2}{B}','10','1','6','//gatherer.wizards.com/Handlers/Image.ashx?multiverseid=423723&type=card','2','2','Sacrifice an artifact or creature: Put a +1/+1 counter on Defiant Salvager. Activate this ability only any time you could cast a sorcery.');
insert into card_color (id_card, id_color) values (4480,3);
insert into card_type (id_card, id_type) values (4480,1);
insert into card(id, name, manaCost, cmc, rarity_id, set_id, imageUrl, c_power, c_toughness, description) values ('4481','Fatal Push','{B}','10','2','6','//gatherer.wizards.com/Handlers/Image.ashx?multiverseid=423724&type=card','none','none','Destroy target creature if it has converted mana cost 2 or less.
Revolt — Destroy that creature if it has converted mana cost 4 or less instead if a permanent you controlled left the battlefield this turn.');
insert into card_color (id_card, id_color) values (4481,3);
insert into card_type (id_card, id_type) values (4481,7);
insert into card(id, name, manaCost, cmc, rarity_id, set_id, imageUrl, c_power, c_toughness, description) values ('4482','Fen Hauler','{6}{B}','10','1','6','//gatherer.wizards.com/Handlers/Image.ashx?multiverseid=423725&type=card','5','5','Improvise (Your artifacts can help cast this spell. Each artifact you tap after you§re done activating mana abilities pays for {1}.)
Fen Hauler can§t be blocked by artifact creatures.');
insert into card_color (id_card, id_color) values (4482,3);
insert into card_type (id_card, id_type) values (4482,1);
insert into card(id, name, manaCost, cmc, rarity_id, set_id, imageUrl, c_power, c_toughness, description) values ('4483','Foundry Hornet','{3}{B}','10','2','6','//gatherer.wizards.com/Handlers/Image.ashx?multiverseid=423726&type=card','2','3','Flying
When Foundry Hornet enters the battlefield, if you control a creature with a +1/+1 counter on it, creatures your opponents control get -1/-1 until end of turn.');
insert into card_color (id_card, id_color) values (4483,3);
insert into card_type (id_card, id_type) values (4483,1);
insert into card(id, name, manaCost, cmc, rarity_id, set_id, imageUrl, c_power, c_toughness, description) values ('4484','Fourth Bridge Prowler','{B}','10','1','6','//gatherer.wizards.com/Handlers/Image.ashx?multiverseid=423727&type=card','1','1','When Fourth Bridge Prowler enters the battlefield, you may have target creature get -1/-1 until end of turn.');
insert into card_color (id_card, id_color) values (4484,3);
insert into card_type (id_card, id_type) values (4484,1);
insert into card(id, name, manaCost, cmc, rarity_id, set_id, imageUrl, c_power, c_toughness, description) values ('4485','Gifted Aetherborn','{B}{B}','10','2','6','//gatherer.wizards.com/Handlers/Image.ashx?multiverseid=423728&type=card','2','3','Deathtouch, lifelink');
insert into card_color (id_card, id_color) values (4485,3);
insert into card_type (id_card, id_type) values (4485,1);
insert into card(id, name, manaCost, cmc, rarity_id, set_id, imageUrl, c_power, c_toughness, description) values ('4486','Glint-Sleeve Siphoner','{1}{B}','10','3','6','//gatherer.wizards.com/Handlers/Image.ashx?multiverseid=423729&type=card','2','1','Menace
Whenever Glint-Sleeve Siphoner enters the battlefield or attacks, you get {E} (an energy counter).
At the beginning of your upkeep, you may pay {E}{E}. If you do, you draw a card and you lose 1 life.');
insert into card_color (id_card, id_color) values (4486,3);
insert into card_type (id_card, id_type) values (4486,1);
insert into card(id, name, manaCost, cmc, rarity_id, set_id, imageUrl, c_power, c_toughness, description) values ('4487','Gonti§s Machinations','{B}','10','2','6','//gatherer.wizards.com/Handlers/Image.ashx?multiverseid=423730&type=card','none','none','Whenever you lose life for the first time each turn, you get {E}. (You get an energy counter. Damage causes loss of life.)
Pay {E}{E}, Sacrifice Gonti§s Machinations: Each opponent loses 3 life. You gain life equal to the life lost this way.');
insert into card_color (id_card, id_color) values (4487,3);
insert into card_type (id_card, id_type) values (4487,4);
insert into card(id, name, manaCost, cmc, rarity_id, set_id, imageUrl, c_power, c_toughness, description) values ('4488','Herald of Anguish','{5}{B}{B}','10','4','6','//gatherer.wizards.com/Handlers/Image.ashx?multiverseid=423731&type=card','5','5','Improvise (Your artifacts can help cast this spell. Each artifact you tap after you§re done activating mana abilities pays for {1}.)
Flying
At the beginning of your end step, each opponent discards a card.
{1}{B}, Sacrifice an artifact: Target creature gets -2/-2 until end of turn.');
insert into card_color (id_card, id_color) values (4488,3);
insert into card_type (id_card, id_type) values (4488,1);
insert into card(id, name, manaCost, cmc, rarity_id, set_id, imageUrl, c_power, c_toughness, description) values ('4489','Ironclad Revolutionary','{4}{B}{B}','10','2','6','//gatherer.wizards.com/Handlers/Image.ashx?multiverseid=423732&type=card','4','4','When Ironclad Revolutionary enters the battlefield, you may sacrifice an artifact. If you do, put two +1/+1 counters on Ironclad Revolutionary and each opponent loses 2 life.');
insert into card_color (id_card, id_color) values (4489,3);
insert into card_type (id_card, id_type) values (4489,1);
insert into card(id, name, manaCost, cmc, rarity_id, set_id, imageUrl, c_power, c_toughness, description) values ('4490','Midnight Entourage','{2}{B}{B}','10','3','6','//gatherer.wizards.com/Handlers/Image.ashx?multiverseid=423733&type=card','3','3','Other Aetherborn you control get +1/+1.
Whenever Midnight Entourage or another Aetherborn you control dies, you draw a card and you lose 1 life.');
insert into card_color (id_card, id_color) values (4490,3);
insert into card_type (id_card, id_type) values (4490,1);
insert into card(id, name, manaCost, cmc, rarity_id, set_id, imageUrl, c_power, c_toughness, description) values ('4491','Night Market Aeronaut','{3}{B}','10','1','6','//gatherer.wizards.com/Handlers/Image.ashx?multiverseid=423734&type=card','2','2','Flying
Revolt — Night Market Aeronaut enters the battlefield with a +1/+1 counter on it if a permanent you controlled left the battlefield this turn.');
insert into card_color (id_card, id_color) values (4491,3);
insert into card_type (id_card, id_type) values (4491,1);
insert into card(id, name, manaCost, cmc, rarity_id, set_id, imageUrl, c_power, c_toughness, description) values ('4492','Perilous Predicament','{4}{B}','10','2','6','//gatherer.wizards.com/Handlers/Image.ashx?multiverseid=423735&type=card','none','none','Each opponent sacrifices an artifact creature and a nonartifact creature.');
insert into card_color (id_card, id_color) values (4492,3);
insert into card_type (id_card, id_type) values (4492,7);
insert into card(id, name, manaCost, cmc, rarity_id, set_id, imageUrl, c_power, c_toughness, description) values ('4493','Renegade§s Getaway','{2}{B}','10','1','6','//gatherer.wizards.com/Handlers/Image.ashx?multiverseid=423736&type=card','none','none','Target permanent gains indestructible until end of turn. Create a 1/1 colorless Servo artifact creature token. (Effects that say "destroy" don§t destroy a permanent with indestructible, and if it§s a creature, it can§t be destroyed by damage.)');
insert into card_color (id_card, id_color) values (4493,3);
insert into card_type (id_card, id_type) values (4493,7);
insert into card(id, name, manaCost, cmc, rarity_id, set_id, imageUrl, c_power, c_toughness, description) values ('4494','Resourceful Return','{1}{B}','10','1','6','//gatherer.wizards.com/Handlers/Image.ashx?multiverseid=423737&type=card','none','none','Return target creature card from your graveyard to your hand. If you control an artifact, draw a card.');
insert into card_color (id_card, id_color) values (4494,3);
insert into card_type (id_card, id_type) values (4494,6);
insert into card(id, name, manaCost, cmc, rarity_id, set_id, imageUrl, c_power, c_toughness, description) values ('4495','Secret Salvage','{3}{B}{B}','10','3','6','//gatherer.wizards.com/Handlers/Image.ashx?multiverseid=423738&type=card','none','none','Exile target nonland card from your graveyard. Search your library for any number of cards with the same name as that card, reveal them, and put them into your hand. Then shuffle your library.');
insert into card_color (id_card, id_color) values (4495,3);
insert into card_type (id_card, id_type) values (4495,6);
insert into card(id, name, manaCost, cmc, rarity_id, set_id, imageUrl, c_power, c_toughness, description) values ('4496','Sly Requisitioner','{4}{B}','10','2','6','//gatherer.wizards.com/Handlers/Image.ashx?multiverseid=423739&type=card','2','2','Improvise (Your artifacts can help cast this spell. Each artifact you tap after you§re done activating mana abilities pays for {1}.)
Whenever a nontoken artifact you control is put into a graveyard from the battlefield, create a 1/1 colorless Servo artifact creature token.');
insert into card_color (id_card, id_color) values (4496,3);
insert into card_type (id_card, id_type) values (4496,1);
insert into card(id, name, manaCost, cmc, rarity_id, set_id, imageUrl, c_power, c_toughness, description) values ('4497','Vengeful Rebel','{2}{B}','10','2','6','//gatherer.wizards.com/Handlers/Image.ashx?multiverseid=423740&type=card','3','2','Revolt — When Vengeful Rebel enters the battlefield, if a permanent you controlled left the battlefield this turn, target creature an opponent controls gets -3/-3 until end of turn.');
insert into card_color (id_card, id_color) values (4497,3);
insert into card_type (id_card, id_type) values (4497,1);
insert into card(id, name, manaCost, cmc, rarity_id, set_id, imageUrl, c_power, c_toughness, description) values ('4498','Yahenni, Undying Partisan','{2}{B}','10','3','6','//gatherer.wizards.com/Handlers/Image.ashx?multiverseid=423741&type=card','2','2','Haste
Whenever a creature an opponent controls dies, put a +1/+1 counter on Yahenni, Undying Partisan.
Sacrifice another creature: Yahenni gains indestructible until end of turn.');
insert into card_color (id_card, id_color) values (4498,3);
insert into card_type (id_card, id_type) values (4498,1);
insert into card_supertype (id_card, id_supertype) values (4498,3);
insert into card(id, name, manaCost, cmc, rarity_id, set_id, imageUrl, c_power, c_toughness, description) values ('4499','Yahenni§s Expertise','{2}{B}{B}','10','3','6','//gatherer.wizards.com/Handlers/Image.ashx?multiverseid=423742&type=card','none','none','All creatures get -3/-3 until end of turn.
You may cast a card with converted mana cost 3 or less from your hand without paying its mana cost.');
insert into card_color (id_card, id_color) values (4499,3);
insert into card_type (id_card, id_type) values (4499,6);
insert into card(id, name, manaCost, cmc, rarity_id, set_id, imageUrl, c_power, c_toughness, description) values ('4500','Aether Chaser','{1}{R}','10','1','6','//gatherer.wizards.com/Handlers/Image.ashx?multiverseid=423743&type=card','2','1','First strike
When Aether Chaser enters the battlefield, you get {E}{E} (two energy counters).
Whenever Aether Chaser attacks, you may pay {E}{E}. If you do, create a 1/1 colorless Servo artifact creature token.');
insert into card_color (id_card, id_color) values (4500,4);
insert into card_type (id_card, id_type) values (4500,1);
insert into card(id, name, manaCost, cmc, rarity_id, set_id, imageUrl, c_power, c_toughness, description) values ('4501','Chandra§s Revolution','{3}{R}','10','1','6','//gatherer.wizards.com/Handlers/Image.ashx?multiverseid=423744&type=card','none','none','Chandra§s Revolution deals 4 damage to target creature. Tap target land. That land doesn§t untap during its controller§s next untap step.');
insert into card_color (id_card, id_color) values (4501,4);
insert into card_type (id_card, id_type) values (4501,6);
insert into card(id, name, manaCost, cmc, rarity_id, set_id, imageUrl, c_power, c_toughness, description) values ('4502','Destructive Tampering','{2}{R}','10','1','6','//gatherer.wizards.com/Handlers/Image.ashx?multiverseid=423745&type=card','none','none','Choose one —
• Destroy target artifact.
• Creatures without flying can§t block this turn.');
insert into card_color (id_card, id_color) values (4502,4);
insert into card_type (id_card, id_type) values (4502,6);
insert into card(id, name, manaCost, cmc, rarity_id, set_id, imageUrl, c_power, c_toughness, description) values ('4503','Embraal Gear-Smasher','{2}{R}','10','1','6','//gatherer.wizards.com/Handlers/Image.ashx?multiverseid=423746&type=card','2','3','{T}, Sacrifice an artifact: Embraal Gear-Smasher deals 2 damage to each opponent.');
insert into card_color (id_card, id_color) values (4503,4);
insert into card_type (id_card, id_type) values (4503,1);
insert into card(id, name, manaCost, cmc, rarity_id, set_id, imageUrl, c_power, c_toughness, description) values ('4504','Enraged Giant','{5}{R}','10','2','6','//gatherer.wizards.com/Handlers/Image.ashx?multiverseid=423747&type=card','4','4','Improvise (Your artifacts can help cast this spell. Each artifact you tap after you§re done activating mana abilities pays for {1}.)
Trample, haste');
insert into card_color (id_card, id_color) values (4504,4);
insert into card_type (id_card, id_type) values (4504,1);
insert into card(id, name, manaCost, cmc, rarity_id, set_id, imageUrl, c_power, c_toughness, description) values ('4505','Freejam Regent','{4}{R}{R}','10','3','6','//gatherer.wizards.com/Handlers/Image.ashx?multiverseid=423748&type=card','4','4','Improvise (Your artifacts can help cast this spell. Each artifact you tap after you§re done activating mana abilities pays for {1}.)
Flying
{1}{R}: Freejam Regent gets +2/+0 until end of turn.');
insert into card_color (id_card, id_color) values (4505,4);
insert into card_type (id_card, id_type) values (4505,1);
insert into card(id, name, manaCost, cmc, rarity_id, set_id, imageUrl, c_power, c_toughness, description) values ('4506','Frontline Rebel','{2}{R}','10','1','6','//gatherer.wizards.com/Handlers/Image.ashx?multiverseid=423749&type=card','3','3','Frontline Rebel attacks each combat if able.');
insert into card_color (id_card, id_color) values (4506,4);
insert into card_type (id_card, id_type) values (4506,1);
insert into card(id, name, manaCost, cmc, rarity_id, set_id, imageUrl, c_power, c_toughness, description) values ('4507','Gremlin Infestation','{3}{R}','10','2','6','//gatherer.wizards.com/Handlers/Image.ashx?multiverseid=423750&type=card','none','none','Enchant artifact
At the beginning of your end step, Gremlin Infestation deals 2 damage to enchanted artifact§s controller.
When enchanted artifact is put into a graveyard, create a 2/2 red Gremlin creature token.');
insert into card_color (id_card, id_color) values (4507,4);
insert into card_type (id_card, id_type) values (4507,4);
insert into card(id, name, manaCost, cmc, rarity_id, set_id, imageUrl, c_power, c_toughness, description) values ('4508','Hungry Flames','{2}{R}','10','2','6','//gatherer.wizards.com/Handlers/Image.ashx?multiverseid=423751&type=card','none','none','Hungry Flames deals 3 damage to target creature and 2 damage to target player.');
insert into card_color (id_card, id_color) values (4508,4);
insert into card_type (id_card, id_type) values (4508,7);
insert into card(id, name, manaCost, cmc, rarity_id, set_id, imageUrl, c_power, c_toughness, description) values ('4509','Indomitable Creativity','{X}{R}{R}{R}','10','4','6','//gatherer.wizards.com/Handlers/Image.ashx?multiverseid=423752&type=card','none','none','Destroy X target artifacts and/or creatures. For each permanent destroyed this way, its controller reveals cards from the top of his or her library until an artifact or creature card is revealed and exiles that card. Those players put the exiled cards onto the battlefield, then shuffle their libraries.');
insert into card_color (id_card, id_color) values (4509,4);
insert into card_type (id_card, id_type) values (4509,6);
insert into card(id, name, manaCost, cmc, rarity_id, set_id, imageUrl, c_power, c_toughness, description) values ('4510','Invigorated Rampage','{1}{R}','10','2','6','//gatherer.wizards.com/Handlers/Image.ashx?multiverseid=423753&type=card','none','none','Choose one —
• Target creature gets +4/+0 and gains trample until end of turn.
• Two target creatures each get +2/+0 and gain trample until end of turn.');
insert into card_color (id_card, id_color) values (4510,4);
insert into card_type (id_card, id_type) values (4510,7);
insert into card(id, name, manaCost, cmc, rarity_id, set_id, imageUrl, c_power, c_toughness, description) values ('4511','Kari Zev, Skyship Raider','{1}{R}','10','3','6','//gatherer.wizards.com/Handlers/Image.ashx?multiverseid=423754&type=card','1','3','First strike, menace
Whenever Kari Zev, Skyship Raider attacks, create a legendary 2/1 red Monkey creature token named Ragavan that§s tapped and attacking. Exile that token at end of combat.');
insert into card_color (id_card, id_color) values (4511,4);
insert into card_type (id_card, id_type) values (4511,1);
insert into card_supertype (id_card, id_supertype) values (4511,3);
insert into card(id, name, manaCost, cmc, rarity_id, set_id, imageUrl, c_power, c_toughness, description) values ('4512','Kari Zev§s Expertise','{1}{R}{R}','10','3','6','//gatherer.wizards.com/Handlers/Image.ashx?multiverseid=423755&type=card','none','none','Gain control of target creature or Vehicle until end of turn. Untap it. It gains haste until end of turn.
You may cast a card with converted mana cost 2 or less from your hand without paying its mana cost.');
insert into card_color (id_card, id_color) values (4512,4);
insert into card_type (id_card, id_type) values (4512,6);
insert into card(id, name, manaCost, cmc, rarity_id, set_id, imageUrl, c_power, c_toughness, description) values ('4513','Lathnu Sailback','{4}{R}','10','1','6','//gatherer.wizards.com/Handlers/Image.ashx?multiverseid=423756&type=card','5','4','null');
insert into card_color (id_card, id_color) values (4513,4);
insert into card_type (id_card, id_type) values (4513,1);
insert into card(id, name, manaCost, cmc, rarity_id, set_id, imageUrl, c_power, c_toughness, description) values ('4514','Lightning Runner','{3}{R}{R}','10','4','6','//gatherer.wizards.com/Handlers/Image.ashx?multiverseid=423757&type=card','2','2','Double strike, haste
Whenever Lightning Runner attacks, you get {E}{E} (two energy counters), then you may pay {E}{E}{E}{E}{E}{E}{E}{E}. If you pay, untap all creatures you control, and after this phase, there is an additional combat phase.');
insert into card_color (id_card, id_color) values (4514,4);
insert into card_type (id_card, id_type) values (4514,1);
insert into card(id, name, manaCost, cmc, rarity_id, set_id, imageUrl, c_power, c_toughness, description) values ('4515','Pia§s Revolution','{2}{R}','10','3','6','//gatherer.wizards.com/Handlers/Image.ashx?multiverseid=423758&type=card','none','none','Whenever a nontoken artifact is put into your graveyard from the battlefield, return that card to your hand unless target opponent has Pia§s Revolution deal 3 damage to him or her.');
insert into card_color (id_card, id_color) values (4515,4);
insert into card_type (id_card, id_type) values (4515,4);
insert into card(id, name, manaCost, cmc, rarity_id, set_id, imageUrl, c_power, c_toughness, description) values ('4516','Precise Strike','{R}','10','1','6','//gatherer.wizards.com/Handlers/Image.ashx?multiverseid=423759&type=card','none','none','Target creature gets +1/+0 and gains first strike until end of turn.');
insert into card_color (id_card, id_color) values (4516,4);
insert into card_type (id_card, id_type) values (4516,7);
insert into card(id, name, manaCost, cmc, rarity_id, set_id, imageUrl, c_power, c_toughness, description) values ('4517','Quicksmith Rebel','{3}{R}','10','3','6','//gatherer.wizards.com/Handlers/Image.ashx?multiverseid=423760&type=card','3','2','When Quicksmith Rebel enters the battlefield, target artifact you control gains "{T}: This artifact deals 2 damage to target creature or player" for as long as you control Quicksmith Rebel.');
insert into card_color (id_card, id_color) values (4517,4);
insert into card_type (id_card, id_type) values (4517,1);
insert into card(id, name, manaCost, cmc, rarity_id, set_id, imageUrl, c_power, c_toughness, description) values ('4518','Ravenous Intruder','{1}{R}','10','2','6','//gatherer.wizards.com/Handlers/Image.ashx?multiverseid=423761&type=card','1','2','Sacrifice an artifact: Ravenous Intruder gets +2/+2 until end of turn.');
insert into card_color (id_card, id_color) values (4518,4);
insert into card_type (id_card, id_type) values (4518,1);
insert into card(id, name, manaCost, cmc, rarity_id, set_id, imageUrl, c_power, c_toughness, description) values ('4519','Reckless Racer','{2}{R}','10','2','6','//gatherer.wizards.com/Handlers/Image.ashx?multiverseid=423762&type=card','2','3','First strike
Whenever Reckless Racer becomes tapped, you may discard a card. If you do, draw a card.');
insert into card_color (id_card, id_color) values (4519,4);
insert into card_type (id_card, id_type) values (4519,1);
insert into card(id, name, manaCost, cmc, rarity_id, set_id, imageUrl, c_power, c_toughness, description) values ('4520','Release the Gremlins','{X}{X}{R}','10','3','6','//gatherer.wizards.com/Handlers/Image.ashx?multiverseid=423763&type=card','none','none','Destroy X target artifacts. Create X 2/2 red Gremlin creature tokens.');
insert into card_color (id_card, id_color) values (4520,4);
insert into card_type (id_card, id_type) values (4520,6);
insert into card(id, name, manaCost, cmc, rarity_id, set_id, imageUrl, c_power, c_toughness, description) values ('4521','Scrapper Champion','{3}{R}','10','2','6','//gatherer.wizards.com/Handlers/Image.ashx?multiverseid=423764&type=card','2','2','Double strike (This creature deals both first-strike and regular combat damage.)
When Scrapper Champion enters the battlefield, you get {E}{E} (two energy counters).
Whenever Scrapper Champion attacks, you may pay {E}{E}. If you do, put a +1/+1 counter on it.');
insert into card_color (id_card, id_color) values (4521,4);
insert into card_type (id_card, id_type) values (4521,1);
insert into card(id, name, manaCost, cmc, rarity_id, set_id, imageUrl, c_power, c_toughness, description) values ('4522','Shock','{R}','10','1','6','//gatherer.wizards.com/Handlers/Image.ashx?multiverseid=423765&type=card','none','none','Shock deals 2 damage to target creature or player.');
insert into card_color (id_card, id_color) values (4522,4);
insert into card_type (id_card, id_type) values (4522,7);
insert into card(id, name, manaCost, cmc, rarity_id, set_id, imageUrl, c_power, c_toughness, description) values ('4523','Siege Modification','{1}{R}{R}','10','2','6','//gatherer.wizards.com/Handlers/Image.ashx?multiverseid=423766&type=card','none','none','Enchant creature or Vehicle
As long as enchanted permanent is a Vehicle, it§s a creature in addition to its other types.
Enchanted creature gets +3/+0 and has first strike.');
insert into card_color (id_card, id_color) values (4523,4);
insert into card_type (id_card, id_type) values (4523,4);
insert into card(id, name, manaCost, cmc, rarity_id, set_id, imageUrl, c_power, c_toughness, description) values ('4524','Sweatworks Brawler','{3}{R}','10','1','6','//gatherer.wizards.com/Handlers/Image.ashx?multiverseid=423767&type=card','3','3','Improvise (Your artifacts can help cast this spell. Each artifact you tap after you§re done activating mana abilities pays for {1}.)
Menace');
insert into card_color (id_card, id_color) values (4524,4);
insert into card_type (id_card, id_type) values (4524,1);
insert into card(id, name, manaCost, cmc, rarity_id, set_id, imageUrl, c_power, c_toughness, description) values ('4525','Wrangle','{1}{R}','10','1','6','//gatherer.wizards.com/Handlers/Image.ashx?multiverseid=423768&type=card','none','none','Gain control of target creature with power 4 or less until end of turn. Untap that creature. It gains haste until end of turn.');
insert into card_color (id_card, id_color) values (4525,4);
insert into card_type (id_card, id_type) values (4525,6);
insert into card(id, name, manaCost, cmc, rarity_id, set_id, imageUrl, c_power, c_toughness, description) values ('4526','Aether Herder','{3}{G}','10','1','6','//gatherer.wizards.com/Handlers/Image.ashx?multiverseid=423769&type=card','3','3','When Aether Herder enters the battlefield, you get {E}{E} (two energy counters).
Whenever Aether Herder attacks, you may pay {E}{E}. If you do, create a 1/1 colorless Servo artifact creature token.');
insert into card_color (id_card, id_color) values (4526,5);
insert into card_type (id_card, id_type) values (4526,1);
insert into card(id, name, manaCost, cmc, rarity_id, set_id, imageUrl, c_power, c_toughness, description) values ('4527','Aetherstream Leopard','{2}{G}','10','1','6','//gatherer.wizards.com/Handlers/Image.ashx?multiverseid=423770&type=card','2','3','Trample
When Aetherstream Leopard enters the battlefield, you get {E} (an energy counter).
Whenever Aetherstream Leopard attacks, you may pay {E}. If you do, it gets +2/+0 until end of turn.');
insert into card_color (id_card, id_color) values (4527,5);
insert into card_type (id_card, id_type) values (4527,1);
insert into card(id, name, manaCost, cmc, rarity_id, set_id, imageUrl, c_power, c_toughness, description) values ('4528','Aetherwind Basker','{4}{G}{G}{G}','10','4','6','//gatherer.wizards.com/Handlers/Image.ashx?multiverseid=423771&type=card','7','7','Trample
Whenever Aetherwind Basker enters the battlefield or attacks, you get {E} (an energy counter) for each creature you control.
Pay {E}: Aetherwind Basker gets +1/+1 until end of turn.');
insert into card_color (id_card, id_color) values (4528,5);
insert into card_type (id_card, id_type) values (4528,1);
insert into card(id, name, manaCost, cmc, rarity_id, set_id, imageUrl, c_power, c_toughness, description) values ('4529','Aid from the Cowl','{3}{G}{G}','10','3','6','//gatherer.wizards.com/Handlers/Image.ashx?multiverseid=423772&type=card','none','none','Revolt — At the beginning of your end step, if a permanent you controlled left the battlefield this turn, reveal the top card of your library. If it§s a permanent card, you may put it onto the battlefield. Otherwise, you may put it on the bottom of your library.');
insert into card_color (id_card, id_color) values (4529,5);
insert into card_type (id_card, id_type) values (4529,4);
insert into card(id, name, manaCost, cmc, rarity_id, set_id, imageUrl, c_power, c_toughness, description) values ('4530','Druid of the Cowl','{1}{G}','10','1','6','//gatherer.wizards.com/Handlers/Image.ashx?multiverseid=423773&type=card','1','3','{T}: Add {G} to your mana pool.');
insert into card_color (id_card, id_color) values (4530,5);
insert into card_type (id_card, id_type) values (4530,1);
insert into card(id, name, manaCost, cmc, rarity_id, set_id, imageUrl, c_power, c_toughness, description) values ('4531','Greenbelt Rampager','{G}','10','3','6','//gatherer.wizards.com/Handlers/Image.ashx?multiverseid=423774&type=card','3','4','When Greenbelt Rampager enters the battlefield, pay {E}{E} (two energy counters). If you can§t, return Greenbelt Rampager to its owner§s hand and you get {E}.');
insert into card_color (id_card, id_color) values (4531,5);
insert into card_type (id_card, id_type) values (4531,1);
insert into card(id, name, manaCost, cmc, rarity_id, set_id, imageUrl, c_power, c_toughness, description) values ('4532','Greenwheel Liberator','{1}{G}','10','3','6','//gatherer.wizards.com/Handlers/Image.ashx?multiverseid=423775&type=card','2','1','Revolt — Greenwheel Liberator enters the battlefield with two +1/+1 counters on it if a permanent you controlled left the battlefield this turn.');
insert into card_color (id_card, id_color) values (4532,5);
insert into card_type (id_card, id_type) values (4532,1);
insert into card(id, name, manaCost, cmc, rarity_id, set_id, imageUrl, c_power, c_toughness, description) values ('4533','Heroic Intervention','{1}{G}','10','3','6','//gatherer.wizards.com/Handlers/Image.ashx?multiverseid=423776&type=card','none','none','Permanents you control gain hexproof and indestructible until end of turn.');
insert into card_color (id_card, id_color) values (4533,5);
insert into card_type (id_card, id_type) values (4533,7);
insert into card(id, name, manaCost, cmc, rarity_id, set_id, imageUrl, c_power, c_toughness, description) values ('4534','Hidden Herbalists','{1}{G}','10','2','6','//gatherer.wizards.com/Handlers/Image.ashx?multiverseid=423777&type=card','2','2','Revolt — When Hidden Herbalists enters the battlefield, if a permanent you controlled left the battlefield this turn, add {G}{G} to your mana pool.');
insert into card_color (id_card, id_color) values (4534,5);
insert into card_type (id_card, id_type) values (4534,1);
insert into card(id, name, manaCost, cmc, rarity_id, set_id, imageUrl, c_power, c_toughness, description) values ('4535','Highspire Infusion','{1}{G}','10','1','6','//gatherer.wizards.com/Handlers/Image.ashx?multiverseid=423778&type=card','none','none','Target creature gets +3/+3 until end of turn. You get {E}{E} (two energy counters).');
insert into card_color (id_card, id_color) values (4535,5);
insert into card_type (id_card, id_type) values (4535,7);
insert into card(id, name, manaCost, cmc, rarity_id, set_id, imageUrl, c_power, c_toughness, description) values ('4536','Lifecraft Awakening','{X}{G}','10','2','6','//gatherer.wizards.com/Handlers/Image.ashx?multiverseid=423779&type=card','none','none','Put X +1/+1 counters on target artifact you control. If it isn§t a creature or Vehicle, it becomes a 0/0 Construct artifact creature.');
insert into card_color (id_card, id_color) values (4536,5);
insert into card_type (id_card, id_type) values (4536,7);
insert into card(id, name, manaCost, cmc, rarity_id, set_id, imageUrl, c_power, c_toughness, description) values ('4537','Lifecraft Cavalry','{4}{G}','10','1','6','//gatherer.wizards.com/Handlers/Image.ashx?multiverseid=423780&type=card','4','4','Trample
Revolt — Lifecraft Cavalry enters the battlefield with two +1/+1 counters on it if a permanent you controlled left the battlefield this turn.');
insert into card_color (id_card, id_color) values (4537,5);
insert into card_type (id_card, id_type) values (4537,1);
insert into card(id, name, manaCost, cmc, rarity_id, set_id, imageUrl, c_power, c_toughness, description) values ('4538','Lifecrafter§s Gift','{3}{G}','10','2','6','//gatherer.wizards.com/Handlers/Image.ashx?multiverseid=423781&type=card','none','none','Put a +1/+1 counter on target creature, then put a +1/+1 counter on each creature you control with a +1/+1 counter on it.');
insert into card_color (id_card, id_color) values (4538,5);
insert into card_type (id_card, id_type) values (4538,7);
insert into card(id, name, manaCost, cmc, rarity_id, set_id, imageUrl, c_power, c_toughness, description) values ('4539','Maulfist Revolutionary','{1}{G}{G}','10','2','6','//gatherer.wizards.com/Handlers/Image.ashx?multiverseid=423782&type=card','3','3','Trample
When Maulfist Revolutionary enters the battlefield or dies, for each kind of counter on target permanent or player, give that permanent or player another counter of that kind.');
insert into card_color (id_card, id_color) values (4539,5);
insert into card_type (id_card, id_type) values (4539,1);
insert into card(id, name, manaCost, cmc, rarity_id, set_id, imageUrl, c_power, c_toughness, description) values ('4540','Monstrous Onslaught','{3}{G}{G}','10','2','6','//gatherer.wizards.com/Handlers/Image.ashx?multiverseid=423783&type=card','none','none','Monstrous Onslaught deals X damage divided as you choose among any number of target creatures, where X is the greatest power among creatures you control as you cast Monstrous Onslaught.');
insert into card_color (id_card, id_color) values (4540,5);
insert into card_type (id_card, id_type) values (4540,6);
insert into card(id, name, manaCost, cmc, rarity_id, set_id, imageUrl, c_power, c_toughness, description) values ('4541','Narnam Renegade','{G}','10','2','6','//gatherer.wizards.com/Handlers/Image.ashx?multiverseid=423784&type=card','1','2','Deathtouch
Revolt — Narnam Renegade enters the battlefield with a +1/+1 counter on it if a permanent you controlled left the battlefield this turn.');
insert into card_color (id_card, id_color) values (4541,5);
insert into card_type (id_card, id_type) values (4541,1);
insert into card(id, name, manaCost, cmc, rarity_id, set_id, imageUrl, c_power, c_toughness, description) values ('4542','Natural Obsolescence','{1}{G}','10','1','6','//gatherer.wizards.com/Handlers/Image.ashx?multiverseid=423785&type=card','none','none','Put target artifact on the bottom of its owner§s library.');
insert into card_color (id_card, id_color) values (4542,5);
insert into card_type (id_card, id_type) values (4542,7);
insert into card(id, name, manaCost, cmc, rarity_id, set_id, imageUrl, c_power, c_toughness, description) values ('4543','Peema Aether-Seer','{3}{G}','10','2','6','//gatherer.wizards.com/Handlers/Image.ashx?multiverseid=423786&type=card','3','2','When Peema Aether-Seer enters the battlefield, you get an amount of {E} (energy counters) equal to the greatest power among creatures you control.
Pay {E}{E}{E}: Target creature blocks this turn if able.');
insert into card_color (id_card, id_color) values (4543,5);
insert into card_type (id_card, id_type) values (4543,1);
insert into card(id, name, manaCost, cmc, rarity_id, set_id, imageUrl, c_power, c_toughness, description) values ('4544','Prey Upon','{G}','10','1','6','//gatherer.wizards.com/Handlers/Image.ashx?multiverseid=423787&type=card','none','none','Target creature you control fights target creature you don§t control. (Each deals damage equal to its power to the other.)');
insert into card_color (id_card, id_color) values (4544,5);
insert into card_type (id_card, id_type) values (4544,6);
insert into card(id, name, manaCost, cmc, rarity_id, set_id, imageUrl, c_power, c_toughness, description) values ('4545','Ridgescale Tusker','{3}{G}{G}','10','2','6','//gatherer.wizards.com/Handlers/Image.ashx?multiverseid=423788&type=card','5','5','When Ridgescale Tusker enters the battlefield, put a +1/+1 counter on each other creature you control.');
insert into card_color (id_card, id_color) values (4545,5);
insert into card_type (id_card, id_type) values (4545,1);
insert into card(id, name, manaCost, cmc, rarity_id, set_id, imageUrl, c_power, c_toughness, description) values ('4546','Rishkar, Peema Renegade','{2}{G}','10','3','6','//gatherer.wizards.com/Handlers/Image.ashx?multiverseid=423789&type=card','2','2','When Rishkar, Peema Renegade enters the battlefield, put a +1/+1 counter on each of up to two target creatures.
Each creature you control with a counter on it has "{T}: Add {G} to your mana pool."');
insert into card_color (id_card, id_color) values (4546,5);
insert into card_type (id_card, id_type) values (4546,1);
insert into card_supertype (id_card, id_supertype) values (4546,3);
insert into card(id, name, manaCost, cmc, rarity_id, set_id, imageUrl, c_power, c_toughness, description) values ('4547','Rishkar§s Expertise','{4}{G}{G}','10','3','6','//gatherer.wizards.com/Handlers/Image.ashx?multiverseid=423790&type=card','none','none','Draw cards equal to the greatest power among creatures you control.
You may cast a card with converted mana cost 5 or less from your hand without paying its mana cost.');
insert into card_color (id_card, id_color) values (4547,5);
insert into card_type (id_card, id_type) values (4547,6);
insert into card(id, name, manaCost, cmc, rarity_id, set_id, imageUrl, c_power, c_toughness, description) values ('4548','Scrounging Bandar','{1}{G}','10','1','6','//gatherer.wizards.com/Handlers/Image.ashx?multiverseid=423791&type=card','0','0','Scrounging Bandar enters the battlefield with two +1/+1 counters on it.
At the beginning of your upkeep, you may move any number of +1/+1 counters from Scrounging Bandar onto another target creature.');
insert into card_color (id_card, id_color) values (4548,5);
insert into card_type (id_card, id_type) values (4548,1);
insert into card(id, name, manaCost, cmc, rarity_id, set_id, imageUrl, c_power, c_toughness, description) values ('4549','Silkweaver Elite','{2}{G}','10','1','6','//gatherer.wizards.com/Handlers/Image.ashx?multiverseid=423792&type=card','2','2','Reach (This creature can block creatures with flying.)
Revolt — When Silkweaver Elite enters the battlefield, if a permanent you controlled left the battlefield this turn, draw a card.');
insert into card_color (id_card, id_color) values (4549,5);
insert into card_type (id_card, id_type) values (4549,1);
insert into card(id, name, manaCost, cmc, rarity_id, set_id, imageUrl, c_power, c_toughness, description) values ('4550','Unbridled Growth','{G}','10','1','6','//gatherer.wizards.com/Handlers/Image.ashx?multiverseid=423793&type=card','none','none','Enchant land
Enchanted land has "{T}: Add one mana of any color to your mana pool."
Sacrifice Unbridled Growth: Draw a card.');
insert into card_color (id_card, id_color) values (4550,5);
insert into card_type (id_card, id_type) values (4550,4);
insert into card(id, name, manaCost, cmc, rarity_id, set_id, imageUrl, c_power, c_toughness, description) values ('4551','Ajani Unyielding','{4}{G}{W}','10','4','6','//gatherer.wizards.com/Handlers/Image.ashx?multiverseid=423794&type=card','none','none','+2: Reveal the top three cards of your library. Put all nonland permanent cards revealed this way into your hand and the rest on the bottom of your library in any order.
−2: Exile target creature. Its controller gains life equal to its power.
−9: Put five +1/+1 counters on each creature you control and five loyalty counters on each other planeswalker you control.');
insert into card_color (id_card, id_color) values (4551,2);
insert into card_color (id_card, id_color) values (4551,5);
insert into card_type (id_card, id_type) values (4551,5);
insert into card(id, name, manaCost, cmc, rarity_id, set_id, imageUrl, c_power, c_toughness, description) values ('4552','Dark Intimations','{2}{U}{B}{R}','10','3','6','//gatherer.wizards.com/Handlers/Image.ashx?multiverseid=423795&type=card','none','none','Each opponent sacrifices a creature or planeswalker, then discards a card. You return a creature or planeswalker card from your graveyard to your hand, then draw a card.
When you cast a Bolas planeswalker spell, exile Dark Intimations from your graveyard. That planeswalker enters the battlefield with an additional loyalty counter on it.');
insert into card_color (id_card, id_color) values (4552,6);
insert into card_color (id_card, id_color) values (4552,3);
insert into card_color (id_card, id_color) values (4552,4);
insert into card_type (id_card, id_type) values (4552,6);
insert into card(id, name, manaCost, cmc, rarity_id, set_id, imageUrl, c_power, c_toughness, description) values ('4553','Hidden Stockpile','{W}{B}','10','2','6','//gatherer.wizards.com/Handlers/Image.ashx?multiverseid=423796&type=card','none','none','Revolt — At the beginning of your end step, if a permanent you controlled left the battlefield this turn, create a 1/1 colorless Servo artifact creature token.
{1}, Sacrifice a creature: Scry 1.');
insert into card_color (id_card, id_color) values (4553,2);
insert into card_color (id_card, id_color) values (4553,3);
insert into card_type (id_card, id_type) values (4553,4);
insert into card(id, name, manaCost, cmc, rarity_id, set_id, imageUrl, c_power, c_toughness, description) values ('4554','Maverick Thopterist','{3}{U}{R}','10','2','6','//gatherer.wizards.com/Handlers/Image.ashx?multiverseid=423797&type=card','2','2','Improvise (Your artifacts can help cast this spell. Each artifact you tap after you§re done activating mana abilities pays for {1}.)
When Maverick Thopterist enters the battlefield, create two 1/1 colorless Thopter artifact creature tokens with flying.');
insert into card_color (id_card, id_color) values (4554,6);
insert into card_color (id_card, id_color) values (4554,4);
insert into card_type (id_card, id_type) values (4554,1);
insert into card(id, name, manaCost, cmc, rarity_id, set_id, imageUrl, c_power, c_toughness, description) values ('4555','Oath of Ajani','{G}{W}','10','3','6','//gatherer.wizards.com/Handlers/Image.ashx?multiverseid=423798&type=card','none','none','When Oath of Ajani enters the battlefield, put a +1/+1 counter on each creature you control.
Planeswalker spells you cast cost {1} less to cast.');
insert into card_color (id_card, id_color) values (4555,2);
insert into card_color (id_card, id_color) values (4555,5);
insert into card_type (id_card, id_type) values (4555,4);
insert into card_supertype (id_card, id_supertype) values (4555,3);
insert into card(id, name, manaCost, cmc, rarity_id, set_id, imageUrl, c_power, c_toughness, description) values ('4556','Outland Boar','{2}{R}{G}','10','2','6','//gatherer.wizards.com/Handlers/Image.ashx?multiverseid=423799&type=card','4','4','Outland Boar can§t be blocked by creatures with power 2 or less.');
insert into card_color (id_card, id_color) values (4556,4);
insert into card_color (id_card, id_color) values (4556,5);
insert into card_type (id_card, id_type) values (4556,1);
insert into card(id, name, manaCost, cmc, rarity_id, set_id, imageUrl, c_power, c_toughness, description) values ('4557','Renegade Rallier','{1}{G}{W}','10','2','6','//gatherer.wizards.com/Handlers/Image.ashx?multiverseid=423800&type=card','3','2','Revolt — When Renegade Rallier enters the battlefield, if a permanent you controlled left the battlefield this turn, return target permanent card with converted mana cost 2 or less from your graveyard to the battlefield.');
insert into card_color (id_card, id_color) values (4557,2);
insert into card_color (id_card, id_color) values (4557,5);
insert into card_type (id_card, id_type) values (4557,1);
insert into card(id, name, manaCost, cmc, rarity_id, set_id, imageUrl, c_power, c_toughness, description) values ('4558','Renegade Wheelsmith','{1}{R}{W}','10','2','6','//gatherer.wizards.com/Handlers/Image.ashx?multiverseid=423801&type=card','3','2','Whenever Renegade Wheelsmith becomes tapped, target creature can§t block this turn.');
insert into card_color (id_card, id_color) values (4558,2);
insert into card_color (id_card, id_color) values (4558,4);
insert into card_type (id_card, id_type) values (4558,1);
insert into card(id, name, manaCost, cmc, rarity_id, set_id, imageUrl, c_power, c_toughness, description) values ('4559','Rogue Refiner','{1}{G}{U}','10','2','6','//gatherer.wizards.com/Handlers/Image.ashx?multiverseid=423802&type=card','3','2','When Rogue Refiner enters the battlefield, draw a card and you get {E}{E} (two energy counters).');
insert into card_color (id_card, id_color) values (4559,6);
insert into card_color (id_card, id_color) values (4559,5);
insert into card_type (id_card, id_type) values (4559,1);
insert into card(id, name, manaCost, cmc, rarity_id, set_id, imageUrl, c_power, c_toughness, description) values ('4560','Spire Patrol','{2}{W}{U}','10','2','6','//gatherer.wizards.com/Handlers/Image.ashx?multiverseid=423803&type=card','3','2','Flying
When Spire Patrol enters the battlefield, tap target creature an opponent controls. That creature doesn§t untap during its controller§s next untap step.');
insert into card_color (id_card, id_color) values (4560,2);
insert into card_color (id_card, id_color) values (4560,6);
insert into card_type (id_card, id_type) values (4560,1);
insert into card(id, name, manaCost, cmc, rarity_id, set_id, imageUrl, c_power, c_toughness, description) values ('4561','Tezzeret the Schemer','{2}{U}{B}','10','4','6','//gatherer.wizards.com/Handlers/Image.ashx?multiverseid=423804&type=card','none','none','+1: Create a colorless artifact token named Etherium Cell with "{T}, Sacrifice this artifact: Add one mana of any color to your mana pool."
−2: Target creature gets +X/-X until end of turn, where X is the number of artifacts you control.
−7: You get an emblem with "At the beginning of combat on your turn, target artifact you control becomes an artifact creature with base power and toughness 5/5."');
insert into card_color (id_card, id_color) values (4561,6);
insert into card_color (id_card, id_color) values (4561,3);
insert into card_type (id_card, id_type) values (4561,5);
insert into card(id, name, manaCost, cmc, rarity_id, set_id, imageUrl, c_power, c_toughness, description) values ('4562','Tezzeret§s Touch','{1}{U}{B}','10','2','6','//gatherer.wizards.com/Handlers/Image.ashx?multiverseid=423805&type=card','none','none','Enchant artifact
Enchanted artifact is a creature with base power and toughness 5/5 in addition to its other types.
When enchanted artifact is put into a graveyard, return that card to its owner§s hand.');
insert into card_color (id_card, id_color) values (4562,6);
insert into card_color (id_card, id_color) values (4562,3);
insert into card_type (id_card, id_type) values (4562,4);
insert into card(id, name, manaCost, cmc, rarity_id, set_id, imageUrl, c_power, c_toughness, description) values ('4563','Weldfast Engineer','{1}{B}{R}','10','2','6','//gatherer.wizards.com/Handlers/Image.ashx?multiverseid=423806&type=card','3','3','At the beginning of combat on your turn, target artifact creature you control gets +2/+0 until end of turn.');
insert into card_color (id_card, id_color) values (4563,3);
insert into card_color (id_card, id_color) values (4563,4);
insert into card_type (id_card, id_type) values (4563,1);
insert into card(id, name, manaCost, cmc, rarity_id, set_id, imageUrl, c_power, c_toughness, description) values ('4564','Winding Constrictor','{B}{G}','10','2','6','//gatherer.wizards.com/Handlers/Image.ashx?multiverseid=423807&type=card','2','3','If one or more counters would be placed on an artifact or creature you control, that many plus one of each of those kinds of counters are placed on that permanent instead.
If you would get one or more counters, you get that many plus one of each of those kinds of counters instead.');
insert into card_color (id_card, id_color) values (4564,3);
insert into card_color (id_card, id_color) values (4564,5);
insert into card_type (id_card, id_type) values (4564,1);
insert into card(id, name, manaCost, cmc, rarity_id, set_id, imageUrl, c_power, c_toughness, description) values ('4565','Aegis Automaton','{2}','10','1','6','//gatherer.wizards.com/Handlers/Image.ashx?multiverseid=423808&type=card','0','3','{4}{W}: Return another target creature you control to its owner§s hand.');
insert into card_color (id_card, id_color) values (4565,2);
insert into card_type (id_card, id_type) values (4565,3);
insert into card_type (id_card, id_type) values (4565,1);
insert into card(id, name, manaCost, cmc, rarity_id, set_id, imageUrl, c_power, c_toughness, description) values ('4566','Aethersphere Harvester','{3}','10','3','6','//gatherer.wizards.com/Handlers/Image.ashx?multiverseid=423809&type=card','3','5','Flying
When Aethersphere Harvester enters the battlefield, you get {E}{E} (two energy counters).
Pay {E}: Aethersphere Harvester gains lifelink until end of turn.
Crew 1 (Tap any number of creatures you control with total power 1 or more: This Vehicle becomes an artifact creature until end of turn.)');
insert into card_color (id_card, id_color) values (4566,1);
insert into card_type (id_card, id_type) values (4566,3);
insert into card(id, name, manaCost, cmc, rarity_id, set_id, imageUrl, c_power, c_toughness, description) values ('4567','Augmenting Automaton','{1}','10','1','6','//gatherer.wizards.com/Handlers/Image.ashx?multiverseid=423810&type=card','1','1','{1}{B}: Augmenting Automaton gets +1/+1 until end of turn.');
insert into card_color (id_card, id_color) values (4567,3);
insert into card_type (id_card, id_type) values (4567,3);
insert into card_type (id_card, id_type) values (4567,1);
insert into card(id, name, manaCost, cmc, rarity_id, set_id, imageUrl, c_power, c_toughness, description) values ('4568','Barricade Breaker','{7}','10','2','6','//gatherer.wizards.com/Handlers/Image.ashx?multiverseid=423811&type=card','7','5','Improvise (Your artifacts can help cast this spell. Each artifact you tap after you§re done activating mana abilities pays for {1}.)
Barricade Breaker attacks each combat if able.');
insert into card_color (id_card, id_color) values (4568,1);
insert into card_type (id_card, id_type) values (4568,3);
insert into card_type (id_card, id_type) values (4568,1);
insert into card(id, name, manaCost, cmc, rarity_id, set_id, imageUrl, c_power, c_toughness, description) values ('4569','Cogwork Assembler','{3}','10','2','6','//gatherer.wizards.com/Handlers/Image.ashx?multiverseid=423812&type=card','2','3','{7}: Create a token that§s a copy of target artifact. That token gains haste. Exile it at the beginning of the next end step.');
insert into card_color (id_card, id_color) values (4569,1);
insert into card_type (id_card, id_type) values (4569,3);
insert into card_type (id_card, id_type) values (4569,1);
insert into card(id, name, manaCost, cmc, rarity_id, set_id, imageUrl, c_power, c_toughness, description) values ('4570','Consulate Dreadnought','{1}','10','2','6','//gatherer.wizards.com/Handlers/Image.ashx?multiverseid=423813&type=card','7','11','Crew 6 (Tap any number of creatures you control with total power 6 or more: This Vehicle becomes an artifact creature until end of turn.)');
insert into card_color (id_card, id_color) values (4570,1);
insert into card_type (id_card, id_type) values (4570,3);
insert into card(id, name, manaCost, cmc, rarity_id, set_id, imageUrl, c_power, c_toughness, description) values ('4571','Consulate Turret','{3}','10','1','6','//gatherer.wizards.com/Handlers/Image.ashx?multiverseid=423814&type=card','none','none','{T}: You get {E} (an energy counter).
{T}, Pay {E}{E}{E}: Consulate Turret deals 2 damage to target player.');
insert into card_color (id_card, id_color) values (4571,1);
insert into card_type (id_card, id_type) values (4571,3);
insert into card(id, name, manaCost, cmc, rarity_id, set_id, imageUrl, c_power, c_toughness, description) values ('4572','Crackdown Construct','{4}','10','2','6','//gatherer.wizards.com/Handlers/Image.ashx?multiverseid=423815&type=card','2','2','Whenever you activate an ability of an artifact or creature that isn§t a mana ability, Crackdown Construct gets +1/+1 until end of turn.');
insert into card_color (id_card, id_color) values (4572,1);
insert into card_type (id_card, id_type) values (4572,3);
insert into card_type (id_card, id_type) values (4572,1);
insert into card(id, name, manaCost, cmc, rarity_id, set_id, imageUrl, c_power, c_toughness, description) values ('4573','Daredevil Dragster','{3}','10','2','6','//gatherer.wizards.com/Handlers/Image.ashx?multiverseid=423816&type=card','4','4','At end of combat, if Daredevil Dragster attacked or blocked this combat, put a velocity counter on it. Then if it has two or more velocity counters on it, sacrifice it and draw two cards.
Crew 2 (Tap any number of creatures you control with total power 2 or more: This Vehicle becomes an artifact creature until end of turn.)');
insert into card_color (id_card, id_color) values (4573,1);
insert into card_type (id_card, id_type) values (4573,3);
insert into card(id, name, manaCost, cmc, rarity_id, set_id, imageUrl, c_power, c_toughness, description) values ('4574','Filigree Crawler','{4}','10','1','6','//gatherer.wizards.com/Handlers/Image.ashx?multiverseid=423817&type=card','2','2','When Filigree Crawler dies, create a 1/1 colorless Thopter artifact creature token with flying.');
insert into card_color (id_card, id_color) values (4574,1);
insert into card_type (id_card, id_type) values (4574,3);
insert into card_type (id_card, id_type) values (4574,1);
insert into card(id, name, manaCost, cmc, rarity_id, set_id, imageUrl, c_power, c_toughness, description) values ('4575','Foundry Assembler','{5}','10','1','6','//gatherer.wizards.com/Handlers/Image.ashx?multiverseid=423818&type=card','3','3','Improvise (Your artifacts can help cast this spell. Each artifact you tap after you§re done activating mana abilities pays for {1}.)');
insert into card_color (id_card, id_color) values (4575,1);
insert into card_type (id_card, id_type) values (4575,3);
insert into card_type (id_card, id_type) values (4575,1);
insert into card(id, name, manaCost, cmc, rarity_id, set_id, imageUrl, c_power, c_toughness, description) values ('4576','Gonti§s Aether Heart','{6}','10','4','6','//gatherer.wizards.com/Handlers/Image.ashx?multiverseid=423819&type=card','none','none','Whenever Gonti§s Aether Heart or another artifact enters the battlefield under your control, you get {E}{E} (two energy counters).
Pay {E}{E}{E}{E}{E}{E}{E}{E}, Exile Gonti§s Aether Heart: Take an extra turn after this one.');
insert into card_color (id_card, id_color) values (4576,1);
insert into card_type (id_card, id_type) values (4576,3);
insert into card_supertype (id_card, id_supertype) values (4576,3);
insert into card(id, name, manaCost, cmc, rarity_id, set_id, imageUrl, c_power, c_toughness, description) values ('4577','Heart of Kiran','{2}','10','4','6','//gatherer.wizards.com/Handlers/Image.ashx?multiverseid=423820&type=card','4','4','Flying, vigilance
Crew 3 (Tap any number of creatures you control with total power 3 or more: This Vehicle becomes an artifact creature until end of turn.)
You may remove a loyalty counter from a planeswalker you control rather than pay Heart of Kiran§s crew cost.');
insert into card_color (id_card, id_color) values (4577,1);
insert into card_type (id_card, id_type) values (4577,3);
insert into card_supertype (id_card, id_supertype) values (4577,3);
insert into card(id, name, manaCost, cmc, rarity_id, set_id, imageUrl, c_power, c_toughness, description) values ('4578','Hope of Ghirapur','{1}','10','3','6','//gatherer.wizards.com/Handlers/Image.ashx?multiverseid=423821&type=card','1','1','Flying
Sacrifice Hope of Ghirapur: Until your next turn, target player who was dealt combat damage by Hope of Ghirapur this turn can§t cast noncreature spells.');
insert into card_color (id_card, id_color) values (4578,1);
insert into card_type (id_card, id_type) values (4578,3);
insert into card_type (id_card, id_type) values (4578,1);
insert into card_supertype (id_card, id_supertype) values (4578,3);
insert into card(id, name, manaCost, cmc, rarity_id, set_id, imageUrl, c_power, c_toughness, description) values ('4579','Implement of Combustion','{1}','10','1','6','//gatherer.wizards.com/Handlers/Image.ashx?multiverseid=423822&type=card','none','none','{R}, Sacrifice Implement of Combustion: It deals 1 damage to target player.
When Implement of Combustion is put into a graveyard from the battlefield, draw a card.');
insert into card_color (id_card, id_color) values (4579,4);
insert into card_type (id_card, id_type) values (4579,3);
insert into card(id, name, manaCost, cmc, rarity_id, set_id, imageUrl, c_power, c_toughness, description) values ('4580','Implement of Examination','{3}','10','1','6','//gatherer.wizards.com/Handlers/Image.ashx?multiverseid=423823&type=card','none','none','{U}, Sacrifice Implement of Examination: Draw a card.
When Implement of Examination is put into a graveyard from the battlefield, draw a card.');
insert into card_color (id_card, id_color) values (4580,6);
insert into card_type (id_card, id_type) values (4580,3);
insert into card(id, name, manaCost, cmc, rarity_id, set_id, imageUrl, c_power, c_toughness, description) values ('4581','Implement of Ferocity','{1}','10','1','6','//gatherer.wizards.com/Handlers/Image.ashx?multiverseid=423824&type=card','none','none','{G}, Sacrifice Implement of Ferocity: Put a +1/+1 counter on target creature. Activate this ability only any time you could cast a sorcery.
When Implement of Ferocity is put into a graveyard from the battlefield, draw a card.');
insert into card_color (id_card, id_color) values (4581,5);
insert into card_type (id_card, id_type) values (4581,3);
insert into card(id, name, manaCost, cmc, rarity_id, set_id, imageUrl, c_power, c_toughness, description) values ('4582','Implement of Improvement','{1}','10','1','6','//gatherer.wizards.com/Handlers/Image.ashx?multiverseid=423825&type=card','none','none','{W}, Sacrifice Implement of Improvement: You gain 2 life.
When Implement of Improvement is put into a graveyard from the battlefield, draw a card.');
insert into card_color (id_card, id_color) values (4582,2);
insert into card_type (id_card, id_type) values (4582,3);
insert into card(id, name, manaCost, cmc, rarity_id, set_id, imageUrl, c_power, c_toughness, description) values ('4583','Implement of Malice','{2}','10','1','6','//gatherer.wizards.com/Handlers/Image.ashx?multiverseid=423826&type=card','none','none','{B}, Sacrifice Implement of Malice: Target player discards a card. Activate this ability only any time you could cast a sorcery.
When Implement of Malice is put into a graveyard from the battlefield, draw a card.');
insert into card_color (id_card, id_color) values (4583,3);
insert into card_type (id_card, id_type) values (4583,3);
insert into card(id, name, manaCost, cmc, rarity_id, set_id, imageUrl, c_power, c_toughness, description) values ('4584','Inspiring Statuary','{3}','10','3','6','//gatherer.wizards.com/Handlers/Image.ashx?multiverseid=423827&type=card','none','none','Nonartifact spells you cast have improvise. (Your artifacts can help cast those spells. Each artifact you tap after you§re done activating mana abilities pays for {1}.)');
insert into card_color (id_card, id_color) values (4584,1);
insert into card_type (id_card, id_type) values (4584,3);
insert into card(id, name, manaCost, cmc, rarity_id, set_id, imageUrl, c_power, c_toughness, description) values ('4585','Irontread Crusher','{4}','10','1','6','//gatherer.wizards.com/Handlers/Image.ashx?multiverseid=423828&type=card','6','6','Crew 3 (Tap any number of creatures you control with total power 3 or more: This Vehicle becomes an artifact creature until end of turn.)');
insert into card_color (id_card, id_color) values (4585,1);
insert into card_type (id_card, id_type) values (4585,3);
insert into card(id, name, manaCost, cmc, rarity_id, set_id, imageUrl, c_power, c_toughness, description) values ('4586','Lifecrafter§s Bestiary','{3}','10','3','6','//gatherer.wizards.com/Handlers/Image.ashx?multiverseid=423829&type=card','none','none','At the beginning of your upkeep, scry 1.
Whenever you cast a creature spell, you may pay {G}. If you do, draw a card.');
insert into card_color (id_card, id_color) values (4586,5);
insert into card_type (id_card, id_type) values (4586,3);
insert into card(id, name, manaCost, cmc, rarity_id, set_id, imageUrl, c_power, c_toughness, description) values ('4587','Merchant§s Dockhand','{1}','10','3','6','//gatherer.wizards.com/Handlers/Image.ashx?multiverseid=423830&type=card','1','2','{3}{U}, {T}, Tap X untapped artifacts you control: Look at the top X cards of your library. Put one of them into your hand and the rest on the bottom of your library in any order.');
insert into card_color (id_card, id_color) values (4587,6);
insert into card_type (id_card, id_type) values (4587,3);
insert into card_type (id_card, id_type) values (4587,1);
insert into card(id, name, manaCost, cmc, rarity_id, set_id, imageUrl, c_power, c_toughness, description) values ('4588','Metallic Mimic','{2}','10','3','6','//gatherer.wizards.com/Handlers/Image.ashx?multiverseid=423831&type=card','2','1','As Metallic Mimic enters the battlefield, choose a creature type.
Metallic Mimic is the chosen type in addition to its other types.
Each other creature you control of the chosen type enters the battlefield with an additional +1/+1 counter on it.');
insert into card_color (id_card, id_color) values (4588,1);
insert into card_type (id_card, id_type) values (4588,3);
insert into card_type (id_card, id_type) values (4588,1);
insert into card(id, name, manaCost, cmc, rarity_id, set_id, imageUrl, c_power, c_toughness, description) values ('4589','Mobile Garrison','{3}','10','1','6','//gatherer.wizards.com/Handlers/Image.ashx?multiverseid=423832&type=card','3','4','Whenever Mobile Garrison attacks, untap another target artifact or creature you control.
Crew 2 (Tap any number of creatures you control with total power 2 or more: This Vehicle becomes an artifact creature until end of turn.)');
insert into card_color (id_card, id_color) values (4589,1);
insert into card_type (id_card, id_type) values (4589,3);
insert into card(id, name, manaCost, cmc, rarity_id, set_id, imageUrl, c_power, c_toughness, description) values ('4590','Night Market Guard','{3}','10','1','6','//gatherer.wizards.com/Handlers/Image.ashx?multiverseid=423833&type=card','3','1','Night Market Guard can block an additional creature each combat.');
insert into card_color (id_card, id_color) values (4590,1);
insert into card_type (id_card, id_type) values (4590,3);
insert into card_type (id_card, id_type) values (4590,1);
insert into card(id, name, manaCost, cmc, rarity_id, set_id, imageUrl, c_power, c_toughness, description) values ('4591','Ornithopter','{0}','10','2','6','//gatherer.wizards.com/Handlers/Image.ashx?multiverseid=423834&type=card','0','2','Flying');
insert into card_color (id_card, id_color) values (4591,1);
insert into card_type (id_card, id_type) values (4591,3);
insert into card_type (id_card, id_type) values (4591,1);
insert into card(id, name, manaCost, cmc, rarity_id, set_id, imageUrl, c_power, c_toughness, description) values ('4592','Pacification Array','{1}','10','2','6','//gatherer.wizards.com/Handlers/Image.ashx?multiverseid=423835&type=card','none','none','{2}, {T}: Tap target artifact or creature.');
insert into card_color (id_card, id_color) values (4592,1);
insert into card_type (id_card, id_type) values (4592,3);
insert into card(id, name, manaCost, cmc, rarity_id, set_id, imageUrl, c_power, c_toughness, description) values ('4593','Paradox Engine','{5}','10','4','6','//gatherer.wizards.com/Handlers/Image.ashx?multiverseid=423836&type=card','none','none','Whenever you cast a spell, untap all nonland permanents you control.');
insert into card_color (id_card, id_color) values (4593,1);
insert into card_type (id_card, id_type) values (4593,3);
insert into card_supertype (id_card, id_supertype) values (4593,3);
insert into card(id, name, manaCost, cmc, rarity_id, set_id, imageUrl, c_power, c_toughness, description) values ('4594','Peacewalker Colossus','{3}','10','3','6','//gatherer.wizards.com/Handlers/Image.ashx?multiverseid=423837&type=card','6','6','{1}{W}: Another target Vehicle you control becomes an artifact creature until end of turn.
Crew 4 (Tap any number of creatures you control with total power 4 or more: This Vehicle becomes an artifact creature until end of turn.)');
insert into card_color (id_card, id_color) values (4594,2);
insert into card_type (id_card, id_type) values (4594,3);
insert into card(id, name, manaCost, cmc, rarity_id, set_id, imageUrl, c_power, c_toughness, description) values ('4595','Planar Bridge','{6}','10','4','6','//gatherer.wizards.com/Handlers/Image.ashx?multiverseid=423838&type=card','none','none','{8}, {T}: Search your library for a permanent card, put it onto the battlefield, then shuffle your library.');
insert into card_color (id_card, id_color) values (4595,1);
insert into card_type (id_card, id_type) values (4595,3);
insert into card_supertype (id_card, id_supertype) values (4595,3);
insert into card(id, name, manaCost, cmc, rarity_id, set_id, imageUrl, c_power, c_toughness, description) values ('4596','Prizefighter Construct','{5}','10','1','6','//gatherer.wizards.com/Handlers/Image.ashx?multiverseid=423839&type=card','6','2','null');
insert into card_color (id_card, id_color) values (4596,1);
insert into card_type (id_card, id_type) values (4596,3);
insert into card_type (id_card, id_type) values (4596,1);
insert into card(id, name, manaCost, cmc, rarity_id, set_id, imageUrl, c_power, c_toughness, description) values ('4597','Renegade Map','{1}','10','1','6','//gatherer.wizards.com/Handlers/Image.ashx?multiverseid=423840&type=card','none','none','Renegade Map enters the battlefield tapped.
{T}, Sacrifice Renegade Map: Search your library for a basic land card, reveal it, put it into your hand, then shuffle your library.');
insert into card_color (id_card, id_color) values (4597,1);
insert into card_type (id_card, id_type) values (4597,3);
insert into card(id, name, manaCost, cmc, rarity_id, set_id, imageUrl, c_power, c_toughness, description) values ('4598','Reservoir Walker','{5}','10','1','6','//gatherer.wizards.com/Handlers/Image.ashx?multiverseid=423841&type=card','3','3','When Reservoir Walker enters the battlefield, you gain 3 life and get {E}{E}{E} (three energy counters).');
insert into card_color (id_card, id_color) values (4598,1);
insert into card_type (id_card, id_type) values (4598,3);
insert into card_type (id_card, id_type) values (4598,1);
insert into card(id, name, manaCost, cmc, rarity_id, set_id, imageUrl, c_power, c_toughness, description) values ('4599','Scrap Trawler','{3}','10','3','6','//gatherer.wizards.com/Handlers/Image.ashx?multiverseid=423842&type=card','3','2','Whenever Scrap Trawler or another artifact you control is put into a graveyard from the battlefield, return to your hand target artifact card in your graveyard with lesser converted mana cost.');
insert into card_color (id_card, id_color) values (4599,1);
insert into card_type (id_card, id_type) values (4599,3);
insert into card_type (id_card, id_type) values (4599,1);
insert into card(id, name, manaCost, cmc, rarity_id, set_id, imageUrl, c_power, c_toughness, description) values ('4600','Servo Schematic','{2}','10','2','6','//gatherer.wizards.com/Handlers/Image.ashx?multiverseid=423843&type=card','none','none','When Servo Schematic enters the battlefield or is put into a graveyard from the battlefield, create a 1/1 colorless Servo artifact creature token.');
insert into card_color (id_card, id_color) values (4600,1);
insert into card_type (id_card, id_type) values (4600,3);
insert into card(id, name, manaCost, cmc, rarity_id, set_id, imageUrl, c_power, c_toughness, description) values ('4601','Treasure Keeper','{4}','10','2','6','//gatherer.wizards.com/Handlers/Image.ashx?multiverseid=423844&type=card','3','3','When Treasure Keeper dies, reveal cards from the top of your library until you reveal a nonland card with converted mana cost 3 or less. You may cast that card without paying its mana cost. Put all revealed cards not cast this way on the bottom of your library in a random order.');
insert into card_color (id_card, id_color) values (4601,1);
insert into card_type (id_card, id_type) values (4601,3);
insert into card_type (id_card, id_type) values (4601,1);
insert into card(id, name, manaCost, cmc, rarity_id, set_id, imageUrl, c_power, c_toughness, description) values ('4602','Universal Solvent','{1}','10','1','6','//gatherer.wizards.com/Handlers/Image.ashx?multiverseid=423845&type=card','none','none','{7}, {T}, Sacrifice Universal Solvent: Destroy target permanent.');
insert into card_color (id_card, id_color) values (4602,1);
insert into card_type (id_card, id_type) values (4602,3);
insert into card(id, name, manaCost, cmc, rarity_id, set_id, imageUrl, c_power, c_toughness, description) values ('4603','Untethered Express','{4}','10','2','6','//gatherer.wizards.com/Handlers/Image.ashx?multiverseid=423846&type=card','4','4','Trample
Whenever Untethered Express attacks, put a +1/+1 counter on it.
Crew 1 (Tap any number of creatures you control with total power 1 or more: This Vehicle becomes an artifact creature until end of turn.)');
insert into card_color (id_card, id_color) values (4603,1);
insert into card_type (id_card, id_type) values (4603,3);
insert into card(id, name, manaCost, cmc, rarity_id, set_id, imageUrl, c_power, c_toughness, description) values ('4604','Verdant Automaton','{2}','10','1','6','//gatherer.wizards.com/Handlers/Image.ashx?multiverseid=423847&type=card','1','2','{3}{G}: Put a +1/+1 counter on Verdant Automaton.');
insert into card_color (id_card, id_color) values (4604,5);
insert into card_type (id_card, id_type) values (4604,3);
insert into card_type (id_card, id_type) values (4604,1);
insert into card(id, name, manaCost, cmc, rarity_id, set_id, imageUrl, c_power, c_toughness, description) values ('4605','Walking Ballista','{X}{X}','10','3','6','//gatherer.wizards.com/Handlers/Image.ashx?multiverseid=423848&type=card','0','0','Walking Ballista enters the battlefield with X +1/+1 counters on it.
{4}: Put a +1/+1 counter on Walking Ballista.
Remove a +1/+1 counter from Walking Ballista: It deals 1 damage to target creature or player.');
insert into card_color (id_card, id_color) values (4605,1);
insert into card_type (id_card, id_type) values (4605,3);
insert into card_type (id_card, id_type) values (4605,1);
insert into card(id, name, manaCost, cmc, rarity_id, set_id, imageUrl, c_power, c_toughness, description) values ('4606','Watchful Automaton','{3}','10','1','6','//gatherer.wizards.com/Handlers/Image.ashx?multiverseid=423849&type=card','2','2','{2}{U}: Scry 1. (Look at the top card of your library. You may put that card on the bottom of your library.)');
insert into card_color (id_card, id_color) values (4606,6);
insert into card_type (id_card, id_type) values (4606,3);
insert into card_type (id_card, id_type) values (4606,1);
insert into card(id, name, manaCost, cmc, rarity_id, set_id, imageUrl, c_power, c_toughness, description) values ('4607','Welder Automaton','{2}','10','1','6','//gatherer.wizards.com/Handlers/Image.ashx?multiverseid=423850&type=card','2','1','{3}{R}: Welder Automaton deals 1 damage to each opponent.');
insert into card_color (id_card, id_color) values (4607,4);
insert into card_type (id_card, id_type) values (4607,3);
insert into card_type (id_card, id_type) values (4607,1);
insert into card(id, name, manaCost, cmc, rarity_id, set_id, imageUrl, c_power, c_toughness, description) values ('4608','Spire of Industry','null','10','3','6','//gatherer.wizards.com/Handlers/Image.ashx?multiverseid=423851&type=card','none','none','{T}: Add {C} to your mana pool.
{T}, Pay 1 life: Add one mana of any color to your mana pool. Activate this ability only if you control an artifact.');
insert into card_color (id_card, id_color) values (4608,1);
insert into card_type (id_card, id_type) values (4608,2);
insert into card(id, name, manaCost, cmc, rarity_id, set_id, imageUrl, c_power, c_toughness, description) values ('4609','Ajani, Valiant Protector','{4}{G}{W}','10','4','6','//gatherer.wizards.com/Handlers/Image.ashx?multiverseid=425692&type=card','none','none','+2: Put two +1/+1 counters on up to one target creature.
+1: Reveal cards from the top of your library until you reveal a creature card. Put that card into your hand and the rest on the bottom of your library in a random order.
−11: Put X +1/+1 counters on target creature, where X is your life total. That creature gains trample until end of turn.');
insert into card_color (id_card, id_color) values (4609,2);
insert into card_color (id_card, id_color) values (4609,5);
insert into card_type (id_card, id_type) values (4609,5);
insert into card(id, name, manaCost, cmc, rarity_id, set_id, imageUrl, c_power, c_toughness, description) values ('4610','Inspiring Roar','{3}{W}','10','1','6','//gatherer.wizards.com/Handlers/Image.ashx?multiverseid=425693&type=card','none','none','Put a +1/+1 counter on each creature you control.');
insert into card_color (id_card, id_color) values (4610,2);
insert into card_type (id_card, id_type) values (4610,6);
insert into card(id, name, manaCost, cmc, rarity_id, set_id, imageUrl, c_power, c_toughness, description) values ('4611','Ajani§s Comrade','{1}{G}','10','2','6','//gatherer.wizards.com/Handlers/Image.ashx?multiverseid=425694&type=card','2','2','Trample
At the beginning of combat on your turn, if you control an Ajani planeswalker, put a +1/+1 counter on Ajani§s Comrade.');
insert into card_color (id_card, id_color) values (4611,5);
insert into card_type (id_card, id_type) values (4611,1);
insert into card(id, name, manaCost, cmc, rarity_id, set_id, imageUrl, c_power, c_toughness, description) values ('4612','Ajani§s Aid','{2}{G}{W}','10','3','6','//gatherer.wizards.com/Handlers/Image.ashx?multiverseid=425695&type=card','none','none','When Ajani§s Aid enters the battlefield, you may search your library and/or graveyard for a card named Ajani, Valiant Protector, reveal it, and put it into your hand. If you search your library this way, shuffle it.
Sacrifice Ajani§s Aid: Prevent all combat damage a creature of your choice would deal this turn.');
insert into card_color (id_card, id_color) values (4612,2);
insert into card_color (id_card, id_color) values (4612,5);
insert into card_type (id_card, id_type) values (4612,4);
insert into card(id, name, manaCost, cmc, rarity_id, set_id, imageUrl, c_power, c_toughness, description) values ('4613','Tranquil Expanse','null','10','1','6','//gatherer.wizards.com/Handlers/Image.ashx?multiverseid=425696&type=card','none','none','Tranquil Expanse enters the battlefield tapped.
{T}: Add {G} or {W} to your mana pool.');
insert into card_color (id_card, id_color) values (4613,5);
insert into card_color (id_card, id_color) values (4613,2);
insert into card_type (id_card, id_type) values (4613,2);
insert into card(id, name, manaCost, cmc, rarity_id, set_id, imageUrl, c_power, c_toughness, description) values ('4614','Tezzeret, Master of Metal','{4}{U}{B}','10','4','6','//gatherer.wizards.com/Handlers/Image.ashx?multiverseid=425697&type=card','none','none','+1: Reveal cards from the top of your library until you reveal an artifact card. Put that card into your hand and the rest on the bottom of your library in a random order.
−3: Target opponent loses life equal to the number of artifacts you control.
−8: Gain control of all artifacts and creatures target opponent controls.');
insert into card_color (id_card, id_color) values (4614,6);
insert into card_color (id_card, id_color) values (4614,3);
insert into card_type (id_card, id_type) values (4614,5);
insert into card(id, name, manaCost, cmc, rarity_id, set_id, imageUrl, c_power, c_toughness, description) values ('4615','Tezzeret§s Betrayal','{3}{U}{B}','10','3','6','//gatherer.wizards.com/Handlers/Image.ashx?multiverseid=425698&type=card','none','none','Destroy target creature. You may search your library and/or graveyard for a card named Tezzeret, Master of Metal, reveal it, and put it into your hand. If you search your library this way, shuffle it.');
insert into card_color (id_card, id_color) values (4615,6);
insert into card_color (id_card, id_color) values (4615,3);
insert into card_type (id_card, id_type) values (4615,6);
insert into card(id, name, manaCost, cmc, rarity_id, set_id, imageUrl, c_power, c_toughness, description) values ('4616','Pendulum of Patterns','{2}','10','1','6','//gatherer.wizards.com/Handlers/Image.ashx?multiverseid=425699&type=card','none','none','When Pendulum of Patterns enters the battlefield, you gain 3 life.
{5}, {T}, Sacrifice Pendulum of Patterns: Draw a card.');
insert into card_color (id_card, id_color) values (4616,1);
insert into card_type (id_card, id_type) values (4616,3);
insert into card(id, name, manaCost, cmc, rarity_id, set_id, imageUrl, c_power, c_toughness, description) values ('4617','Tezzeret§s Simulacrum','{3}','10','2','6','//gatherer.wizards.com/Handlers/Image.ashx?multiverseid=425700&type=card','2','3','{T}: Target opponent loses 1 life. If you control a Tezzeret planeswalker, that player loses 3 life instead.');
insert into card_color (id_card, id_color) values (4617,1);
insert into card_type (id_card, id_type) values (4617,3);
insert into card_type (id_card, id_type) values (4617,1);
insert into card(id, name, manaCost, cmc, rarity_id, set_id, imageUrl, c_power, c_toughness, description) values ('4618','Submerged Boneyard','null','10','1','6','//gatherer.wizards.com/Handlers/Image.ashx?multiverseid=425701&type=card','none','none','Submerged Boneyard enters the battlefield tapped.
{T}: Add {U} or {B} to your mana pool.');
insert into card_color (id_card, id_color) values (4618,6);
insert into card_color (id_card, id_color) values (4618,3);
insert into card_type (id_card, id_type) values (4618,2);
insert into card(id, name, manaCost, cmc, rarity_id, set_id, imageUrl, c_power, c_toughness, description) values ('4933','Angel of Sanctions','{3}{W}{W}','10','4','7','//gatherer.wizards.com/Handlers/Image.ashx?multiverseid=426703&type=card','3','4','Flying
When Angel of Sanctions enters the battlefield, you may exile target nonland permanent an opponent controls until Angel of Sanctions leaves the battlefield.
Embalm {5}{W} ({5}{W}, Exile this card from your graveyard: Create a token that§s a copy of it, except it§s a white Zombie Angel with no mana cost. Embalm only as a sorcery.)');
insert into card_color (id_card, id_color) values (4933,2);
insert into card_type (id_card, id_type) values (4933,1);
insert into card(id, name, manaCost, cmc, rarity_id, set_id, imageUrl, c_power, c_toughness, description) values ('4934','Anointed Procession','{3}{W}','10','3','7','//gatherer.wizards.com/Handlers/Image.ashx?multiverseid=426704&type=card','none','none','If an effect would create one or more tokens under your control, it creates twice that many of those tokens instead.');
insert into card_color (id_card, id_color) values (4934,2);
insert into card_type (id_card, id_type) values (4934,4);
insert into card(id, name, manaCost, cmc, rarity_id, set_id, imageUrl, c_power, c_toughness, description) values ('4935','Anointer Priest','{1}{W}','10','1','7','//gatherer.wizards.com/Handlers/Image.ashx?multiverseid=426705&type=card','1','3','Whenever a creature token enters the battlefield under your control, you gain 1 life.
Embalm {3}{W} ({3}{W}, Exile this card from your graveyard: Create a token that§s a copy of it, except it§s a white Zombie Human Cleric with no mana cost. Embalm only as a sorcery.)');
insert into card_color (id_card, id_color) values (4935,2);
insert into card_type (id_card, id_type) values (4935,1);
insert into card(id, name, manaCost, cmc, rarity_id, set_id, imageUrl, c_power, c_toughness, description) values ('4936','Approach of the Second Sun','{6}{W}','10','3','7','//gatherer.wizards.com/Handlers/Image.ashx?multiverseid=426706&type=card','none','none','If Approach of the Second Sun was cast from your hand and you§ve cast another spell named Approach of the Second Sun this game, you win the game. Otherwise, put Approach of the Second Sun into its owner§s library seventh from the top and you gain 7 life.');
insert into card_color (id_card, id_color) values (4936,2);
insert into card_type (id_card, id_type) values (4936,6);
insert into card(id, name, manaCost, cmc, rarity_id, set_id, imageUrl, c_power, c_toughness, description) values ('4937','Aven Mindcensor','{2}{W}','10','3','7','//gatherer.wizards.com/Handlers/Image.ashx?multiverseid=426707&type=card','2','1','Flash
Flying
If an opponent would search a library, that player searches the top four cards of that library instead.');
insert into card_color (id_card, id_color) values (4937,2);
insert into card_type (id_card, id_type) values (4937,1);
insert into card(id, name, manaCost, cmc, rarity_id, set_id, imageUrl, c_power, c_toughness, description) values ('4938','Binding Mummy','{1}{W}','10','1','7','//gatherer.wizards.com/Handlers/Image.ashx?multiverseid=426708&type=card','2','2','Whenever another Zombie enters the battlefield under your control, you may tap target artifact or creature.');
insert into card_color (id_card, id_color) values (4938,2);
insert into card_type (id_card, id_type) values (4938,1);
insert into card(id, name, manaCost, cmc, rarity_id, set_id, imageUrl, c_power, c_toughness, description) values ('4939','Cartouche of Solidarity','{W}','10','1','7','//gatherer.wizards.com/Handlers/Image.ashx?multiverseid=426709&type=card','none','none','Enchant creature you control
When Cartouche of Solidarity enters the battlefield, create a 1/1 white Warrior creature token with vigilance.
Enchanted creature gets +1/+1 and has first strike.');
insert into card_color (id_card, id_color) values (4939,2);
insert into card_type (id_card, id_type) values (4939,4);
insert into card(id, name, manaCost, cmc, rarity_id, set_id, imageUrl, c_power, c_toughness, description) values ('4940','Cast Out','{3}{W}','10','2','7','//gatherer.wizards.com/Handlers/Image.ashx?multiverseid=426710&type=card','none','none','Flash
When Cast Out enters the battlefield, exile target nonland permanent an opponent controls until Cast Out leaves the battlefield.
Cycling {W} ({W}, Discard this card: Draw a card.)');
insert into card_color (id_card, id_color) values (4940,2);
insert into card_type (id_card, id_type) values (4940,4);
insert into card(id, name, manaCost, cmc, rarity_id, set_id, imageUrl, c_power, c_toughness, description) values ('4941','Compulsory Rest','{1}{W}','10','1','7','//gatherer.wizards.com/Handlers/Image.ashx?multiverseid=426711&type=card','none','none','Enchant creature
Enchanted creature can§t attack or block.
Enchanted creature has "{2}, Sacrifice this creature: You gain 2 life."');
insert into card_color (id_card, id_color) values (4941,2);
insert into card_type (id_card, id_type) values (4941,4);
insert into card(id, name, manaCost, cmc, rarity_id, set_id, imageUrl, c_power, c_toughness, description) values ('4942','Devoted Crop-Mate','{2}{W}','10','2','7','//gatherer.wizards.com/Handlers/Image.ashx?multiverseid=426712&type=card','3','2','You may exert Devoted Crop-Mate as it attacks. When you do, return target creature card with converted mana cost 2 or less from your graveyard to the battlefield. (An exerted creature won§t untap during your next untap step.)');
insert into card_color (id_card, id_color) values (4942,2);
insert into card_type (id_card, id_type) values (4942,1);
insert into card(id, name, manaCost, cmc, rarity_id, set_id, imageUrl, c_power, c_toughness, description) values ('4943','Djeru§s Resolve','{W}','10','1','7','//gatherer.wizards.com/Handlers/Image.ashx?multiverseid=426713&type=card','none','none','Untap target creature. Prevent all damage that would be dealt to it this turn.
Cycling {2} ({2}, Discard this card: Draw a card.)');
insert into card_color (id_card, id_color) values (4943,2);
insert into card_type (id_card, id_type) values (4943,7);
insert into card(id, name, manaCost, cmc, rarity_id, set_id, imageUrl, c_power, c_toughness, description) values ('4944','Fan Bearer','{W}','10','1','7','//gatherer.wizards.com/Handlers/Image.ashx?multiverseid=426714&type=card','1','2','{2}, {T}: Tap target creature.');
insert into card_color (id_card, id_color) values (4944,2);
insert into card_type (id_card, id_type) values (4944,1);
insert into card(id, name, manaCost, cmc, rarity_id, set_id, imageUrl, c_power, c_toughness, description) values ('4945','Forsake the Worldly','{2}{W}','10','1','7','//gatherer.wizards.com/Handlers/Image.ashx?multiverseid=426715&type=card','none','none','Exile target artifact or enchantment.
Cycling {2} ({2}, Discard this card: Draw a card.)');
insert into card_color (id_card, id_color) values (4945,2);
insert into card_type (id_card, id_type) values (4945,7);
insert into card(id, name, manaCost, cmc, rarity_id, set_id, imageUrl, c_power, c_toughness, description) values ('4946','Gideon of the Trials','{1}{W}{W}','10','4','7','//gatherer.wizards.com/Handlers/Image.ashx?multiverseid=426716&type=card','none','none','+1: Until your next turn, prevent all damage target permanent would deal.
0: Until end of turn, Gideon of the Trials becomes a 4/4 Human Soldier creature with indestructible that§s still a planeswalker. Prevent all damage that would be dealt to him this turn.
0: You get an emblem with "As long as you control a Gideon planeswalker, you can§t lose the game and your opponents can§t win the game."');
insert into card_color (id_card, id_color) values (4946,2);
insert into card_type (id_card, id_type) values (4946,5);
insert into card(id, name, manaCost, cmc, rarity_id, set_id, imageUrl, c_power, c_toughness, description) values ('4947','Gideon§s Intervention','{2}{W}{W}','10','3','7','//gatherer.wizards.com/Handlers/Image.ashx?multiverseid=426717&type=card','none','none','As Gideon§s Intervention enters the battlefield, choose a card name.
Your opponents can§t cast spells with the chosen name.
Prevent all damage that would be dealt to you and permanents you control by sources with the chosen name.');
insert into card_color (id_card, id_color) values (4947,2);
insert into card_type (id_card, id_type) values (4947,4);
insert into card(id, name, manaCost, cmc, rarity_id, set_id, imageUrl, c_power, c_toughness, description) values ('4948','Glory-Bound Initiate','{1}{W}','10','3','7','//gatherer.wizards.com/Handlers/Image.ashx?multiverseid=426718&type=card','3','1','You may exert Glory-Bound Initiate as it attacks. When you do, it gets +1/+3 and gains lifelink until end of turn. (An exerted creature won§t untap during your next untap step.)');
insert into card_color (id_card, id_color) values (4948,2);
insert into card_type (id_card, id_type) values (4948,1);
insert into card(id, name, manaCost, cmc, rarity_id, set_id, imageUrl, c_power, c_toughness, description) values ('4949','Gust Walker','{1}{W}','10','1','7','//gatherer.wizards.com/Handlers/Image.ashx?multiverseid=426719&type=card','2','2','You may exert Gust Walker as it attacks. When you do, it gets +1/+1 and gains flying until end of turn. (An exerted creature won§t untap during your next untap step.)');
insert into card_color (id_card, id_color) values (4949,2);
insert into card_type (id_card, id_type) values (4949,1);
insert into card(id, name, manaCost, cmc, rarity_id, set_id, imageUrl, c_power, c_toughness, description) values ('4950','Impeccable Timing','{1}{W}','10','1','7','//gatherer.wizards.com/Handlers/Image.ashx?multiverseid=426720&type=card','none','none','Impeccable Timing deals 3 damage to target attacking or blocking creature.');
insert into card_color (id_card, id_color) values (4950,2);
insert into card_type (id_card, id_type) values (4950,7);
insert into card(id, name, manaCost, cmc, rarity_id, set_id, imageUrl, c_power, c_toughness, description) values ('4951','In Oketra§s Name','{1}{W}','10','1','7','//gatherer.wizards.com/Handlers/Image.ashx?multiverseid=426721&type=card','none','none','Zombies you control get +2/+1 until end of turn. Other creatures you control get +1/+1 until end of turn.');
insert into card_color (id_card, id_color) values (4951,2);
insert into card_type (id_card, id_type) values (4951,7);
insert into card(id, name, manaCost, cmc, rarity_id, set_id, imageUrl, c_power, c_toughness, description) values ('4952','Mighty Leap','{1}{W}','10','1','7','//gatherer.wizards.com/Handlers/Image.ashx?multiverseid=426722&type=card','none','none','Target creature gets +2/+2 and gains flying until end of turn.');
insert into card_color (id_card, id_color) values (4952,2);
insert into card_type (id_card, id_type) values (4952,7);
insert into card(id, name, manaCost, cmc, rarity_id, set_id, imageUrl, c_power, c_toughness, description) values ('4953','Oketra the True','{3}{W}','10','4','7','//gatherer.wizards.com/Handlers/Image.ashx?multiverseid=426723&type=card','3','6','Double strike, indestructible
Oketra the True can§t attack or block unless you control at least three other creatures.
{3}{W}: Create a 1/1 white Warrior creature token with vigilance.');
insert into card_color (id_card, id_color) values (4953,2);
insert into card_type (id_card, id_type) values (4953,1);
insert into card_supertype (id_card, id_supertype) values (4953,3);
insert into card(id, name, manaCost, cmc, rarity_id, set_id, imageUrl, c_power, c_toughness, description) values ('4954','Oketra§s Attendant','{3}{W}{W}','10','2','7','//gatherer.wizards.com/Handlers/Image.ashx?multiverseid=426724&type=card','3','3','Flying
Cycling {2} ({2}, Discard this card: Draw a card.)
Embalm {3}{W}{W} ({3}{W}{W}, Exile this card from your graveyard: Create a token that§s a copy of it, except it§s a white Zombie Bird Soldier with no mana cost. Embalm only as a sorcery.)');
insert into card_color (id_card, id_color) values (4954,2);
insert into card_type (id_card, id_type) values (4954,1);
insert into card(id, name, manaCost, cmc, rarity_id, set_id, imageUrl, c_power, c_toughness, description) values ('4955','Protection of the Hekma','{4}{W}','10','2','7','//gatherer.wizards.com/Handlers/Image.ashx?multiverseid=426725&type=card','none','none','If a source an opponent controls would deal damage to you, prevent 1 of that damage.');
insert into card_color (id_card, id_color) values (4955,2);
insert into card_type (id_card, id_type) values (4955,4);
insert into card(id, name, manaCost, cmc, rarity_id, set_id, imageUrl, c_power, c_toughness, description) values ('4956','Regal Caracal','{3}{W}{W}','10','3','7','//gatherer.wizards.com/Handlers/Image.ashx?multiverseid=426726&type=card','3','3','Other Cats you control get +1/+1 and have lifelink.
When Regal Caracal enters the battlefield, create two 1/1 white Cat creature tokens with lifelink.');
insert into card_color (id_card, id_color) values (4956,2);
insert into card_type (id_card, id_type) values (4956,1);
insert into card(id, name, manaCost, cmc, rarity_id, set_id, imageUrl, c_power, c_toughness, description) values ('4957','Renewed Faith','{2}{W}','10','2','7','//gatherer.wizards.com/Handlers/Image.ashx?multiverseid=426727&type=card','none','none','You gain 6 life.
Cycling {1}{W} ({1}{W}, Discard this card: Draw a card.)
When you cycle Renewed Faith, you may gain 2 life.');
insert into card_color (id_card, id_color) values (4957,2);
insert into card_type (id_card, id_type) values (4957,7);
insert into card(id, name, manaCost, cmc, rarity_id, set_id, imageUrl, c_power, c_toughness, description) values ('4958','Rhet-Crop Spearmaster','{2}{W}','10','1','7','//gatherer.wizards.com/Handlers/Image.ashx?multiverseid=426728&type=card','3','1','You may exert Rhet-Crop Spearmaster as it attacks. When you do, it gets +1/+0 and gains first strike until end of turn. (An exerted creature won§t untap during your next untap step.)');
insert into card_color (id_card, id_color) values (4958,2);
insert into card_type (id_card, id_type) values (4958,1);
insert into card(id, name, manaCost, cmc, rarity_id, set_id, imageUrl, c_power, c_toughness, description) values ('4959','Sacred Cat','{W}','10','1','7','//gatherer.wizards.com/Handlers/Image.ashx?multiverseid=426729&type=card','1','1','Lifelink
Embalm {W} ({W}, Exile this card from your graveyard: Create a token that§s a copy of it, except it§s a white Zombie Cat with no mana cost. Embalm only as a sorcery.)');
insert into card_color (id_card, id_color) values (4959,2);
insert into card_type (id_card, id_type) values (4959,1);
insert into card(id, name, manaCost, cmc, rarity_id, set_id, imageUrl, c_power, c_toughness, description) values ('4960','Seraph of the Suns','{5}{W}{W}','10','2','7','//gatherer.wizards.com/Handlers/Image.ashx?multiverseid=426730&type=card','4','4','Flying
Indestructible (Damage and effects that say "destroy" don§t destroy this creature. If its toughness is 0 or less, it§s still put into its owner§s graveyard.)');
insert into card_color (id_card, id_color) values (4960,2);
insert into card_type (id_card, id_type) values (4960,1);
insert into card(id, name, manaCost, cmc, rarity_id, set_id, imageUrl, c_power, c_toughness, description) values ('4961','Sparring Mummy','{3}{W}','10','1','7','//gatherer.wizards.com/Handlers/Image.ashx?multiverseid=426731&type=card','3','3','When Sparring Mummy enters the battlefield, untap target creature.');
insert into card_color (id_card, id_color) values (4961,2);
insert into card_type (id_card, id_type) values (4961,1);
insert into card(id, name, manaCost, cmc, rarity_id, set_id, imageUrl, c_power, c_toughness, description) values ('4962','Supply Caravan','{4}{W}','10','1','7','//gatherer.wizards.com/Handlers/Image.ashx?multiverseid=426732&type=card','3','5','When Supply Caravan enters the battlefield, if you control a tapped creature, create a 1/1 white Warrior creature token with vigilance.');
insert into card_color (id_card, id_color) values (4962,2);
insert into card_type (id_card, id_type) values (4962,1);
insert into card(id, name, manaCost, cmc, rarity_id, set_id, imageUrl, c_power, c_toughness, description) values ('4963','Tah-Crop Elite','{3}{W}','10','1','7','//gatherer.wizards.com/Handlers/Image.ashx?multiverseid=426733&type=card','2','2','Flying
You may exert Tah-Crop Elite as it attacks. When you do, creatures you control get +1/+1 until end of turn. (An exerted creature won§t untap during your next untap step.)');
insert into card_color (id_card, id_color) values (4963,2);
insert into card_type (id_card, id_type) values (4963,1);
insert into card(id, name, manaCost, cmc, rarity_id, set_id, imageUrl, c_power, c_toughness, description) values ('4964','Those Who Serve','{2}{W}','10','1','7','//gatherer.wizards.com/Handlers/Image.ashx?multiverseid=426734&type=card','2','4','null');
insert into card_color (id_card, id_color) values (4964,2);
insert into card_type (id_card, id_type) values (4964,1);
insert into card(id, name, manaCost, cmc, rarity_id, set_id, imageUrl, c_power, c_toughness, description) values ('4965','Time to Reflect','{W}','10','2','7','//gatherer.wizards.com/Handlers/Image.ashx?multiverseid=426735&type=card','none','none','Exile target creature that blocked or was blocked by a Zombie this turn.');
insert into card_color (id_card, id_color) values (4965,2);
insert into card_type (id_card, id_type) values (4965,7);
insert into card(id, name, manaCost, cmc, rarity_id, set_id, imageUrl, c_power, c_toughness, description) values ('4966','Trial of Solidarity','{2}{W}','10','2','7','//gatherer.wizards.com/Handlers/Image.ashx?multiverseid=426736&type=card','none','none','When Trial of Solidarity enters the battlefield, creatures you control get +2/+1 and gain vigilance until end of turn.
When a Cartouche enters the battlefield under your control, return Trial of Solidarity to its owner§s hand.');
insert into card_color (id_card, id_color) values (4966,2);
insert into card_type (id_card, id_type) values (4966,4);
insert into card(id, name, manaCost, cmc, rarity_id, set_id, imageUrl, c_power, c_toughness, description) values ('4967','Trueheart Duelist','{1}{W}','10','2','7','//gatherer.wizards.com/Handlers/Image.ashx?multiverseid=426737&type=card','2','2','Trueheart Duelist can block an additional creature each combat.
Embalm {2}{W} ({2}{W}, Exile this card from your graveyard: Create a token that§s a copy of it, except it§s a white Zombie Human Warrior with no mana cost. Embalm only as a sorcery.)');
insert into card_color (id_card, id_color) values (4967,2);
insert into card_type (id_card, id_type) values (4967,1);
insert into card(id, name, manaCost, cmc, rarity_id, set_id, imageUrl, c_power, c_toughness, description) values ('4968','Unwavering Initiate','{2}{W}','10','1','7','//gatherer.wizards.com/Handlers/Image.ashx?multiverseid=426738&type=card','3','2','Vigilance
Embalm {4}{W} ({4}{W}, Exile this card from your graveyard: Create a token that§s a copy of it, except it§s a white Zombie Human Warrior with no mana cost. Embalm only as a sorcery.)');
insert into card_color (id_card, id_color) values (4968,2);
insert into card_type (id_card, id_type) values (4968,1);
insert into card(id, name, manaCost, cmc, rarity_id, set_id, imageUrl, c_power, c_toughness, description) values ('4969','Vizier of Deferment','{2}{W}','10','2','7','//gatherer.wizards.com/Handlers/Image.ashx?multiverseid=426739&type=card','2','2','Flash
When Vizier of Deferment enters the battlefield, you may exile target creature if it attacked or blocked this turn. Return that card to the battlefield under its owner§s control at the beginning of the next end step.');
insert into card_color (id_card, id_color) values (4969,2);
insert into card_type (id_card, id_type) values (4969,1);
insert into card(id, name, manaCost, cmc, rarity_id, set_id, imageUrl, c_power, c_toughness, description) values ('4970','Vizier of Remedies','{1}{W}','10','2','7','//gatherer.wizards.com/Handlers/Image.ashx?multiverseid=426740&type=card','2','1','If one or more -1/-1 counters would be put on a creature you control, that many -1/-1 counters minus one are put on it instead.');
insert into card_color (id_card, id_color) values (4970,2);
insert into card_type (id_card, id_type) values (4970,1);
insert into card(id, name, manaCost, cmc, rarity_id, set_id, imageUrl, c_power, c_toughness, description) values ('4971','Winged Shepherd','{5}{W}','10','1','7','//gatherer.wizards.com/Handlers/Image.ashx?multiverseid=426741&type=card','3','3','Flying, vigilance
Cycling {W} ({W}, Discard this card: Draw a card.)');
insert into card_color (id_card, id_color) values (4971,2);
insert into card_type (id_card, id_type) values (4971,1);
insert into card(id, name, manaCost, cmc, rarity_id, set_id, imageUrl, c_power, c_toughness, description) values ('4972','Ancient Crab','{1}{U}{U}','10','1','7','//gatherer.wizards.com/Handlers/Image.ashx?multiverseid=426742&type=card','1','5','null');
insert into card_color (id_card, id_color) values (4972,6);
insert into card_type (id_card, id_type) values (4972,1);
insert into card(id, name, manaCost, cmc, rarity_id, set_id, imageUrl, c_power, c_toughness, description) values ('4973','Angler Drake','{4}{U}{U}','10','2','7','//gatherer.wizards.com/Handlers/Image.ashx?multiverseid=426743&type=card','4','4','Flying
When Angler Drake enters the battlefield, you may return target creature to its owner§s hand.');
insert into card_color (id_card, id_color) values (4973,6);
insert into card_type (id_card, id_type) values (4973,1);
insert into card(id, name, manaCost, cmc, rarity_id, set_id, imageUrl, c_power, c_toughness, description) values ('4974','As Foretold','{2}{U}','10','4','7','//gatherer.wizards.com/Handlers/Image.ashx?multiverseid=426744&type=card','none','none','At the beginning of your upkeep, put a time counter on As Foretold.
Once each turn, you may pay {0} rather than pay the mana cost for a spell you cast with converted mana cost X or less, where X is the number of time counters on As Foretold.');
insert into card_color (id_card, id_color) values (4974,6);
insert into card_type (id_card, id_type) values (4974,4);
insert into card(id, name, manaCost, cmc, rarity_id, set_id, imageUrl, c_power, c_toughness, description) values ('4975','Aven Initiate','{3}{U}','10','1','7','//gatherer.wizards.com/Handlers/Image.ashx?multiverseid=426745&type=card','3','2','Flying
Embalm {6}{U} ({6}{U}, Exile this card from your graveyard: Create a token that§s a copy of it, except it§s a white Zombie Bird Warrior with no mana cost. Embalm only as a sorcery.)');
insert into card_color (id_card, id_color) values (4975,6);
insert into card_type (id_card, id_type) values (4975,1);
insert into card(id, name, manaCost, cmc, rarity_id, set_id, imageUrl, c_power, c_toughness, description) values ('4976','Cancel','{1}{U}{U}','10','1','7','//gatherer.wizards.com/Handlers/Image.ashx?multiverseid=426746&type=card','none','none','Counter target spell.');
insert into card_color (id_card, id_color) values (4976,6);
insert into card_type (id_card, id_type) values (4976,7);
insert into card(id, name, manaCost, cmc, rarity_id, set_id, imageUrl, c_power, c_toughness, description) values ('4977','Cartouche of Knowledge','{1}{U}','10','1','7','//gatherer.wizards.com/Handlers/Image.ashx?multiverseid=426747&type=card','none','none','Enchant creature you control
When Cartouche of Knowledge enters the battlefield, draw a card.
Enchanted creature gets +1/+1 and has flying.');
insert into card_color (id_card, id_color) values (4977,6);
insert into card_type (id_card, id_type) values (4977,4);
insert into card(id, name, manaCost, cmc, rarity_id, set_id, imageUrl, c_power, c_toughness, description) values ('4978','Censor','{1}{U}','10','2','7','//gatherer.wizards.com/Handlers/Image.ashx?multiverseid=426748&type=card','none','none','Counter target spell unless its controller pays {1}.
Cycling {U} ({U}, Discard this card: Draw a card.)');
insert into card_color (id_card, id_color) values (4978,6);
insert into card_type (id_card, id_type) values (4978,7);
insert into card(id, name, manaCost, cmc, rarity_id, set_id, imageUrl, c_power, c_toughness, description) values ('4979','Compelling Argument','{1}{U}','10','1','7','//gatherer.wizards.com/Handlers/Image.ashx?multiverseid=426749&type=card','none','none','Target player puts the top five cards of his or her library into his or her graveyard.
Cycling {U} ({U}, Discard this card: Draw a card.)');
insert into card_color (id_card, id_color) values (4979,6);
insert into card_type (id_card, id_type) values (4979,6);
insert into card(id, name, manaCost, cmc, rarity_id, set_id, imageUrl, c_power, c_toughness, description) values ('4980','Cryptic Serpent','{5}{U}{U}','10','2','7','//gatherer.wizards.com/Handlers/Image.ashx?multiverseid=426750&type=card','6','5','Cryptic Serpent costs {1} less to cast for each instant and sorcery card in your graveyard.');
insert into card_color (id_card, id_color) values (4980,6);
insert into card_type (id_card, id_type) values (4980,1);
insert into card(id, name, manaCost, cmc, rarity_id, set_id, imageUrl, c_power, c_toughness, description) values ('4981','Curator of Mysteries','{2}{U}{U}','10','3','7','//gatherer.wizards.com/Handlers/Image.ashx?multiverseid=426751&type=card','4','4','Flying
Whenever you cycle or discard another card, scry 1.
Cycling {U} ({U}, Discard this card: Draw a card.)');
insert into card_color (id_card, id_color) values (4981,6);
insert into card_type (id_card, id_type) values (4981,1);
insert into card(id, name, manaCost, cmc, rarity_id, set_id, imageUrl, c_power, c_toughness, description) values ('4982','Decision Paralysis','{3}{U}','10','1','7','//gatherer.wizards.com/Handlers/Image.ashx?multiverseid=426752&type=card','none','none','Tap up to two target creatures. Those creatures don§t untap during their controller§s next untap step.');
insert into card_color (id_card, id_color) values (4982,6);
insert into card_type (id_card, id_type) values (4982,7);
insert into card(id, name, manaCost, cmc, rarity_id, set_id, imageUrl, c_power, c_toughness, description) values ('4983','Drake Haven','{2}{U}','10','3','7','//gatherer.wizards.com/Handlers/Image.ashx?multiverseid=426753&type=card','none','none','Whenever you cycle or discard a card, you may pay {1}. If you do, create a 2/2 blue Drake creature token with flying.');
insert into card_color (id_card, id_color) values (4983,6);
insert into card_type (id_card, id_type) values (4983,4);
insert into card(id, name, manaCost, cmc, rarity_id, set_id, imageUrl, c_power, c_toughness, description) values ('4984','Essence Scatter','{1}{U}','10','1','7','//gatherer.wizards.com/Handlers/Image.ashx?multiverseid=426754&type=card','none','none','Counter target creature spell.');
insert into card_color (id_card, id_color) values (4984,6);
insert into card_type (id_card, id_type) values (4984,7);
insert into card(id, name, manaCost, cmc, rarity_id, set_id, imageUrl, c_power, c_toughness, description) values ('4985','Floodwaters','{4}{U}{U}','10','1','7','//gatherer.wizards.com/Handlers/Image.ashx?multiverseid=426755&type=card','none','none','Return up to two target creatures to their owners§ hands.
Cycling {2} ({2}, Discard this card: Draw a card.)');
insert into card_color (id_card, id_color) values (4985,6);
insert into card_type (id_card, id_type) values (4985,6);
insert into card(id, name, manaCost, cmc, rarity_id, set_id, imageUrl, c_power, c_toughness, description) values ('4986','Galestrike','{2}{U}','10','2','7','//gatherer.wizards.com/Handlers/Image.ashx?multiverseid=426756&type=card','none','none','Return target tapped creature to its owner§s hand.
Draw a card.');
insert into card_color (id_card, id_color) values (4986,6);
insert into card_type (id_card, id_type) values (4986,7);
insert into card(id, name, manaCost, cmc, rarity_id, set_id, imageUrl, c_power, c_toughness, description) values ('4987','Glyph Keeper','{3}{U}{U}','10','3','7','//gatherer.wizards.com/Handlers/Image.ashx?multiverseid=426757&type=card','5','3','Flying
Whenever Glyph Keeper becomes the target of a spell or ability for the first time each turn, counter that spell or ability.
Embalm {5}{U}{U} ({5}{U}{U}, Exile this card from your graveyard: Create a token that§s a copy of it, except it§s a white Zombie Sphinx with no mana cost. Embalm only as a sorcery.)');
insert into card_color (id_card, id_color) values (4987,6);
insert into card_type (id_card, id_type) values (4987,1);
insert into card(id, name, manaCost, cmc, rarity_id, set_id, imageUrl, c_power, c_toughness, description) values ('4988','Hekma Sentinels','{2}{U}','10','1','7','//gatherer.wizards.com/Handlers/Image.ashx?multiverseid=426758&type=card','2','3','Whenever you cycle or discard a card, Hekma Sentinels gets +1/+1 until end of turn.');
insert into card_color (id_card, id_color) values (4988,6);
insert into card_type (id_card, id_type) values (4988,1);
insert into card(id, name, manaCost, cmc, rarity_id, set_id, imageUrl, c_power, c_toughness, description) values ('4989','Hieroglyphic Illumination','{3}{U}','10','1','7','//gatherer.wizards.com/Handlers/Image.ashx?multiverseid=426759&type=card','none','none','Draw two cards.
Cycling {U} ({U}, Discard this card: Draw a card.)');
insert into card_color (id_card, id_color) values (4989,6);
insert into card_type (id_card, id_type) values (4989,7);
insert into card(id, name, manaCost, cmc, rarity_id, set_id, imageUrl, c_power, c_toughness, description) values ('4990','Illusory Wrappings','{2}{U}','10','1','7','//gatherer.wizards.com/Handlers/Image.ashx?multiverseid=426760&type=card','none','none','Enchant creature
Enchanted creature has base power and toughness 0/2.');
insert into card_color (id_card, id_color) values (4990,6);
insert into card_type (id_card, id_type) values (4990,4);
insert into card(id, name, manaCost, cmc, rarity_id, set_id, imageUrl, c_power, c_toughness, description) values ('4991','Kefnet the Mindful','{2}{U}','10','4','7','//gatherer.wizards.com/Handlers/Image.ashx?multiverseid=426761&type=card','5','5','Flying, indestructible
Kefnet the Mindful can§t attack or block unless you have seven or more cards in hand.
{3}{U}: Draw a card, then you may return a land you control to its owner§s hand.');
insert into card_color (id_card, id_color) values (4991,6);
insert into card_type (id_card, id_type) values (4991,1);
insert into card_supertype (id_card, id_supertype) values (4991,3);
insert into card(id, name, manaCost, cmc, rarity_id, set_id, imageUrl, c_power, c_toughness, description) values ('4992','Labyrinth Guardian','{1}{U}','10','2','7','//gatherer.wizards.com/Handlers/Image.ashx?multiverseid=426762&type=card','2','3','When Labyrinth Guardian becomes the target of a spell, sacrifice it.
Embalm {3}{U} ({3}{U}, Exile this card from your graveyard: Create a token that§s a copy of it, except it§s a white Zombie Illusion Warrior with no mana cost. Embalm only as a sorcery.)');
insert into card_color (id_card, id_color) values (4992,6);
insert into card_type (id_card, id_type) values (4992,1);
insert into card(id, name, manaCost, cmc, rarity_id, set_id, imageUrl, c_power, c_toughness, description) values ('4993','Lay Claim','{5}{U}{U}','10','2','7','//gatherer.wizards.com/Handlers/Image.ashx?multiverseid=426763&type=card','none','none','Enchant permanent
You control enchanted permanent.
Cycling {2} ({2}, Discard this card: Draw a card.)');
insert into card_color (id_card, id_color) values (4993,6);
insert into card_type (id_card, id_type) values (4993,4);
insert into card(id, name, manaCost, cmc, rarity_id, set_id, imageUrl, c_power, c_toughness, description) values ('4994','Naga Oracle','{3}{U}','10','1','7','//gatherer.wizards.com/Handlers/Image.ashx?multiverseid=426764&type=card','2','4','When Naga Oracle enters the battlefield, look at the top three cards of your library. Put any number of them into your graveyard and the rest back on top of your library in any order.');
insert into card_color (id_card, id_color) values (4994,6);
insert into card_type (id_card, id_type) values (4994,1);
insert into card(id, name, manaCost, cmc, rarity_id, set_id, imageUrl, c_power, c_toughness, description) values ('4995','New Perspectives','{5}{U}','10','3','7','//gatherer.wizards.com/Handlers/Image.ashx?multiverseid=426765&type=card','none','none','When New Perspectives enters the battlefield, draw three cards.
As long as you have seven or more cards in hand, you may pay {0} rather than pay cycling costs.');
insert into card_color (id_card, id_color) values (4995,6);
insert into card_type (id_card, id_type) values (4995,4);
insert into card(id, name, manaCost, cmc, rarity_id, set_id, imageUrl, c_power, c_toughness, description) values ('4996','Open into Wonder','{X}{U}{U}','10','2','7','//gatherer.wizards.com/Handlers/Image.ashx?multiverseid=426766&type=card','none','none','X target creatures can§t be blocked this turn. Until end of turn, those creatures gain "Whenever this creature deals combat damage to a player, draw a card."');
insert into card_color (id_card, id_color) values (4996,6);
insert into card_type (id_card, id_type) values (4996,6);
insert into card(id, name, manaCost, cmc, rarity_id, set_id, imageUrl, c_power, c_toughness, description) values ('4997','Pull from Tomorrow','{X}{U}{U}','10','3','7','//gatherer.wizards.com/Handlers/Image.ashx?multiverseid=426767&type=card','none','none','Draw X cards, then discard a card.');
insert into card_color (id_card, id_color) values (4997,6);
insert into card_type (id_card, id_type) values (4997,7);
insert into card(id, name, manaCost, cmc, rarity_id, set_id, imageUrl, c_power, c_toughness, description) values ('4998','River Serpent','{5}{U}','10','1','7','//gatherer.wizards.com/Handlers/Image.ashx?multiverseid=426768&type=card','5','5','River Serpent can§t attack unless there are five or more cards in your graveyard.
Cycling {U} ({U}, Discard this card: Draw a card.)');
insert into card_color (id_card, id_color) values (4998,6);
insert into card_type (id_card, id_type) values (4998,1);
insert into card(id, name, manaCost, cmc, rarity_id, set_id, imageUrl, c_power, c_toughness, description) values ('4999','Sacred Excavation','{3}{U}','10','2','7','//gatherer.wizards.com/Handlers/Image.ashx?multiverseid=426769&type=card','none','none','Return up to two target cards with cycling from your graveyard to your hand.');
insert into card_color (id_card, id_color) values (4999,6);
insert into card_type (id_card, id_type) values (4999,6);
insert into card(id, name, manaCost, cmc, rarity_id, set_id, imageUrl, c_power, c_toughness, description) values ('5000','Scribe of the Mindful','{2}{U}','10','1','7','//gatherer.wizards.com/Handlers/Image.ashx?multiverseid=426770&type=card','2','2','{1}, {T}, Sacrifice Scribe of the Mindful: Return target instant or sorcery card from your graveyard to your hand.');
insert into card_color (id_card, id_color) values (5000,6);
insert into card_type (id_card, id_type) values (5000,1);
insert into card(id, name, manaCost, cmc, rarity_id, set_id, imageUrl, c_power, c_toughness, description) values ('5001','Seeker of Insight','{1}{U}','10','1','7','//gatherer.wizards.com/Handlers/Image.ashx?multiverseid=426771&type=card','1','3','{T}: Draw a card, then discard a card. Activate this ability only if you§ve cast a noncreature spell this turn.');
insert into card_color (id_card, id_color) values (5001,6);
insert into card_type (id_card, id_type) values (5001,1);
insert into card(id, name, manaCost, cmc, rarity_id, set_id, imageUrl, c_power, c_toughness, description) values ('5002','Shimmerscale Drake','{4}{U}','10','1','7','//gatherer.wizards.com/Handlers/Image.ashx?multiverseid=426772&type=card','3','4','Flying
Cycling {2} ({2}, Discard this card: Draw a card.)');
insert into card_color (id_card, id_color) values (5002,6);
insert into card_type (id_card, id_type) values (5002,1);
insert into card(id, name, manaCost, cmc, rarity_id, set_id, imageUrl, c_power, c_toughness, description) values ('5003','Slither Blade','{U}','10','1','7','//gatherer.wizards.com/Handlers/Image.ashx?multiverseid=426773&type=card','1','2','Slither Blade can§t be blocked.');
insert into card_color (id_card, id_color) values (5003,6);
insert into card_type (id_card, id_type) values (5003,1);
insert into card(id, name, manaCost, cmc, rarity_id, set_id, imageUrl, c_power, c_toughness, description) values ('5004','Tah-Crop Skirmisher','{1}{U}','10','1','7','//gatherer.wizards.com/Handlers/Image.ashx?multiverseid=426774&type=card','2','1','Embalm {3}{U} ({3}{U}, Exile this card from your graveyard: Create a token that§s a copy of it, except it§s a white Zombie Naga Warrior with no mana cost. Embalm only as a sorcery.)');
insert into card_color (id_card, id_color) values (5004,6);
insert into card_type (id_card, id_type) values (5004,1);
insert into card(id, name, manaCost, cmc, rarity_id, set_id, imageUrl, c_power, c_toughness, description) values ('5005','Trial of Knowledge','{3}{U}','10','2','7','//gatherer.wizards.com/Handlers/Image.ashx?multiverseid=426775&type=card','none','none','When Trial of Knowledge enters the battlefield, draw three cards, then discard a card.
When a Cartouche enters the battlefield under your control, return Trial of Knowledge to its owner§s hand.');
insert into card_color (id_card, id_color) values (5005,6);
insert into card_type (id_card, id_type) values (5005,4);
insert into card(id, name, manaCost, cmc, rarity_id, set_id, imageUrl, c_power, c_toughness, description) values ('5006','Vizier of Many Faces','{2}{U}{U}','10','3','7','//gatherer.wizards.com/Handlers/Image.ashx?multiverseid=426776&type=card','0','0','You may have Vizier of Many Faces enter the battlefield as a copy of any creature on the battlefield, except if Vizier of Many Faces was embalmed, the token has no mana cost, it§s white, and it§s a Zombie in addition to its other types.
Embalm {3}{U}{U}');
insert into card_color (id_card, id_color) values (5006,6);
insert into card_type (id_card, id_type) values (5006,1);
insert into card(id, name, manaCost, cmc, rarity_id, set_id, imageUrl, c_power, c_toughness, description) values ('5007','Vizier of Tumbling Sands','{2}{U}','10','2','7','//gatherer.wizards.com/Handlers/Image.ashx?multiverseid=426777&type=card','1','3','{T}: Untap another target permanent.
Cycling {1}{U} ({1}{U}, Discard this card: Draw a card.)
When you cycle Vizier of Tumbling Sands, untap target permanent.');
insert into card_color (id_card, id_color) values (5007,6);
insert into card_type (id_card, id_type) values (5007,1);
insert into card(id, name, manaCost, cmc, rarity_id, set_id, imageUrl, c_power, c_toughness, description) values ('5008','Winds of Rebuke','{1}{U}','10','1','7','//gatherer.wizards.com/Handlers/Image.ashx?multiverseid=426778&type=card','none','none','Return target nonland permanent to its owner§s hand. Each player puts the top two cards of his or her library into his or her graveyard.');
insert into card_color (id_card, id_color) values (5008,6);
insert into card_type (id_card, id_type) values (5008,7);
insert into card(id, name, manaCost, cmc, rarity_id, set_id, imageUrl, c_power, c_toughness, description) values ('5009','Zenith Seeker','{3}{U}','10','2','7','//gatherer.wizards.com/Handlers/Image.ashx?multiverseid=426779&type=card','2','2','Flying
Whenever you cycle or discard a card, target creature gains flying until end of turn.');
insert into card_color (id_card, id_color) values (5009,6);
insert into card_type (id_card, id_type) values (5009,1);
insert into card(id, name, manaCost, cmc, rarity_id, set_id, imageUrl, c_power, c_toughness, description) values ('5010','Archfiend of Ifnir','{3}{B}{B}','10','3','7','//gatherer.wizards.com/Handlers/Image.ashx?multiverseid=426780&type=card','5','4','Flying
Whenever you cycle or discard another card, put a -1/-1 counter on each creature your opponents control.
Cycling {2} ({2}, Discard this card: Draw a card.)');
insert into card_color (id_card, id_color) values (5010,3);
insert into card_type (id_card, id_type) values (5010,1);
insert into card(id, name, manaCost, cmc, rarity_id, set_id, imageUrl, c_power, c_toughness, description) values ('5011','Baleful Ammit','{2}{B}','10','2','7','//gatherer.wizards.com/Handlers/Image.ashx?multiverseid=426781&type=card','4','3','Lifelink
When Baleful Ammit enters the battlefield, put a -1/-1 counter on target creature you control.');
insert into card_color (id_card, id_color) values (5011,3);
insert into card_type (id_card, id_type) values (5011,1);
insert into card(id, name, manaCost, cmc, rarity_id, set_id, imageUrl, c_power, c_toughness, description) values ('5012','Blighted Bat','{2}{B}','10','1','7','//gatherer.wizards.com/Handlers/Image.ashx?multiverseid=426782&type=card','2','1','Flying
{1}: Blighted Bat gains haste until end of turn.');
insert into card_color (id_card, id_color) values (5012,3);
insert into card_type (id_card, id_type) values (5012,1);
insert into card(id, name, manaCost, cmc, rarity_id, set_id, imageUrl, c_power, c_toughness, description) values ('5013','Bone Picker','{3}{B}','10','2','7','//gatherer.wizards.com/Handlers/Image.ashx?multiverseid=426783&type=card','3','2','Bone Picker costs {3} less to cast if a creature died this turn.
Flying, deathtouch');
insert into card_color (id_card, id_color) values (5013,3);
insert into card_type (id_card, id_type) values (5013,1);
insert into card(id, name, manaCost, cmc, rarity_id, set_id, imageUrl, c_power, c_toughness, description) values ('5014','Bontu the Glorified','{2}{B}','10','4','7','//gatherer.wizards.com/Handlers/Image.ashx?multiverseid=426784&type=card','4','6','Menace, indestructible
Bontu the Glorified can§t attack or block unless a creature died under your control this turn.
{1}{B}, Sacrifice another creature: Scry 1. Each opponent loses 1 life and you gain 1 life.');
insert into card_color (id_card, id_color) values (5014,3);
insert into card_type (id_card, id_type) values (5014,1);
insert into card_supertype (id_card, id_supertype) values (5014,3);
insert into card(id, name, manaCost, cmc, rarity_id, set_id, imageUrl, c_power, c_toughness, description) values ('5015','Cartouche of Ambition','{2}{B}','10','1','7','//gatherer.wizards.com/Handlers/Image.ashx?multiverseid=426785&type=card','none','none','Enchant creature you control
When Cartouche of Ambition enters the battlefield, you may put a -1/-1 counter on target creature.
Enchanted creature gets +1/+1 and has lifelink.');
insert into card_color (id_card, id_color) values (5015,3);
insert into card_type (id_card, id_type) values (5015,4);
insert into card(id, name, manaCost, cmc, rarity_id, set_id, imageUrl, c_power, c_toughness, description) values ('5016','Cruel Reality','{5}{B}{B}','10','4','7','//gatherer.wizards.com/Handlers/Image.ashx?multiverseid=426786&type=card','none','none','Enchant player
At the beginning of enchanted player§s upkeep, that player sacrifices a creature or planeswalker. If the player can§t, he or she loses 5 life.');
insert into card_color (id_card, id_color) values (5016,3);
insert into card_type (id_card, id_type) values (5016,4);
insert into card(id, name, manaCost, cmc, rarity_id, set_id, imageUrl, c_power, c_toughness, description) values ('5017','Cursed Minotaur','{2}{B}','10','1','7','//gatherer.wizards.com/Handlers/Image.ashx?multiverseid=426787&type=card','3','2','Menace (This creature can§t be blocked except by two or more creatures.)');
insert into card_color (id_card, id_color) values (5017,3);
insert into card_type (id_card, id_type) values (5017,1);
insert into card(id, name, manaCost, cmc, rarity_id, set_id, imageUrl, c_power, c_toughness, description) values ('5018','Dispossess','{2}{B}','10','3','7','//gatherer.wizards.com/Handlers/Image.ashx?multiverseid=426788&type=card','none','none','Choose an artifact card name. Search target opponent§s graveyard, hand, and library for any number of cards with the chosen name and exile them. Then that player shuffles his or her library.');
insert into card_color (id_card, id_color) values (5018,3);
insert into card_type (id_card, id_type) values (5018,6);
insert into card(id, name, manaCost, cmc, rarity_id, set_id, imageUrl, c_power, c_toughness, description) values ('5019','Doomed Dissenter','{1}{B}','10','1','7','//gatherer.wizards.com/Handlers/Image.ashx?multiverseid=426789&type=card','1','1','When Doomed Dissenter dies, create a 2/2 black Zombie creature token.');
insert into card_color (id_card, id_color) values (5019,3);
insert into card_type (id_card, id_type) values (5019,1);
insert into card(id, name, manaCost, cmc, rarity_id, set_id, imageUrl, c_power, c_toughness, description) values ('5020','Dread Wanderer','{B}','10','3','7','//gatherer.wizards.com/Handlers/Image.ashx?multiverseid=426790&type=card','2','1','Dread Wanderer enters the battlefield tapped.
{2}{B}: Return Dread Wanderer from your graveyard to the battlefield. Activate this ability only any time you could cast a sorcery and only if you have one or fewer cards in hand.');
insert into card_color (id_card, id_color) values (5020,3);
insert into card_type (id_card, id_type) values (5020,1);
insert into card(id, name, manaCost, cmc, rarity_id, set_id, imageUrl, c_power, c_toughness, description) values ('5021','Dune Beetle','{1}{B}','10','1','7','//gatherer.wizards.com/Handlers/Image.ashx?multiverseid=426791&type=card','1','4','null');
insert into card_color (id_card, id_color) values (5021,3);
insert into card_type (id_card, id_type) values (5021,1);
insert into card(id, name, manaCost, cmc, rarity_id, set_id, imageUrl, c_power, c_toughness, description) values ('5022','Faith of the Devoted','{2}{B}','10','2','7','//gatherer.wizards.com/Handlers/Image.ashx?multiverseid=426792&type=card','none','none','Whenever you cycle or discard a card, you may pay {1}. If you do, each opponent loses 2 life and you gain 2 life.');
insert into card_color (id_card, id_color) values (5022,3);
insert into card_type (id_card, id_type) values (5022,4);
insert into card(id, name, manaCost, cmc, rarity_id, set_id, imageUrl, c_power, c_toughness, description) values ('5023','Festering Mummy','{B}','10','1','7','//gatherer.wizards.com/Handlers/Image.ashx?multiverseid=426793&type=card','1','1','When Festering Mummy dies, you may put a -1/-1 counter on target creature.');
insert into card_color (id_card, id_color) values (5023,3);
insert into card_type (id_card, id_type) values (5023,1);
insert into card(id, name, manaCost, cmc, rarity_id, set_id, imageUrl, c_power, c_toughness, description) values ('5024','Final Reward','{4}{B}','10','1','7','//gatherer.wizards.com/Handlers/Image.ashx?multiverseid=426794&type=card','none','none','Exile target creature.');
insert into card_color (id_card, id_color) values (5024,3);
insert into card_type (id_card, id_type) values (5024,7);
insert into card(id, name, manaCost, cmc, rarity_id, set_id, imageUrl, c_power, c_toughness, description) values ('5025','Gravedigger','{3}{B}','10','2','7','//gatherer.wizards.com/Handlers/Image.ashx?multiverseid=426795&type=card','2','2','When Gravedigger enters the battlefield, you may return target creature card from your graveyard to your hand.');
insert into card_color (id_card, id_color) values (5025,3);
insert into card_type (id_card, id_type) values (5025,1);
insert into card(id, name, manaCost, cmc, rarity_id, set_id, imageUrl, c_power, c_toughness, description) values ('5026','Grim Strider','{3}{B}','10','2','7','//gatherer.wizards.com/Handlers/Image.ashx?multiverseid=426796&type=card','6','6','Grim Strider gets -1/-1 for each card in your hand.');
insert into card_color (id_card, id_color) values (5026,3);
insert into card_type (id_card, id_type) values (5026,1);
insert into card(id, name, manaCost, cmc, rarity_id, set_id, imageUrl, c_power, c_toughness, description) values ('5027','Horror of the Broken Lands','{4}{B}','10','1','7','//gatherer.wizards.com/Handlers/Image.ashx?multiverseid=426797&type=card','4','4','Whenever you cycle or discard another card, Horror of the Broken Lands gets +2/+1 until end of turn.
Cycling {B} ({B}, Discard this card: Draw a card.)');
insert into card_color (id_card, id_color) values (5027,3);
insert into card_type (id_card, id_type) values (5027,1);
insert into card(id, name, manaCost, cmc, rarity_id, set_id, imageUrl, c_power, c_toughness, description) values ('5028','Lay Bare the Heart','{1}{B}','10','2','7','//gatherer.wizards.com/Handlers/Image.ashx?multiverseid=426798&type=card','none','none','Target opponent reveals his or her hand. You choose a nonlegendary, nonland card from it. That player discards that card.');
insert into card_color (id_card, id_color) values (5028,3);
insert into card_type (id_card, id_type) values (5028,6);
insert into card(id, name, manaCost, cmc, rarity_id, set_id, imageUrl, c_power, c_toughness, description) values ('5029','Liliana, Death§s Majesty','{3}{B}{B}','10','4','7','//gatherer.wizards.com/Handlers/Image.ashx?multiverseid=426799&type=card','none','none','+1: Create a 2/2 black Zombie creature token. Put the top two cards of your library into your graveyard.
−3: Return target creature card from your graveyard to the battlefield. That creature is a black Zombie in addition to its other colors and types.
−7: Destroy all non-Zombie creatures.');
insert into card_color (id_card, id_color) values (5029,3);
insert into card_type (id_card, id_type) values (5029,5);
insert into card(id, name, manaCost, cmc, rarity_id, set_id, imageUrl, c_power, c_toughness, description) values ('5030','Liliana§s Mastery','{3}{B}{B}','10','3','7','//gatherer.wizards.com/Handlers/Image.ashx?multiverseid=426800&type=card','none','none','Zombies you control get +1/+1.
When Liliana§s Mastery enters the battlefield, create two 2/2 black Zombie creature tokens.');
insert into card_color (id_card, id_color) values (5030,3);
insert into card_type (id_card, id_type) values (5030,4);
insert into card(id, name, manaCost, cmc, rarity_id, set_id, imageUrl, c_power, c_toughness, description) values ('5031','Lord of the Accursed','{2}{B}','10','2','7','//gatherer.wizards.com/Handlers/Image.ashx?multiverseid=426801&type=card','2','3','Other Zombies you control get +1/+1.
{1}{B}, {T}: All Zombies gain menace until end of turn.');
insert into card_color (id_card, id_color) values (5031,3);
insert into card_type (id_card, id_type) values (5031,1);
insert into card(id, name, manaCost, cmc, rarity_id, set_id, imageUrl, c_power, c_toughness, description) values ('5032','Miasmic Mummy','{1}{B}','10','1','7','//gatherer.wizards.com/Handlers/Image.ashx?multiverseid=426802&type=card','2','2','When Miasmic Mummy enters the battlefield, each player discards a card.');
insert into card_color (id_card, id_color) values (5032,3);
insert into card_type (id_card, id_type) values (5032,1);
insert into card(id, name, manaCost, cmc, rarity_id, set_id, imageUrl, c_power, c_toughness, description) values ('5033','Nest of Scarabs','{2}{B}','10','2','7','//gatherer.wizards.com/Handlers/Image.ashx?multiverseid=426803&type=card','none','none','Whenever you put one or more -1/-1 counters on a creature, create that many 1/1 black Insect creature tokens.');
insert into card_color (id_card, id_color) values (5033,3);
insert into card_type (id_card, id_type) values (5033,4);
insert into card(id, name, manaCost, cmc, rarity_id, set_id, imageUrl, c_power, c_toughness, description) values ('5034','Painful Lesson','{2}{B}','10','1','7','//gatherer.wizards.com/Handlers/Image.ashx?multiverseid=426804&type=card','none','none','Target player draws two cards and loses 2 life.');
insert into card_color (id_card, id_color) values (5034,3);
insert into card_type (id_card, id_type) values (5034,6);
insert into card(id, name, manaCost, cmc, rarity_id, set_id, imageUrl, c_power, c_toughness, description) values ('5035','Pitiless Vizier','{3}{B}','10','1','7','//gatherer.wizards.com/Handlers/Image.ashx?multiverseid=426805&type=card','4','2','Whenever you cycle or discard a card, Pitiless Vizier gains indestructible until end of turn. (Damage and effects that say "destroy" don§t destroy it. If its toughness is 0 or less, it§s still put into its owner§s graveyard.)');
insert into card_color (id_card, id_color) values (5035,3);
insert into card_type (id_card, id_type) values (5035,1);
insert into card(id, name, manaCost, cmc, rarity_id, set_id, imageUrl, c_power, c_toughness, description) values ('5036','Plague Belcher','{2}{B}','10','3','7','//gatherer.wizards.com/Handlers/Image.ashx?multiverseid=426806&type=card','5','4','Menace
When Plague Belcher enters the battlefield, put two -1/-1 counters on target creature you control.
Whenever another Zombie you control dies, each opponent loses 1 life.');
insert into card_color (id_card, id_color) values (5036,3);
insert into card_type (id_card, id_type) values (5036,1);
insert into card(id, name, manaCost, cmc, rarity_id, set_id, imageUrl, c_power, c_toughness, description) values ('5037','Ruthless Sniper','{B}','10','2','7','//gatherer.wizards.com/Handlers/Image.ashx?multiverseid=426807&type=card','1','2','Whenever you cycle or discard a card, you may pay {1}. If you do, put a -1/-1 counter on target creature.');
insert into card_color (id_card, id_color) values (5037,3);
insert into card_type (id_card, id_type) values (5037,1);
insert into card(id, name, manaCost, cmc, rarity_id, set_id, imageUrl, c_power, c_toughness, description) values ('5038','Scarab Feast','{B}','10','1','7','//gatherer.wizards.com/Handlers/Image.ashx?multiverseid=426808&type=card','none','none','Exile up to three target cards from a single graveyard.
Cycling {B} ({B}, Discard this card: Draw a card.)');
insert into card_color (id_card, id_color) values (5038,3);
insert into card_type (id_card, id_type) values (5038,7);
insert into card(id, name, manaCost, cmc, rarity_id, set_id, imageUrl, c_power, c_toughness, description) values ('5039','Shadow of the Grave','{1}{B}','10','3','7','//gatherer.wizards.com/Handlers/Image.ashx?multiverseid=426809&type=card','none','none','Return to your hand all cards in your graveyard that you cycled or discarded this turn.');
insert into card_color (id_card, id_color) values (5039,3);
insert into card_type (id_card, id_type) values (5039,7);
insert into card(id, name, manaCost, cmc, rarity_id, set_id, imageUrl, c_power, c_toughness, description) values ('5040','Soulstinger','{3}{B}','10','1','7','//gatherer.wizards.com/Handlers/Image.ashx?multiverseid=426810&type=card','4','5','When Soulstinger enters the battlefield, put two -1/-1 counters on target creature you control.
When Soulstinger dies, you may put a -1/-1 counter on target creature for each -1/-1 counter on Soulstinger.');
insert into card_color (id_card, id_color) values (5040,3);
insert into card_type (id_card, id_type) values (5040,1);
insert into card(id, name, manaCost, cmc, rarity_id, set_id, imageUrl, c_power, c_toughness, description) values ('5041','Splendid Agony','{2}{B}','10','1','7','//gatherer.wizards.com/Handlers/Image.ashx?multiverseid=426811&type=card','none','none','Distribute two -1/-1 counters among one or two target creatures.');
insert into card_color (id_card, id_color) values (5041,3);
insert into card_type (id_card, id_type) values (5041,7);
insert into card(id, name, manaCost, cmc, rarity_id, set_id, imageUrl, c_power, c_toughness, description) values ('5042','Stir the Sands','{4}{B}{B}','10','2','7','//gatherer.wizards.com/Handlers/Image.ashx?multiverseid=426812&type=card','none','none','Create three 2/2 black Zombie creature tokens.
Cycling {3}{B} ({3}{B}, Discard this card: Draw a card.)
When you cycle Stir the Sands, create a 2/2 black Zombie creature token.');
insert into card_color (id_card, id_color) values (5042,3);
insert into card_type (id_card, id_type) values (5042,6);
insert into card(id, name, manaCost, cmc, rarity_id, set_id, imageUrl, c_power, c_toughness, description) values ('5043','Supernatural Stamina','{B}','10','1','7','//gatherer.wizards.com/Handlers/Image.ashx?multiverseid=426813&type=card','none','none','Until end of turn, target creature gets +2/+0 and gains "When this creature dies, return it to the battlefield tapped under its owner§s control."');
insert into card_color (id_card, id_color) values (5043,3);
insert into card_type (id_card, id_type) values (5043,7);
insert into card(id, name, manaCost, cmc, rarity_id, set_id, imageUrl, c_power, c_toughness, description) values ('5044','Trespasser§s Curse','{1}{B}','10','1','7','//gatherer.wizards.com/Handlers/Image.ashx?multiverseid=426814&type=card','none','none','Enchant player
Whenever a creature enters the battlefield under enchanted player§s control, that player loses 1 life and you gain 1 life.');
insert into card_color (id_card, id_color) values (5044,3);
insert into card_type (id_card, id_type) values (5044,4);
insert into card(id, name, manaCost, cmc, rarity_id, set_id, imageUrl, c_power, c_toughness, description) values ('5045','Trial of Ambition','{1}{B}','10','2','7','//gatherer.wizards.com/Handlers/Image.ashx?multiverseid=426815&type=card','none','none','When Trial of Ambition enters the battlefield, target opponent sacrifices a creature.
When a Cartouche enters the battlefield under your control, return Trial of Ambition to its owner§s hand.');
insert into card_color (id_card, id_color) values (5045,3);
insert into card_type (id_card, id_type) values (5045,4);
insert into card(id, name, manaCost, cmc, rarity_id, set_id, imageUrl, c_power, c_toughness, description) values ('5046','Unburden','{1}{B}{B}','10','1','7','//gatherer.wizards.com/Handlers/Image.ashx?multiverseid=426816&type=card','none','none','Target player discards two cards.
Cycling {2} ({2}, Discard this card: Draw a card.)');
insert into card_color (id_card, id_color) values (5046,3);
insert into card_type (id_card, id_type) values (5046,6);
insert into card(id, name, manaCost, cmc, rarity_id, set_id, imageUrl, c_power, c_toughness, description) values ('5047','Wander in Death','{2}{B}','10','1','7','//gatherer.wizards.com/Handlers/Image.ashx?multiverseid=426817&type=card','none','none','Return up to two target creature cards from your graveyard to your hand.
Cycling {2} ({2}, Discard this card: Draw a card.)');
insert into card_color (id_card, id_color) values (5047,3);
insert into card_type (id_card, id_type) values (5047,6);
insert into card(id, name, manaCost, cmc, rarity_id, set_id, imageUrl, c_power, c_toughness, description) values ('5048','Wasteland Scorpion','{2}{B}','10','1','7','//gatherer.wizards.com/Handlers/Image.ashx?multiverseid=426818&type=card','2','2','Deathtouch
Cycling {2} ({2}, Discard this card: Draw a card.)');
insert into card_color (id_card, id_color) values (5048,3);
insert into card_type (id_card, id_type) values (5048,1);
insert into card(id, name, manaCost, cmc, rarity_id, set_id, imageUrl, c_power, c_toughness, description) values ('5049','Ahn-Crop Crasher','{2}{R}','10','2','7','//gatherer.wizards.com/Handlers/Image.ashx?multiverseid=426819&type=card','3','2','Haste
You may exert Ahn-Crop Crasher as it attacks. When you do, target creature can§t block this turn. (An exerted creature won§t untap during your next untap step.)');
insert into card_color (id_card, id_color) values (5049,4);
insert into card_type (id_card, id_type) values (5049,1);
insert into card(id, name, manaCost, cmc, rarity_id, set_id, imageUrl, c_power, c_toughness, description) values ('5050','Battlefield Scavenger','{1}{R}','10','2','7','//gatherer.wizards.com/Handlers/Image.ashx?multiverseid=426820&type=card','2','2','You may exert Battlefield Scavenger as it attacks. (It won§t untap during your next untap step.)
Whenever you exert a creature, you may discard a card. If you do, draw a card.');
insert into card_color (id_card, id_color) values (5050,4);
insert into card_type (id_card, id_type) values (5050,1);
insert into card(id, name, manaCost, cmc, rarity_id, set_id, imageUrl, c_power, c_toughness, description) values ('5051','Blazing Volley','{R}','10','1','7','//gatherer.wizards.com/Handlers/Image.ashx?multiverseid=426821&type=card','none','none','Blazing Volley deals 1 damage to each creature your opponents control.');
insert into card_color (id_card, id_color) values (5051,4);
insert into card_type (id_card, id_type) values (5051,6);
insert into card(id, name, manaCost, cmc, rarity_id, set_id, imageUrl, c_power, c_toughness, description) values ('5052','Bloodlust Inciter','{R}','10','1','7','//gatherer.wizards.com/Handlers/Image.ashx?multiverseid=426822&type=card','1','1','{T}: Target creature gains haste until end of turn.');
insert into card_color (id_card, id_color) values (5052,4);
insert into card_type (id_card, id_type) values (5052,1);
insert into card(id, name, manaCost, cmc, rarity_id, set_id, imageUrl, c_power, c_toughness, description) values ('5053','Bloodrage Brawler','{1}{R}','10','2','7','//gatherer.wizards.com/Handlers/Image.ashx?multiverseid=426823&type=card','4','3','When Bloodrage Brawler enters the battlefield, discard a card.');
insert into card_color (id_card, id_color) values (5053,4);
insert into card_type (id_card, id_type) values (5053,1);
insert into card(id, name, manaCost, cmc, rarity_id, set_id, imageUrl, c_power, c_toughness, description) values ('5054','Brute Strength','{1}{R}','10','1','7','//gatherer.wizards.com/Handlers/Image.ashx?multiverseid=426824&type=card','none','none','Target creature gets +3/+1 and gains trample until end of turn.');
insert into card_color (id_card, id_color) values (5054,4);
insert into card_type (id_card, id_type) values (5054,7);
insert into card(id, name, manaCost, cmc, rarity_id, set_id, imageUrl, c_power, c_toughness, description) values ('5055','By Force','{X}{R}','10','2','7','//gatherer.wizards.com/Handlers/Image.ashx?multiverseid=426825&type=card','none','none','Destroy X target artifacts.');
insert into card_color (id_card, id_color) values (5055,4);
insert into card_type (id_card, id_type) values (5055,6);
insert into card(id, name, manaCost, cmc, rarity_id, set_id, imageUrl, c_power, c_toughness, description) values ('5056','Cartouche of Zeal','{R}','10','1','7','//gatherer.wizards.com/Handlers/Image.ashx?multiverseid=426826&type=card','none','none','Enchant creature you control
When Cartouche of Zeal enters the battlefield, target creature can§t block this turn.
Enchanted creature gets +1/+1 and has haste.');
insert into card_color (id_card, id_color) values (5056,4);
insert into card_type (id_card, id_type) values (5056,4);
insert into card(id, name, manaCost, cmc, rarity_id, set_id, imageUrl, c_power, c_toughness, description) values ('5057','Combat Celebrant','{2}{R}','10','4','7','//gatherer.wizards.com/Handlers/Image.ashx?multiverseid=426827&type=card','4','1','If Combat Celebrant hasn§t been exerted this turn, you may exert it as it attacks. When you do, untap all other creatures you control and after this phase, there is an additional combat phase. (An exerted creature won§t untap during your next untap step.)');
insert into card_color (id_card, id_color) values (5057,4);
insert into card_type (id_card, id_type) values (5057,1);
insert into card(id, name, manaCost, cmc, rarity_id, set_id, imageUrl, c_power, c_toughness, description) values ('5058','Consuming Fervor','{R}','10','2','7','//gatherer.wizards.com/Handlers/Image.ashx?multiverseid=426828&type=card','none','none','Enchant creature
Enchanted creature gets +3/+3 and has "At the beginning of your upkeep, put a -1/-1 counter on this creature."');
insert into card_color (id_card, id_color) values (5058,4);
insert into card_type (id_card, id_type) values (5058,4);
insert into card(id, name, manaCost, cmc, rarity_id, set_id, imageUrl, c_power, c_toughness, description) values ('5059','Deem Worthy','{4}{R}','10','2','7','//gatherer.wizards.com/Handlers/Image.ashx?multiverseid=426829&type=card','none','none','Deem Worthy deals 7 damage to target creature.
Cycling {3}{R} ({3}{R}, Discard this card: Draw a card.)
When you cycle Deem Worthy, you may have it deal 2 damage to target creature.');
insert into card_color (id_card, id_color) values (5059,4);
insert into card_type (id_card, id_type) values (5059,7);
insert into card(id, name, manaCost, cmc, rarity_id, set_id, imageUrl, c_power, c_toughness, description) values ('5060','Desert Cerodon','{5}{R}','10','1','7','//gatherer.wizards.com/Handlers/Image.ashx?multiverseid=426830&type=card','6','4','Cycling {R} ({R}, Discard this card: Draw a card.)');
insert into card_color (id_card, id_color) values (5060,4);
insert into card_type (id_card, id_type) values (5060,1);
insert into card(id, name, manaCost, cmc, rarity_id, set_id, imageUrl, c_power, c_toughness, description) values ('5061','Electrify','{3}{R}','10','1','7','//gatherer.wizards.com/Handlers/Image.ashx?multiverseid=426831&type=card','none','none','Electrify deals 4 damage to target creature.');
insert into card_color (id_card, id_color) values (5061,4);
insert into card_type (id_card, id_type) values (5061,7);
insert into card(id, name, manaCost, cmc, rarity_id, set_id, imageUrl, c_power, c_toughness, description) values ('5062','Emberhorn Minotaur','{3}{R}','10','1','7','//gatherer.wizards.com/Handlers/Image.ashx?multiverseid=426832&type=card','4','3','You may exert Emberhorn Minotaur as it attacks. When you do, it gets +1/+1 and gains menace until end of turn. (An exerted creature won§t untap during your next untap step.)');
insert into card_color (id_card, id_color) values (5062,4);
insert into card_type (id_card, id_type) values (5062,1);
insert into card(id, name, manaCost, cmc, rarity_id, set_id, imageUrl, c_power, c_toughness, description) values ('5063','Flameblade Adept','{R}','10','2','7','//gatherer.wizards.com/Handlers/Image.ashx?multiverseid=426833&type=card','1','2','Menace
Whenever you cycle or discard a card, Flameblade Adept gets +1/+0 until end of turn.');
insert into card_color (id_card, id_color) values (5063,4);
insert into card_type (id_card, id_type) values (5063,1);
insert into card(id, name, manaCost, cmc, rarity_id, set_id, imageUrl, c_power, c_toughness, description) values ('5064','Fling','{1}{R}','10','1','7','//gatherer.wizards.com/Handlers/Image.ashx?multiverseid=426834&type=card','none','none','As an additional cost to cast Fling, sacrifice a creature.
Fling deals damage equal to the sacrificed creature§s power to target creature or player.');
insert into card_color (id_card, id_color) values (5064,4);
insert into card_type (id_card, id_type) values (5064,7);
insert into card(id, name, manaCost, cmc, rarity_id, set_id, imageUrl, c_power, c_toughness, description) values ('5065','Glorious End','{2}{R}','10','4','7','//gatherer.wizards.com/Handlers/Image.ashx?multiverseid=426835&type=card','none','none','End the turn. (Exile all spells and abilities on the stack, including this card. The player whose turn it is discards down to his or her maximum hand size. Damage wears off, and "this turn" and "until end of turn" effects end.)
At the beginning of your next end step, you lose the game.');
insert into card_color (id_card, id_color) values (5065,4);
insert into card_type (id_card, id_type) values (5065,7);
insert into card(id, name, manaCost, cmc, rarity_id, set_id, imageUrl, c_power, c_toughness, description) values ('5066','Glorybringer','{3}{R}{R}','10','3','7','//gatherer.wizards.com/Handlers/Image.ashx?multiverseid=426836&type=card','4','4','Flying, haste
You may exert Glorybringer as it attacks. When you do, it deals 4 damage to target non-Dragon creature an opponent controls. (An exerted creature won§t untap during your next untap step.)');
insert into card_color (id_card, id_color) values (5066,4);
insert into card_type (id_card, id_type) values (5066,1);
insert into card(id, name, manaCost, cmc, rarity_id, set_id, imageUrl, c_power, c_toughness, description) values ('5067','Harsh Mentor','{1}{R}','10','3','7','//gatherer.wizards.com/Handlers/Image.ashx?multiverseid=426837&type=card','2','2','Whenever an opponent activates an ability of an artifact, creature, or land on the battlefield, if it isn§t a mana ability, Harsh Mentor deals 2 damage to that player.');
insert into card_color (id_card, id_color) values (5067,4);
insert into card_type (id_card, id_type) values (5067,1);
insert into card(id, name, manaCost, cmc, rarity_id, set_id, imageUrl, c_power, c_toughness, description) values ('5068','Hazoret the Fervent','{3}{R}','10','4','7','//gatherer.wizards.com/Handlers/Image.ashx?multiverseid=426838&type=card','5','4','Indestructible, haste
Hazoret the Fervent can§t attack or block unless you have one or fewer cards in hand.
{2}{R}, Discard a card: Hazoret deals 2 damage to each opponent.');
insert into card_color (id_card, id_color) values (5068,4);
insert into card_type (id_card, id_type) values (5068,1);
insert into card_supertype (id_card, id_supertype) values (5068,3);
insert into card(id, name, manaCost, cmc, rarity_id, set_id, imageUrl, c_power, c_toughness, description) values ('5069','Hazoret§s Favor','{2}{R}','10','3','7','//gatherer.wizards.com/Handlers/Image.ashx?multiverseid=426839&type=card','none','none','At the beginning of combat on your turn, you may have target creature you control get +2/+0 and gain haste until end of turn. If you do, sacrifice it at the beginning of the next end step.');
insert into card_color (id_card, id_color) values (5069,4);
insert into card_type (id_card, id_type) values (5069,4);
insert into card(id, name, manaCost, cmc, rarity_id, set_id, imageUrl, c_power, c_toughness, description) values ('5070','Heart-Piercer Manticore','{2}{R}{R}','10','3','7','//gatherer.wizards.com/Handlers/Image.ashx?multiverseid=426840&type=card','4','3','When Heart-Piercer Manticore enters the battlefield, you may sacrifice another creature. When you do, Heart-Piercer Manticore deals damage equal to that creature§s power to target creature or player.
Embalm {5}{R} ({5}{R}, Exile this card from your graveyard: Create a token that§s a copy of it, except it§s a white Zombie Manticore with no mana cost. Embalm only as a sorcery.)');
insert into card_color (id_card, id_color) values (5070,4);
insert into card_type (id_card, id_type) values (5070,1);
insert into card(id, name, manaCost, cmc, rarity_id, set_id, imageUrl, c_power, c_toughness, description) values ('5071','Hyena Pack','{2}{R}{R}','10','1','7','//gatherer.wizards.com/Handlers/Image.ashx?multiverseid=426841&type=card','3','4','null');
insert into card_color (id_card, id_color) values (5071,4);
insert into card_type (id_card, id_type) values (5071,1);
insert into card(id, name, manaCost, cmc, rarity_id, set_id, imageUrl, c_power, c_toughness, description) values ('5072','Limits of Solidarity','{3}{R}','10','2','7','//gatherer.wizards.com/Handlers/Image.ashx?multiverseid=426842&type=card','none','none','Gain control of target creature until end of turn. Untap that creature. It gains haste until end of turn.
Cycling {2} ({2}, Discard this card: Draw a card.)');
insert into card_color (id_card, id_color) values (5072,4);
insert into card_type (id_card, id_type) values (5072,6);
insert into card(id, name, manaCost, cmc, rarity_id, set_id, imageUrl, c_power, c_toughness, description) values ('5073','Magma Spray','{R}','10','1','7','//gatherer.wizards.com/Handlers/Image.ashx?multiverseid=426843&type=card','none','none','Magma Spray deals 2 damage to target creature. If that creature would die this turn, exile it instead.');
insert into card_color (id_card, id_color) values (5073,4);
insert into card_type (id_card, id_type) values (5073,7);
insert into card(id, name, manaCost, cmc, rarity_id, set_id, imageUrl, c_power, c_toughness, description) values ('5074','Manticore of the Gauntlet','{4}{R}','10','1','7','//gatherer.wizards.com/Handlers/Image.ashx?multiverseid=426844&type=card','5','4','When Manticore of the Gauntlet enters the battlefield, put a -1/-1 counter on target creature you control. Manticore of the Gauntlet deals 3 damage to target opponent.');
insert into card_color (id_card, id_color) values (5074,4);
insert into card_type (id_card, id_type) values (5074,1);
insert into card(id, name, manaCost, cmc, rarity_id, set_id, imageUrl, c_power, c_toughness, description) values ('5075','Minotaur Sureshot','{2}{R}','10','1','7','//gatherer.wizards.com/Handlers/Image.ashx?multiverseid=426845&type=card','2','3','Reach (This creature can block creatures with flying.)
{1}{R}: Minotaur Sureshot gets +1/+0 until end of turn.');
insert into card_color (id_card, id_color) values (5075,4);
insert into card_type (id_card, id_type) values (5075,1);
insert into card(id, name, manaCost, cmc, rarity_id, set_id, imageUrl, c_power, c_toughness, description) values ('5076','Nef-Crop Entangler','{1}{R}','10','1','7','//gatherer.wizards.com/Handlers/Image.ashx?multiverseid=426846&type=card','2','1','Trample
You may exert Nef-Crop Entangler as it attacks. When you do, it gets +1/+2 until end of turn. (An exerted creature won§t untap during your next untap step.)');
insert into card_color (id_card, id_color) values (5076,4);
insert into card_type (id_card, id_type) values (5076,1);
insert into card(id, name, manaCost, cmc, rarity_id, set_id, imageUrl, c_power, c_toughness, description) values ('5077','Nimble-Blade Khenra','{1}{R}','10','1','7','//gatherer.wizards.com/Handlers/Image.ashx?multiverseid=426847&type=card','1','3','Prowess (Whenever you cast a noncreature spell, this creature gets +1/+1 until end of turn.)');
insert into card_color (id_card, id_color) values (5077,4);
insert into card_type (id_card, id_type) values (5077,1);
insert into card(id, name, manaCost, cmc, rarity_id, set_id, imageUrl, c_power, c_toughness, description) values ('5078','Pathmaker Initiate','{1}{R}','10','1','7','//gatherer.wizards.com/Handlers/Image.ashx?multiverseid=426848&type=card','2','1','{T}: Target creature with power 2 or less can§t be blocked this turn.');
insert into card_color (id_card, id_color) values (5078,4);
insert into card_type (id_card, id_type) values (5078,1);
insert into card(id, name, manaCost, cmc, rarity_id, set_id, imageUrl, c_power, c_toughness, description) values ('5079','Pursue Glory','{3}{R}','10','1','7','//gatherer.wizards.com/Handlers/Image.ashx?multiverseid=426849&type=card','none','none','Attacking creatures get +2/+0 until end of turn.
Cycling {2} ({2}, Discard this card: Draw a card.)');
insert into card_color (id_card, id_color) values (5079,4);
insert into card_type (id_card, id_type) values (5079,7);
insert into card(id, name, manaCost, cmc, rarity_id, set_id, imageUrl, c_power, c_toughness, description) values ('5080','Soul-Scar Mage','{R}','10','3','7','//gatherer.wizards.com/Handlers/Image.ashx?multiverseid=426850&type=card','1','2','Prowess
If a source you control would deal noncombat damage to a creature an opponent controls, put that many -1/-1 counters on that creature instead.');
insert into card_color (id_card, id_color) values (5080,4);
insert into card_type (id_card, id_type) values (5080,1);
insert into card(id, name, manaCost, cmc, rarity_id, set_id, imageUrl, c_power, c_toughness, description) values ('5081','Sweltering Suns','{1}{R}{R}','10','3','7','//gatherer.wizards.com/Handlers/Image.ashx?multiverseid=426851&type=card','none','none','Sweltering Suns deals 3 damage to each creature.
Cycling {3} ({3}, Discard this card: Draw a card.)');
insert into card_color (id_card, id_color) values (5081,4);
insert into card_type (id_card, id_type) values (5081,6);
insert into card(id, name, manaCost, cmc, rarity_id, set_id, imageUrl, c_power, c_toughness, description) values ('5082','Thresher Lizard','{2}{R}','10','1','7','//gatherer.wizards.com/Handlers/Image.ashx?multiverseid=426852&type=card','3','2','Thresher Lizard gets +1/+2 as long as you have one or fewer cards in hand.');
insert into card_color (id_card, id_color) values (5082,4);
insert into card_type (id_card, id_type) values (5082,1);
insert into card(id, name, manaCost, cmc, rarity_id, set_id, imageUrl, c_power, c_toughness, description) values ('5083','Tormenting Voice','{1}{R}','10','1','7','//gatherer.wizards.com/Handlers/Image.ashx?multiverseid=426853&type=card','none','none','As an additional cost to cast Tormenting Voice, discard a card.
Draw two cards.');
insert into card_color (id_card, id_color) values (5083,4);
insert into card_type (id_card, id_type) values (5083,6);
insert into card(id, name, manaCost, cmc, rarity_id, set_id, imageUrl, c_power, c_toughness, description) values ('5084','Trial of Zeal','{2}{R}','10','2','7','//gatherer.wizards.com/Handlers/Image.ashx?multiverseid=426854&type=card','none','none','When Trial of Zeal enters the battlefield, it deals 3 damage to target creature or player.
When a Cartouche enters the battlefield under your control, return Trial of Zeal to its owner§s hand.');
insert into card_color (id_card, id_color) values (5084,4);
insert into card_type (id_card, id_type) values (5084,4);
insert into card(id, name, manaCost, cmc, rarity_id, set_id, imageUrl, c_power, c_toughness, description) values ('5085','Trueheart Twins','{4}{R}','10','2','7','//gatherer.wizards.com/Handlers/Image.ashx?multiverseid=426855&type=card','4','4','You may exert Trueheart Twins as it attacks. (It won§t untap during your next untap step.)
Whenever you exert a creature, creatures you control get +1/+0 until end of turn.');
insert into card_color (id_card, id_color) values (5085,4);
insert into card_type (id_card, id_type) values (5085,1);
insert into card(id, name, manaCost, cmc, rarity_id, set_id, imageUrl, c_power, c_toughness, description) values ('5086','Violent Impact','{3}{R}','10','1','7','//gatherer.wizards.com/Handlers/Image.ashx?multiverseid=426856&type=card','none','none','Destroy target artifact or land.
Cycling {2} ({2}, Discard this card: Draw a card.)');
insert into card_color (id_card, id_color) values (5086,4);
insert into card_type (id_card, id_type) values (5086,6);
insert into card(id, name, manaCost, cmc, rarity_id, set_id, imageUrl, c_power, c_toughness, description) values ('5087','Warfire Javelineer','{3}{R}','10','2','7','//gatherer.wizards.com/Handlers/Image.ashx?multiverseid=426857&type=card','2','3','When Warfire Javelineer enters the battlefield, it deals X damage to target creature an opponent controls, where X is the number of instant and sorcery cards in your graveyard.');
insert into card_color (id_card, id_color) values (5087,4);
insert into card_type (id_card, id_type) values (5087,1);
insert into card(id, name, manaCost, cmc, rarity_id, set_id, imageUrl, c_power, c_toughness, description) values ('5088','Benefaction of Rhonas','{2}{G}','10','1','7','//gatherer.wizards.com/Handlers/Image.ashx?multiverseid=426858&type=card','none','none','Reveal the top five cards of your library. You may put a creature card and/or an enchantment card from among them into your hand. Put the rest into your graveyard.');
insert into card_color (id_card, id_color) values (5088,5);
insert into card_type (id_card, id_type) values (5088,6);
insert into card(id, name, manaCost, cmc, rarity_id, set_id, imageUrl, c_power, c_toughness, description) values ('5089','Bitterblade Warrior','{1}{G}','10','1','7','//gatherer.wizards.com/Handlers/Image.ashx?multiverseid=426859&type=card','2','2','You may exert Bitterblade Warrior as it attacks. When you do, it gets +1/+0 and gains deathtouch until end of turn. (An exerted creature won§t untap during your next untap step.)');
insert into card_color (id_card, id_color) values (5089,5);
insert into card_type (id_card, id_type) values (5089,1);
insert into card(id, name, manaCost, cmc, rarity_id, set_id, imageUrl, c_power, c_toughness, description) values ('5090','Cartouche of Strength','{2}{G}','10','1','7','//gatherer.wizards.com/Handlers/Image.ashx?multiverseid=426860&type=card','none','none','Enchant creature you control
When Cartouche of Strength enters the battlefield, you may have enchanted creature fight target creature an opponent controls. (Each deals damage equal to its power to the other.)
Enchanted creature gets +1/+1 and has trample.');
insert into card_color (id_card, id_color) values (5090,5);
insert into card_type (id_card, id_type) values (5090,4);
insert into card(id, name, manaCost, cmc, rarity_id, set_id, imageUrl, c_power, c_toughness, description) values ('5091','Champion of Rhonas','{3}{G}','10','3','7','//gatherer.wizards.com/Handlers/Image.ashx?multiverseid=426861&type=card','3','3','You may exert Champion of Rhonas as it attacks. When you do, you may put a creature card from your hand onto the battlefield. (An exerted creature won§t untap during your next untap step.)');
insert into card_color (id_card, id_color) values (5091,5);
insert into card_type (id_card, id_type) values (5091,1);
insert into card(id, name, manaCost, cmc, rarity_id, set_id, imageUrl, c_power, c_toughness, description) values ('5092','Channeler Initiate','{1}{G}','10','3','7','//gatherer.wizards.com/Handlers/Image.ashx?multiverseid=426862&type=card','3','4','When Channeler Initiate enters the battlefield, put three -1/-1 counters on target creature you control.
{T}, Remove a -1/-1 counter from Channeler Initiate: Add one mana of any color to your mana pool.');
insert into card_color (id_card, id_color) values (5092,5);
insert into card_type (id_card, id_type) values (5092,1);
insert into card(id, name, manaCost, cmc, rarity_id, set_id, imageUrl, c_power, c_toughness, description) values ('5093','Colossapede','{4}{G}','10','1','7','//gatherer.wizards.com/Handlers/Image.ashx?multiverseid=426863&type=card','5','5','null');
insert into card_color (id_card, id_color) values (5093,5);
insert into card_type (id_card, id_type) values (5093,1);
insert into card(id, name, manaCost, cmc, rarity_id, set_id, imageUrl, c_power, c_toughness, description) values ('5094','Crocodile of the Crossing','{3}{G}','10','2','7','//gatherer.wizards.com/Handlers/Image.ashx?multiverseid=426864&type=card','5','4','Haste
When Crocodile of the Crossing enters the battlefield, put a -1/-1 counter on target creature you control.');
insert into card_color (id_card, id_color) values (5094,5);
insert into card_type (id_card, id_type) values (5094,1);
insert into card(id, name, manaCost, cmc, rarity_id, set_id, imageUrl, c_power, c_toughness, description) values ('5095','Defiant Greatmaw','{2}{G}','10','2','7','//gatherer.wizards.com/Handlers/Image.ashx?multiverseid=426865&type=card','4','5','When Defiant Greatmaw enters the battlefield, put two -1/-1 counters on target creature you control.
Whenever you put one or more -1/-1 counters on Defiant Greatmaw, remove a -1/-1 counter from another target creature you control.');
insert into card_color (id_card, id_color) values (5095,5);
insert into card_type (id_card, id_type) values (5095,1);
insert into card(id, name, manaCost, cmc, rarity_id, set_id, imageUrl, c_power, c_toughness, description) values ('5096','Dissenter§s Deliverance','{1}{G}','10','1','7','//gatherer.wizards.com/Handlers/Image.ashx?multiverseid=426866&type=card','none','none','Destroy target artifact.
Cycling {G} ({G}, Discard this card: Draw a card.)');
insert into card_color (id_card, id_color) values (5096,5);
insert into card_type (id_card, id_type) values (5096,7);
insert into card(id, name, manaCost, cmc, rarity_id, set_id, imageUrl, c_power, c_toughness, description) values ('5097','Exemplar of Strength','{1}{G}','10','2','7','//gatherer.wizards.com/Handlers/Image.ashx?multiverseid=426867&type=card','4','4','When Exemplar of Strength enters the battlefield, put three -1/-1 counters on target creature you control.
Whenever Exemplar of Strength attacks, remove a -1/-1 counter from it. If you do, you gain 1 life.');
insert into card_color (id_card, id_color) values (5097,5);
insert into card_type (id_card, id_type) values (5097,1);
insert into card(id, name, manaCost, cmc, rarity_id, set_id, imageUrl, c_power, c_toughness, description) values ('5098','Giant Spider','{3}{G}','10','1','7','//gatherer.wizards.com/Handlers/Image.ashx?multiverseid=426868&type=card','2','4','Reach (This creature can block creatures with flying.)');
insert into card_color (id_card, id_color) values (5098,5);
insert into card_type (id_card, id_type) values (5098,1);
insert into card(id, name, manaCost, cmc, rarity_id, set_id, imageUrl, c_power, c_toughness, description) values ('5099','Gift of Paradise','{2}{G}','10','1','7','//gatherer.wizards.com/Handlers/Image.ashx?multiverseid=426869&type=card','none','none','Enchant land
When Gift of Paradise enters the battlefield, you gain 3 life.
Enchanted land has "{T}: Add two mana of any one color to your mana pool."');
insert into card_color (id_card, id_color) values (5099,5);
insert into card_type (id_card, id_type) values (5099,4);
insert into card(id, name, manaCost, cmc, rarity_id, set_id, imageUrl, c_power, c_toughness, description) values ('5100','Greater Sandwurm','{5}{G}{G}','10','1','7','//gatherer.wizards.com/Handlers/Image.ashx?multiverseid=426870&type=card','7','7','Greater Sandwurm can§t be blocked by creatures with power 2 or less.
Cycling {2} ({2}, Discard this card: Draw a card.)');
insert into card_color (id_card, id_color) values (5100,5);
insert into card_type (id_card, id_type) values (5100,1);
insert into card(id, name, manaCost, cmc, rarity_id, set_id, imageUrl, c_power, c_toughness, description) values ('5101','Hapatra§s Mark','{G}','10','2','7','//gatherer.wizards.com/Handlers/Image.ashx?multiverseid=426871&type=card','none','none','Target creature you control gains hexproof until end of turn. Remove all -1/-1 counters from it. (A creature with hexproof can§t be the target of spells or abilities your opponents control.)');
insert into card_color (id_card, id_color) values (5101,5);
insert into card_type (id_card, id_type) values (5101,7);
insert into card(id, name, manaCost, cmc, rarity_id, set_id, imageUrl, c_power, c_toughness, description) values ('5102','Harvest Season','{2}{G}','10','3','7','//gatherer.wizards.com/Handlers/Image.ashx?multiverseid=426872&type=card','none','none','Search your library for up to X basic land cards, where X is the number of tapped creatures you control, and put those cards onto the battlefield tapped. Then shuffle your library.');
insert into card_color (id_card, id_color) values (5102,5);
insert into card_type (id_card, id_type) values (5102,6);
insert into card(id, name, manaCost, cmc, rarity_id, set_id, imageUrl, c_power, c_toughness, description) values ('5103','Haze of Pollen','{1}{G}','10','1','7','//gatherer.wizards.com/Handlers/Image.ashx?multiverseid=426873&type=card','none','none','Prevent all combat damage that would be dealt this turn.
Cycling {3} ({3}, Discard this card: Draw a card.)');
insert into card_color (id_card, id_color) values (5103,5);
insert into card_type (id_card, id_type) values (5103,7);
insert into card(id, name, manaCost, cmc, rarity_id, set_id, imageUrl, c_power, c_toughness, description) values ('5104','Honored Hydra','{5}{G}','10','3','7','//gatherer.wizards.com/Handlers/Image.ashx?multiverseid=426874&type=card','6','6','Trample
Embalm {3}{G} ({3}{G}, Exile this card from your graveyard: Create a token that§s a copy of it, except it§s a white Zombie Snake Hydra with no mana cost. Embalm only as a sorcery.)');
insert into card_color (id_card, id_color) values (5104,5);
insert into card_type (id_card, id_type) values (5104,1);
insert into card(id, name, manaCost, cmc, rarity_id, set_id, imageUrl, c_power, c_toughness, description) values ('5105','Hooded Brawler','{2}{G}','10','1','7','//gatherer.wizards.com/Handlers/Image.ashx?multiverseid=426875&type=card','3','2','You may exert Hooded Brawler as it attacks. When you do, it gets +2/+2 until end of turn. (An exerted creature won§t untap during your next untap step.)');
insert into card_color (id_card, id_color) values (5105,5);
insert into card_type (id_card, id_type) values (5105,1);
insert into card(id, name, manaCost, cmc, rarity_id, set_id, imageUrl, c_power, c_toughness, description) values ('5106','Initiate§s Companion','{1}{G}','10','1','7','//gatherer.wizards.com/Handlers/Image.ashx?multiverseid=426876&type=card','3','1','Whenever Initiate§s Companion deals combat damage to a player, untap target creature or land.');
insert into card_color (id_card, id_color) values (5106,5);
insert into card_type (id_card, id_type) values (5106,1);
insert into card(id, name, manaCost, cmc, rarity_id, set_id, imageUrl, c_power, c_toughness, description) values ('5107','Manglehorn','{2}{G}','10','2','7','//gatherer.wizards.com/Handlers/Image.ashx?multiverseid=426877&type=card','2','2','When Manglehorn enters the battlefield, you may destroy target artifact.
Artifacts your opponents control enter the battlefield tapped.');
insert into card_color (id_card, id_color) values (5107,5);
insert into card_type (id_card, id_type) values (5107,1);
insert into card(id, name, manaCost, cmc, rarity_id, set_id, imageUrl, c_power, c_toughness, description) values ('5108','Naga Vitalist','{1}{G}','10','1','7','//gatherer.wizards.com/Handlers/Image.ashx?multiverseid=426878&type=card','1','2','{T}: Add to your mana pool one mana of any type that a land you control could produce.');
insert into card_color (id_card, id_color) values (5108,5);
insert into card_type (id_card, id_type) values (5108,1);
insert into card(id, name, manaCost, cmc, rarity_id, set_id, imageUrl, c_power, c_toughness, description) values ('5109','Oashra Cultivator','{G}','10','1','7','//gatherer.wizards.com/Handlers/Image.ashx?multiverseid=426879&type=card','0','3','{2}{G}, {T}, Sacrifice Oashra Cultivator: Search your library for a basic land card, put it onto the battlefield tapped, then shuffle your library.');
insert into card_color (id_card, id_color) values (5109,5);
insert into card_type (id_card, id_type) values (5109,1);
insert into card(id, name, manaCost, cmc, rarity_id, set_id, imageUrl, c_power, c_toughness, description) values ('5110','Ornery Kudu','{2}{G}','10','1','7','//gatherer.wizards.com/Handlers/Image.ashx?multiverseid=426880&type=card','3','4','When Ornery Kudu enters the battlefield, put a -1/-1 counter on target creature you control.');
insert into card_color (id_card, id_color) values (5110,5);
insert into card_type (id_card, id_type) values (5110,1);
insert into card(id, name, manaCost, cmc, rarity_id, set_id, imageUrl, c_power, c_toughness, description) values ('5111','Pouncing Cheetah','{2}{G}','10','1','7','//gatherer.wizards.com/Handlers/Image.ashx?multiverseid=426881&type=card','3','2','Flash');
insert into card_color (id_card, id_color) values (5111,5);
insert into card_type (id_card, id_type) values (5111,1);
insert into card(id, name, manaCost, cmc, rarity_id, set_id, imageUrl, c_power, c_toughness, description) values ('5112','Prowling Serpopard','{1}{G}{G}','10','3','7','//gatherer.wizards.com/Handlers/Image.ashx?multiverseid=426882&type=card','4','3','Prowling Serpopard can§t be countered.
Creature spells you control can§t be countered.');
insert into card_color (id_card, id_color) values (5112,5);
insert into card_type (id_card, id_type) values (5112,1);
insert into card(id, name, manaCost, cmc, rarity_id, set_id, imageUrl, c_power, c_toughness, description) values ('5113','Quarry Hauler','{3}{G}','10','1','7','//gatherer.wizards.com/Handlers/Image.ashx?multiverseid=426883&type=card','4','3','When Quarry Hauler enters the battlefield, for each kind of counter on target permanent, put another counter of that kind on it or remove one from it.');
insert into card_color (id_card, id_color) values (5113,5);
insert into card_type (id_card, id_type) values (5113,1);
insert into card(id, name, manaCost, cmc, rarity_id, set_id, imageUrl, c_power, c_toughness, description) values ('5114','Rhonas the Indomitable','{2}{G}','10','4','7','//gatherer.wizards.com/Handlers/Image.ashx?multiverseid=426884&type=card','5','5','Deathtouch, indestructible
Rhonas the Indomitable can§t attack or block unless you control another creature with power 4 or greater.
{2}{G}: Another target creature gets +2/+0 and gains trample until end of turn.');
insert into card_color (id_card, id_color) values (5114,5);
insert into card_type (id_card, id_type) values (5114,1);
insert into card_supertype (id_card, id_supertype) values (5114,3);
insert into card(id, name, manaCost, cmc, rarity_id, set_id, imageUrl, c_power, c_toughness, description) values ('5115','Sandwurm Convergence','{6}{G}{G}','10','3','7','//gatherer.wizards.com/Handlers/Image.ashx?multiverseid=426885&type=card','none','none','Creatures with flying can§t attack you or planeswalkers you control.
At the beginning of your end step, create a 5/5 green Wurm creature token.');
insert into card_color (id_card, id_color) values (5115,5);
insert into card_type (id_card, id_type) values (5115,4);
insert into card(id, name, manaCost, cmc, rarity_id, set_id, imageUrl, c_power, c_toughness, description) values ('5116','Scaled Behemoth','{4}{G}{G}','10','2','7','//gatherer.wizards.com/Handlers/Image.ashx?multiverseid=426886&type=card','6','7','Hexproof (This creature can§t be the target of spells or abilities your opponents control.)');
insert into card_color (id_card, id_color) values (5116,5);
insert into card_type (id_card, id_type) values (5116,1);
insert into card(id, name, manaCost, cmc, rarity_id, set_id, imageUrl, c_power, c_toughness, description) values ('5117','Shed Weakness','{G}','10','1','7','//gatherer.wizards.com/Handlers/Image.ashx?multiverseid=426887&type=card','none','none','Target creature gets +2/+2 until end of turn. You may remove a -1/-1 counter from it.');
insert into card_color (id_card, id_color) values (5117,5);
insert into card_type (id_card, id_type) values (5117,7);
insert into card(id, name, manaCost, cmc, rarity_id, set_id, imageUrl, c_power, c_toughness, description) values ('5118','Shefet Monitor','{5}{G}','10','2','7','//gatherer.wizards.com/Handlers/Image.ashx?multiverseid=426888&type=card','6','5','Cycling {3}{G} ({3}{G}, Discard this card: Draw a card.)
When you cycle Shefet Monitor, you may search your library for a basic land card or a Desert card, put it onto the battlefield, then shuffle your library. (Do this before you draw.)');
insert into card_color (id_card, id_color) values (5118,5);
insert into card_type (id_card, id_type) values (5118,1);
insert into card(id, name, manaCost, cmc, rarity_id, set_id, imageUrl, c_power, c_toughness, description) values ('5119','Sixth Sense','{G}','10','2','7','//gatherer.wizards.com/Handlers/Image.ashx?multiverseid=426889&type=card','none','none','Enchant creature
Enchanted creature has "Whenever this creature deals combat damage to a player, you may draw a card."');
insert into card_color (id_card, id_color) values (5119,5);
insert into card_type (id_card, id_type) values (5119,4);
insert into card(id, name, manaCost, cmc, rarity_id, set_id, imageUrl, c_power, c_toughness, description) values ('5120','Spidery Grasp','{2}{G}','10','1','7','//gatherer.wizards.com/Handlers/Image.ashx?multiverseid=426890&type=card','none','none','Untap target creature. It gets +2/+4 and gains reach until end of turn. (It can block creatures with flying.)');
insert into card_color (id_card, id_color) values (5120,5);
insert into card_type (id_card, id_type) values (5120,7);
insert into card(id, name, manaCost, cmc, rarity_id, set_id, imageUrl, c_power, c_toughness, description) values ('5121','Stinging Shot','{G}','10','1','7','//gatherer.wizards.com/Handlers/Image.ashx?multiverseid=426891&type=card','none','none','Put three -1/-1 counters on target creature with flying.
Cycling {2} ({2}, Discard this card: Draw a card.)');
insert into card_color (id_card, id_color) values (5121,5);
insert into card_type (id_card, id_type) values (5121,7);
insert into card(id, name, manaCost, cmc, rarity_id, set_id, imageUrl, c_power, c_toughness, description) values ('5122','Synchronized Strike','{2}{G}','10','2','7','//gatherer.wizards.com/Handlers/Image.ashx?multiverseid=426892&type=card','none','none','Untap up to two target creatures. They each get +2/+2 until end of turn.');
insert into card_color (id_card, id_color) values (5122,5);
insert into card_type (id_card, id_type) values (5122,7);
insert into card(id, name, manaCost, cmc, rarity_id, set_id, imageUrl, c_power, c_toughness, description) values ('5123','Trial of Strength','{2}{G}','10','2','7','//gatherer.wizards.com/Handlers/Image.ashx?multiverseid=426893&type=card','none','none','When Trial of Strength enters the battlefield, create a 4/2 green Beast creature token.
When a Cartouche enters the battlefield under your control, return Trial of Strength to its owner§s hand.');
insert into card_color (id_card, id_color) values (5123,5);
insert into card_type (id_card, id_type) values (5123,4);
insert into card(id, name, manaCost, cmc, rarity_id, set_id, imageUrl, c_power, c_toughness, description) values ('5124','Vizier of the Menagerie','{3}{G}','10','4','7','//gatherer.wizards.com/Handlers/Image.ashx?multiverseid=426894&type=card','3','4','You may look at the top card of your library. (You may do this at any time.)
You may cast the top card of your library if it§s a creature card.
You may spend mana as though it were mana of any type to cast creature spells.');
insert into card_color (id_card, id_color) values (5124,5);
insert into card_type (id_card, id_type) values (5124,1);
insert into card(id, name, manaCost, cmc, rarity_id, set_id, imageUrl, c_power, c_toughness, description) values ('5125','Watchful Naga','{2}{G}','10','2','7','//gatherer.wizards.com/Handlers/Image.ashx?multiverseid=426895&type=card','2','2','You may exert Watchful Naga as it attacks. When you do, draw a card. (An exerted creature won§t untap during your next untap step.)');
insert into card_color (id_card, id_color) values (5125,5);
insert into card_type (id_card, id_type) values (5125,1);
insert into card(id, name, manaCost, cmc, rarity_id, set_id, imageUrl, c_power, c_toughness, description) values ('5126','Ahn-Crop Champion','{2}{G}{W}','10','2','7','//gatherer.wizards.com/Handlers/Image.ashx?multiverseid=426896&type=card','4','4','You may exert Ahn-Crop Champion as it attacks. When you do, untap all other creatures you control. (An exerted creature won§t untap during your next untap step.)');
insert into card_color (id_card, id_color) values (5126,2);
insert into card_color (id_card, id_color) values (5126,5);
insert into card_type (id_card, id_type) values (5126,1);
insert into card(id, name, manaCost, cmc, rarity_id, set_id, imageUrl, c_power, c_toughness, description) values ('5127','Aven Wind Guide','{2}{W}{U}','10','2','7','//gatherer.wizards.com/Handlers/Image.ashx?multiverseid=426897&type=card','2','3','Flying, vigilance
Creature tokens you control have flying and vigilance.
Embalm {4}{W}{U} ({4}{W}{U}, Exile this card from your graveyard: Create a token that§s a copy of it, except it§s a white Zombie Bird Warrior with no mana cost. Embalm only as a sorcery.)');
insert into card_color (id_card, id_color) values (5127,2);
insert into card_color (id_card, id_color) values (5127,6);
insert into card_type (id_card, id_type) values (5127,1);
insert into card(id, name, manaCost, cmc, rarity_id, set_id, imageUrl, c_power, c_toughness, description) values ('5128','Bounty of the Luxa','{2}{G}{U}','10','3','7','//gatherer.wizards.com/Handlers/Image.ashx?multiverseid=426898&type=card','none','none','At the beginning of your precombat main phase, remove all flood counters from Bounty of the Luxa. If no counters were removed this way, put a flood counter on Bounty of the Luxa and draw a card. Otherwise, add {C}{G}{U} to your mana pool.');
insert into card_color (id_card, id_color) values (5128,6);
insert into card_color (id_card, id_color) values (5128,5);
insert into card_type (id_card, id_type) values (5128,4);
insert into card(id, name, manaCost, cmc, rarity_id, set_id, imageUrl, c_power, c_toughness, description) values ('5129','Decimator Beetle','{3}{B}{G}','10','2','7','//gatherer.wizards.com/Handlers/Image.ashx?multiverseid=426899&type=card','4','5','When Decimator Beetle enters the battlefield, put a -1/-1 counter on target creature you control.
Whenever Decimator Beetle attacks, remove a -1/-1 counter from target creature you control and put a -1/-1 counter on up to one target creature defending player controls.');
insert into card_color (id_card, id_color) values (5129,3);
insert into card_color (id_card, id_color) values (5129,5);
insert into card_type (id_card, id_type) values (5129,1);
insert into card(id, name, manaCost, cmc, rarity_id, set_id, imageUrl, c_power, c_toughness, description) values ('5130','Enigma Drake','{1}{U}{R}','10','2','7','//gatherer.wizards.com/Handlers/Image.ashx?multiverseid=426900&type=card','*','4','Flying
Enigma Drake§s power is equal to the number of instant and sorcery cards in your graveyard.');
insert into card_color (id_card, id_color) values (5130,6);
insert into card_color (id_card, id_color) values (5130,4);
insert into card_type (id_card, id_type) values (5130,1);
insert into card(id, name, manaCost, cmc, rarity_id, set_id, imageUrl, c_power, c_toughness, description) values ('5131','Hapatra, Vizier of Poisons','{B}{G}','10','3','7','//gatherer.wizards.com/Handlers/Image.ashx?multiverseid=426901&type=card','2','2','Whenever Hapatra, Vizier of Poisons deals combat damage to a player, you may put a -1/-1 counter on target creature.
Whenever you put one or more -1/-1 counters on a creature, create a 1/1 green Snake creature token with deathtouch.');
insert into card_color (id_card, id_color) values (5131,3);
insert into card_color (id_card, id_color) values (5131,5);
insert into card_type (id_card, id_type) values (5131,1);
insert into card_supertype (id_card, id_supertype) values (5131,3);
insert into card(id, name, manaCost, cmc, rarity_id, set_id, imageUrl, c_power, c_toughness, description) values ('5132','Honored Crop-Captain','{R}{W}','10','2','7','//gatherer.wizards.com/Handlers/Image.ashx?multiverseid=426902&type=card','3','2','Whenever Honored Crop-Captain attacks, other attacking creatures get +1/+0 until end of turn.');
insert into card_color (id_card, id_color) values (5132,2);
insert into card_color (id_card, id_color) values (5132,4);
insert into card_type (id_card, id_type) values (5132,1);
insert into card(id, name, manaCost, cmc, rarity_id, set_id, imageUrl, c_power, c_toughness, description) values ('5133','Khenra Charioteer','{1}{R}{G}','10','2','7','//gatherer.wizards.com/Handlers/Image.ashx?multiverseid=426903&type=card','3','3','Trample
Other creatures you control have trample.');
insert into card_color (id_card, id_color) values (5133,4);
insert into card_color (id_card, id_color) values (5133,5);
insert into card_type (id_card, id_type) values (5133,1);
insert into card(id, name, manaCost, cmc, rarity_id, set_id, imageUrl, c_power, c_toughness, description) values ('5134','Merciless Javelineer','{2}{B}{R}','10','2','7','//gatherer.wizards.com/Handlers/Image.ashx?multiverseid=426904&type=card','4','2','{2}, Discard a card: Put a -1/-1 counter on target creature. That creature can§t block this turn.');
insert into card_color (id_card, id_color) values (5134,3);
insert into card_color (id_card, id_color) values (5134,4);
insert into card_type (id_card, id_type) values (5134,1);
insert into card(id, name, manaCost, cmc, rarity_id, set_id, imageUrl, c_power, c_toughness, description) values ('5135','Neheb, the Worthy','{1}{B}{R}','10','3','7','//gatherer.wizards.com/Handlers/Image.ashx?multiverseid=426905&type=card','2','2','First strike
Other Minotaurs you control have first strike.
As long as you have one or fewer cards in hand, Minotaurs you control get +2/+0.
Whenever Neheb, the Worthy deals combat damage to a player, each player discards a card.');
insert into card_color (id_card, id_color) values (5135,3);
insert into card_color (id_card, id_color) values (5135,4);
insert into card_type (id_card, id_type) values (5135,1);
insert into card_supertype (id_card, id_supertype) values (5135,3);
insert into card(id, name, manaCost, cmc, rarity_id, set_id, imageUrl, c_power, c_toughness, description) values ('5136','Nissa, Steward of Elements','{X}{G}{U}','10','4','7','//gatherer.wizards.com/Handlers/Image.ashx?multiverseid=426906&type=card','none','none','+2: Scry 2.
0: Look at the top card of your library. If it§s a land card or a creature card with converted mana cost less than or equal to the number of loyalty counters on Nissa, Steward of Elements, you may put that card onto the battlefield.
−6: Untap up to two target lands you control. They become 5/5 Elemental creatures with flying and haste until end of turn. They§re still lands.');
insert into card_color (id_card, id_color) values (5136,6);
insert into card_color (id_card, id_color) values (5136,5);
insert into card_type (id_card, id_type) values (5136,5);
insert into card(id, name, manaCost, cmc, rarity_id, set_id, imageUrl, c_power, c_toughness, description) values ('5137','Samut, Voice of Dissent','{3}{R}{G}','10','4','7','//gatherer.wizards.com/Handlers/Image.ashx?multiverseid=426907&type=card','3','4','Flash
Double strike, vigilance, haste
Other creatures you control have haste.
{W}, {T}: Untap another target creature.');
insert into card_color (id_card, id_color) values (5137,4);
insert into card_color (id_card, id_color) values (5137,5);
insert into card_color (id_card, id_color) values (5137,2);
insert into card_type (id_card, id_type) values (5137,1);
insert into card_supertype (id_card, id_supertype) values (5137,3);
insert into card(id, name, manaCost, cmc, rarity_id, set_id, imageUrl, c_power, c_toughness, description) values ('5138','Shadowstorm Vizier','{U}{B}','10','2','7','//gatherer.wizards.com/Handlers/Image.ashx?multiverseid=426908&type=card','1','3','Flying
Whenever you cycle or discard a card, Shadowstorm Vizier gets +1/+1 until end of turn.');
insert into card_color (id_card, id_color) values (5138,6);
insert into card_color (id_card, id_color) values (5138,3);
insert into card_type (id_card, id_type) values (5138,1);
insert into card(id, name, manaCost, cmc, rarity_id, set_id, imageUrl, c_power, c_toughness, description) values ('5139','Temmet, Vizier of Naktamun','{W}{U}','10','3','7','//gatherer.wizards.com/Handlers/Image.ashx?multiverseid=426909&type=card','2','2','At the beginning of combat on your turn, target creature token you control gets +1/+1 until end of turn and can§t be blocked this turn.
Embalm {3}{W}{U} ({3}{W}{U}, Exile this card from your graveyard: Create a token that§s a copy of it, except it§s a white Zombie Human Cleric with no mana cost. Embalm only as a sorcery.)');
insert into card_color (id_card, id_color) values (5139,2);
insert into card_color (id_card, id_color) values (5139,6);
insert into card_type (id_card, id_type) values (5139,1);
insert into card_supertype (id_card, id_supertype) values (5139,3);
insert into card(id, name, manaCost, cmc, rarity_id, set_id, imageUrl, c_power, c_toughness, description) values ('5140','Wayward Servant','{W}{B}','10','2','7','//gatherer.wizards.com/Handlers/Image.ashx?multiverseid=426910&type=card','2','2','Whenever another Zombie enters the battlefield under your control, each opponent loses 1 life and you gain 1 life.');
insert into card_color (id_card, id_color) values (5140,2);
insert into card_color (id_card, id_color) values (5140,3);
insert into card_type (id_card, id_type) values (5140,1);
insert into card(id, name, manaCost, cmc, rarity_id, set_id, imageUrl, c_power, c_toughness, description) values ('5141','Weaver of Currents','{1}{G}{U}','10','2','7','//gatherer.wizards.com/Handlers/Image.ashx?multiverseid=426911&type=card','2','2','{T}: Add {C}{C} to your mana pool.');
insert into card_color (id_card, id_color) values (5141,6);
insert into card_color (id_card, id_color) values (5141,5);
insert into card_type (id_card, id_type) values (5141,1);
insert into card(id, name, manaCost, cmc, rarity_id, set_id, imageUrl, c_power, c_toughness, description) values ('5142','Dusk','{2}{W}{W}','10','3','7','//gatherer.wizards.com/Handlers/Image.ashx?multiverseid=426912&type=card','none','none','Destroy all creatures with power 3 or greater.');
insert into card_color (id_card, id_color) values (5142,2);
insert into card_type (id_card, id_type) values (5142,6);
insert into card(id, name, manaCost, cmc, rarity_id, set_id, imageUrl, c_power, c_toughness, description) values ('5143','Dawn','{3}{W}{W}','10','3','7','//gatherer.wizards.com/Handlers/Image.ashx?multiverseid=426912&type=card','none','none','Aftermath (Cast this spell only from your graveyard. Then exile it.)
Return all creature cards with power 2 or less from your graveyard to your hand.');
insert into card_color (id_card, id_color) values (5143,2);
insert into card_type (id_card, id_type) values (5143,6);
insert into card(id, name, manaCost, cmc, rarity_id, set_id, imageUrl, c_power, c_toughness, description) values ('5144','Commit','{3}{U}','10','3','7','//gatherer.wizards.com/Handlers/Image.ashx?multiverseid=426913&type=card','none','none','Put target spell or nonland permanent into its owner§s library second from the top.');
insert into card_color (id_card, id_color) values (5144,6);
insert into card_type (id_card, id_type) values (5144,7);
insert into card(id, name, manaCost, cmc, rarity_id, set_id, imageUrl, c_power, c_toughness, description) values ('5145','Memory','{4}{U}{U}','10','3','7','//gatherer.wizards.com/Handlers/Image.ashx?multiverseid=426913&type=card','none','none','Aftermath (Cast this spell only from your graveyard. Then exile it.)
Each player shuffles his or her hand and graveyard into his or her library, then draws seven cards.');
insert into card_color (id_card, id_color) values (5145,6);
insert into card_type (id_card, id_type) values (5145,6);
insert into card(id, name, manaCost, cmc, rarity_id, set_id, imageUrl, c_power, c_toughness, description) values ('5146','Never','{1}{B}{B}','10','3','7','//gatherer.wizards.com/Handlers/Image.ashx?multiverseid=426914&type=card','none','none','Destroy target creature or planeswalker.');
insert into card_color (id_card, id_color) values (5146,3);
insert into card_type (id_card, id_type) values (5146,6);
insert into card(id, name, manaCost, cmc, rarity_id, set_id, imageUrl, c_power, c_toughness, description) values ('5147','Return','{3}{B}','10','3','7','//gatherer.wizards.com/Handlers/Image.ashx?multiverseid=426914&type=card','none','none','Aftermath (Cast this spell only from your graveyard. Then exile it.)
Exile target card from a graveyard. Create a 2/2 black Zombie creature token.');
insert into card_color (id_card, id_color) values (5147,3);
insert into card_type (id_card, id_type) values (5147,6);
insert into card(id, name, manaCost, cmc, rarity_id, set_id, imageUrl, c_power, c_toughness, description) values ('5148','Insult','{2}{R}','10','3','7','//gatherer.wizards.com/Handlers/Image.ashx?multiverseid=426915&type=card','none','none','Damage can§t be prevented this turn. If a source you control would deal damage this turn, it deals double that damage instead.');
insert into card_color (id_card, id_color) values (5148,4);
insert into card_type (id_card, id_type) values (5148,6);
insert into card(id, name, manaCost, cmc, rarity_id, set_id, imageUrl, c_power, c_toughness, description) values ('5149','Injury','{2}{R}','10','3','7','//gatherer.wizards.com/Handlers/Image.ashx?multiverseid=426915&type=card','none','none','Aftermath (Cast this spell only from your graveyard. Then exile it.)
Injury deals 2 damage to target creature and 2 damage to target player.');
insert into card_color (id_card, id_color) values (5149,4);
insert into card_type (id_card, id_type) values (5149,6);
insert into card(id, name, manaCost, cmc, rarity_id, set_id, imageUrl, c_power, c_toughness, description) values ('5150','Mouth','{2}{G}','10','3','7','//gatherer.wizards.com/Handlers/Image.ashx?multiverseid=426916&type=card','none','none','Create a 3/3 green Hippo creature token.');
insert into card_color (id_card, id_color) values (5150,5);
insert into card_type (id_card, id_type) values (5150,6);
insert into card(id, name, manaCost, cmc, rarity_id, set_id, imageUrl, c_power, c_toughness, description) values ('5151','Feed','{3}{G}','10','3','7','//gatherer.wizards.com/Handlers/Image.ashx?multiverseid=426916&type=card','none','none','Aftermath (Cast this spell only from your graveyard. Then exile it.)
Draw a card for each creature you control with power 3 or greater.');
insert into card_color (id_card, id_color) values (5151,5);
insert into card_type (id_card, id_type) values (5151,6);
insert into card(id, name, manaCost, cmc, rarity_id, set_id, imageUrl, c_power, c_toughness, description) values ('5152','Start','{2}{W}','10','2','7','//gatherer.wizards.com/Handlers/Image.ashx?multiverseid=426917&type=card','none','none','Create two 1/1 white Warrior creature tokens with vigilance.');
insert into card_color (id_card, id_color) values (5152,2);
insert into card_type (id_card, id_type) values (5152,7);
insert into card(id, name, manaCost, cmc, rarity_id, set_id, imageUrl, c_power, c_toughness, description) values ('5153','Finish','{2}{B}','10','2','7','//gatherer.wizards.com/Handlers/Image.ashx?multiverseid=426917&type=card','none','none','Aftermath (Cast this spell only from your graveyard. Then exile it.)
As an additional cost to cast Finish, sacrifice a creature.
Destroy target creature.');
insert into card_color (id_card, id_color) values (5153,3);
insert into card_type (id_card, id_type) values (5153,6);
insert into card(id, name, manaCost, cmc, rarity_id, set_id, imageUrl, c_power, c_toughness, description) values ('5154','Reduce','{2}{U}','10','2','7','//gatherer.wizards.com/Handlers/Image.ashx?multiverseid=426918&type=card','none','none','Counter target spell unless its controller pays {3}.');
insert into card_color (id_card, id_color) values (5154,6);
insert into card_type (id_card, id_type) values (5154,7);
insert into card(id, name, manaCost, cmc, rarity_id, set_id, imageUrl, c_power, c_toughness, description) values ('5155','Rubble','{2}{R}','10','2','7','//gatherer.wizards.com/Handlers/Image.ashx?multiverseid=426918&type=card','none','none','Aftermath (Cast this spell only from your graveyard. Then exile it.)
Up to three target lands don§t untap during their controller§s next untap step.');
insert into card_color (id_card, id_color) values (5155,4);
insert into card_type (id_card, id_type) values (5155,6);
insert into card(id, name, manaCost, cmc, rarity_id, set_id, imageUrl, c_power, c_toughness, description) values ('5156','Destined','{1}{B}','10','2','7','//gatherer.wizards.com/Handlers/Image.ashx?multiverseid=426919&type=card','none','none','Target creature gets +1/+0 and gains indestructible until end of turn.');
insert into card_color (id_card, id_color) values (5156,3);
insert into card_type (id_card, id_type) values (5156,7);
insert into card(id, name, manaCost, cmc, rarity_id, set_id, imageUrl, c_power, c_toughness, description) values ('5157','Lead','{3}{G}','10','2','7','//gatherer.wizards.com/Handlers/Image.ashx?multiverseid=426919&type=card','none','none','Aftermath (Cast this spell only from your graveyard. Then exile it.)
All creatures able to block target creature this turn do so.');
insert into card_color (id_card, id_color) values (5157,5);
insert into card_type (id_card, id_type) values (5157,6);
insert into card(id, name, manaCost, cmc, rarity_id, set_id, imageUrl, c_power, c_toughness, description) values ('5158','Onward','{2}{R}','10','2','7','//gatherer.wizards.com/Handlers/Image.ashx?multiverseid=426920&type=card','none','none','Target creature gets +X/+0 until end of turn, where X is its power.');
insert into card_color (id_card, id_color) values (5158,4);
insert into card_type (id_card, id_type) values (5158,7);
insert into card(id, name, manaCost, cmc, rarity_id, set_id, imageUrl, c_power, c_toughness, description) values ('5159','Victory','{2}{W}','10','2','7','//gatherer.wizards.com/Handlers/Image.ashx?multiverseid=426920&type=card','none','none','Aftermath (Cast this spell only from your graveyard. Then exile it.)
Target creature gains double strike until end of turn.');
insert into card_color (id_card, id_color) values (5159,2);
insert into card_type (id_card, id_type) values (5159,6);
insert into card(id, name, manaCost, cmc, rarity_id, set_id, imageUrl, c_power, c_toughness, description) values ('5160','Spring','{2}{G}','10','2','7','//gatherer.wizards.com/Handlers/Image.ashx?multiverseid=426921&type=card','none','none','Search your library for a basic land card, put it onto the battlefield tapped, then shuffle your library.');
insert into card_color (id_card, id_color) values (5160,5);
insert into card_type (id_card, id_type) values (5160,6);
insert into card(id, name, manaCost, cmc, rarity_id, set_id, imageUrl, c_power, c_toughness, description) values ('5161','Mind','{4}{U}{U}','10','2','7','//gatherer.wizards.com/Handlers/Image.ashx?multiverseid=426921&type=card','none','none','Aftermath (Cast this spell only from your graveyard. Then exile it.)
Draw two cards.');
insert into card_color (id_card, id_color) values (5161,6);
insert into card_type (id_card, id_type) values (5161,7);
insert into card(id, name, manaCost, cmc, rarity_id, set_id, imageUrl, c_power, c_toughness, description) values ('5162','Prepare','{1}{W}','10','3','7','//gatherer.wizards.com/Handlers/Image.ashx?multiverseid=426922&type=card','none','none','Untap target creature. It gets +2/+2 and gains lifelink until end of turn.');
insert into card_color (id_card, id_color) values (5162,2);
insert into card_type (id_card, id_type) values (5162,7);
insert into card(id, name, manaCost, cmc, rarity_id, set_id, imageUrl, c_power, c_toughness, description) values ('5163','Fight','{3}{G}','10','3','7','//gatherer.wizards.com/Handlers/Image.ashx?multiverseid=426922&type=card','none','none','Aftermath (Cast this spell only from your graveyard. Then exile it.)
Target creature you control fights target creature an opponent controls.');
insert into card_color (id_card, id_color) values (5163,5);
insert into card_type (id_card, id_type) values (5163,6);
insert into card(id, name, manaCost, cmc, rarity_id, set_id, imageUrl, c_power, c_toughness, description) values ('5164','Failure','{1}{U}','10','3','7','//gatherer.wizards.com/Handlers/Image.ashx?multiverseid=426923&type=card','none','none','Return target spell to its owner§s hand.');
insert into card_color (id_card, id_color) values (5164,6);
insert into card_type (id_card, id_type) values (5164,7);
insert into card(id, name, manaCost, cmc, rarity_id, set_id, imageUrl, c_power, c_toughness, description) values ('5165','Comply','{W}','10','3','7','//gatherer.wizards.com/Handlers/Image.ashx?multiverseid=426923&type=card','none','none','Aftermath (Cast this spell only from your graveyard. Then exile it.)
Choose a card name. Until your next turn, your opponents can§t cast spells with the chosen name.');
insert into card_color (id_card, id_color) values (5165,2);
insert into card_type (id_card, id_type) values (5165,6);
insert into card(id, name, manaCost, cmc, rarity_id, set_id, imageUrl, c_power, c_toughness, description) values ('5166','Rags','{2}{B}{B}','10','3','7','//gatherer.wizards.com/Handlers/Image.ashx?multiverseid=426924&type=card','none','none','All creatures get -2/-2 until end of turn.');
insert into card_color (id_card, id_color) values (5166,3);
insert into card_type (id_card, id_type) values (5166,6);
insert into card(id, name, manaCost, cmc, rarity_id, set_id, imageUrl, c_power, c_toughness, description) values ('5167','Riches','{5}{U}{U}','10','3','7','//gatherer.wizards.com/Handlers/Image.ashx?multiverseid=426924&type=card','none','none','Aftermath (Cast this spell only from your graveyard. Then exile it.)
Each opponent chooses a creature he or she controls. You gain control of those creatures.');
insert into card_color (id_card, id_color) values (5167,6);
insert into card_type (id_card, id_type) values (5167,6);
insert into card(id, name, manaCost, cmc, rarity_id, set_id, imageUrl, c_power, c_toughness, description) values ('5168','Cut','{1}{R}','10','3','7','//gatherer.wizards.com/Handlers/Image.ashx?multiverseid=426925&type=card','none','none','Cut deals 4 damage to target creature.');
insert into card_color (id_card, id_color) values (5168,4);
insert into card_type (id_card, id_type) values (5168,6);
insert into card(id, name, manaCost, cmc, rarity_id, set_id, imageUrl, c_power, c_toughness, description) values ('5169','Ribbons','{X}{B}{B}','10','3','7','//gatherer.wizards.com/Handlers/Image.ashx?multiverseid=426925&type=card','none','none','Aftermath (Cast this spell only from your graveyard. Then exile it.)
Each opponent loses X life.');
insert into card_color (id_card, id_color) values (5169,3);
insert into card_type (id_card, id_type) values (5169,6);
insert into card(id, name, manaCost, cmc, rarity_id, set_id, imageUrl, c_power, c_toughness, description) values ('5170','Heaven','{X}{G}','10','3','7','//gatherer.wizards.com/Handlers/Image.ashx?multiverseid=426926&type=card','none','none','Heaven deals X damage to each creature with flying.');
insert into card_color (id_card, id_color) values (5170,5);
insert into card_type (id_card, id_type) values (5170,7);
insert into card(id, name, manaCost, cmc, rarity_id, set_id, imageUrl, c_power, c_toughness, description) values ('5171','Earth','{X}{R}{R}','10','3','7','//gatherer.wizards.com/Handlers/Image.ashx?multiverseid=426926&type=card','none','none','Aftermath (Cast this spell only from your graveyard. Then exile it.)
Earth deals X damage to each creature without flying.');
insert into card_color (id_card, id_color) values (5171,4);
insert into card_type (id_card, id_type) values (5171,6);
insert into card(id, name, manaCost, cmc, rarity_id, set_id, imageUrl, c_power, c_toughness, description) values ('5172','Bontu§s Monument','{3}','10','2','7','//gatherer.wizards.com/Handlers/Image.ashx?multiverseid=426927&type=card','none','none','Black creature spells you cast cost {1} less to cast.
Whenever you cast a creature spell, each opponent loses 1 life and you gain 1 life.');
insert into card_color (id_card, id_color) values (5172,1);
insert into card_type (id_card, id_type) values (5172,3);
insert into card_supertype (id_card, id_supertype) values (5172,3);
insert into card(id, name, manaCost, cmc, rarity_id, set_id, imageUrl, c_power, c_toughness, description) values ('5173','Edifice of Authority','{3}','10','2','7','//gatherer.wizards.com/Handlers/Image.ashx?multiverseid=426928&type=card','none','none','{1}, {T}: Target creature can§t attack this turn. Put a brick counter on Edifice of Authority.
{1}, {T}: Until your next turn, target creature can§t attack or block and its activated abilities can§t be activated. Activate this ability only if there are three or more brick counters on Edifice of Authority.');
insert into card_color (id_card, id_color) values (5173,1);
insert into card_type (id_card, id_type) values (5173,3);
insert into card(id, name, manaCost, cmc, rarity_id, set_id, imageUrl, c_power, c_toughness, description) values ('5174','Embalmer§s Tools','{2}','10','2','7','//gatherer.wizards.com/Handlers/Image.ashx?multiverseid=426929&type=card','none','none','Activated abilities of creature cards in your graveyard cost {1} less to activate.
Tap an untapped Zombie you control: Target player puts the top card of his or her library into his or her graveyard.');
insert into card_color (id_card, id_color) values (5174,1);
insert into card_type (id_card, id_type) values (5174,3);
insert into card(id, name, manaCost, cmc, rarity_id, set_id, imageUrl, c_power, c_toughness, description) values ('5175','Gate to the Afterlife','{3}','10','2','7','//gatherer.wizards.com/Handlers/Image.ashx?multiverseid=426930&type=card','none','none','Whenever a nontoken creature you control dies, you gain 1 life. Then you may draw a card. If you do, discard a card.
{2}, {T}, Sacrifice Gate to the Afterlife: Search your graveyard, hand, and/or library for a card named God-Pharaoh§s Gift and put it onto the battlefield. If you search your library this way, shuffle it. Activate this ability only if there are six or more creature cards in your graveyard.');
insert into card_color (id_card, id_color) values (5175,1);
insert into card_type (id_card, id_type) values (5175,3);
insert into card(id, name, manaCost, cmc, rarity_id, set_id, imageUrl, c_power, c_toughness, description) values ('5176','Hazoret§s Monument','{3}','10','2','7','//gatherer.wizards.com/Handlers/Image.ashx?multiverseid=426931&type=card','none','none','Red creature spells you cast cost {1} less to cast.
Whenever you cast a creature spell, you may discard a card. If you do, draw a card.');
insert into card_color (id_card, id_color) values (5176,1);
insert into card_type (id_card, id_type) values (5176,3);
insert into card_supertype (id_card, id_supertype) values (5176,3);
insert into card(id, name, manaCost, cmc, rarity_id, set_id, imageUrl, c_power, c_toughness, description) values ('5177','Honed Khopesh','{1}','10','1','7','//gatherer.wizards.com/Handlers/Image.ashx?multiverseid=426932&type=card','none','none','Equipped creature gets +1/+1.
Equip {1} ({1}: Attach to target creature you control. Equip only as a sorcery.)');
insert into card_color (id_card, id_color) values (5177,1);
insert into card_type (id_card, id_type) values (5177,3);
insert into card(id, name, manaCost, cmc, rarity_id, set_id, imageUrl, c_power, c_toughness, description) values ('5178','Kefnet§s Monument','{3}','10','2','7','//gatherer.wizards.com/Handlers/Image.ashx?multiverseid=426933&type=card','none','none','Blue creature spells you cast cost {1} less to cast.
Whenever you cast a creature spell, target creature an opponent controls doesn§t untap during its controller§s next untap step.');
insert into card_color (id_card, id_color) values (5178,1);
insert into card_type (id_card, id_type) values (5178,3);
insert into card_supertype (id_card, id_supertype) values (5178,3);
insert into card(id, name, manaCost, cmc, rarity_id, set_id, imageUrl, c_power, c_toughness, description) values ('5179','Luxa River Shrine','{3}','10','1','7','//gatherer.wizards.com/Handlers/Image.ashx?multiverseid=426934&type=card','none','none','{1}, {T}: You gain 1 life. Put a brick counter on Luxa River Shrine.
{T}: You gain 2 life. Activate this ability only if there are three or more brick counters on Luxa River Shrine.');
insert into card_color (id_card, id_color) values (5179,1);
insert into card_type (id_card, id_type) values (5179,3);
insert into card(id, name, manaCost, cmc, rarity_id, set_id, imageUrl, c_power, c_toughness, description) values ('5180','Oketra§s Monument','{3}','10','2','7','//gatherer.wizards.com/Handlers/Image.ashx?multiverseid=426935&type=card','none','none','White creature spells you cast cost {1} less to cast.
Whenever you cast a creature spell, create a 1/1 white Warrior creature token with vigilance.');
insert into card_color (id_card, id_color) values (5180,1);
insert into card_type (id_card, id_type) values (5180,3);
insert into card_supertype (id_card, id_supertype) values (5180,3);
insert into card(id, name, manaCost, cmc, rarity_id, set_id, imageUrl, c_power, c_toughness, description) values ('5181','Oracle§s Vault','{4}','10','3','7','//gatherer.wizards.com/Handlers/Image.ashx?multiverseid=426936&type=card','none','none','{2}, {T}: Exile the top card of your library. Until end of turn, you may play that card. Put a brick counter on Oracle§s Vault.
{T}: Exile the top card of your library. Until end of turn, you may play that card without paying its mana cost. Activate this ability only if there are three or more brick counters on Oracle§s Vault.');
insert into card_color (id_card, id_color) values (5181,1);
insert into card_type (id_card, id_type) values (5181,3);
insert into card(id, name, manaCost, cmc, rarity_id, set_id, imageUrl, c_power, c_toughness, description) values ('5182','Pyramid of the Pantheon','{1}','10','3','7','//gatherer.wizards.com/Handlers/Image.ashx?multiverseid=426937&type=card','none','none','{2}, {T}: Add one mana of any color to your mana pool. Put a brick counter on Pyramid of the Pantheon.
{T}: Add three mana of any one color to your mana pool. Activate this ability only if there are three or more brick counters on Pyramid of the Pantheon.');
insert into card_color (id_card, id_color) values (5182,1);
insert into card_type (id_card, id_type) values (5182,3);
insert into card(id, name, manaCost, cmc, rarity_id, set_id, imageUrl, c_power, c_toughness, description) values ('5183','Rhonas§s Monument','{3}','10','2','7','//gatherer.wizards.com/Handlers/Image.ashx?multiverseid=426938&type=card','none','none','Green creature spells you cast cost {1} less to cast.
Whenever you cast a creature spell, target creature you control gets +2/+2 and gains trample until end of turn.');
insert into card_color (id_card, id_color) values (5183,1);
insert into card_type (id_card, id_type) values (5183,3);
insert into card_supertype (id_card, id_supertype) values (5183,3);
insert into card(id, name, manaCost, cmc, rarity_id, set_id, imageUrl, c_power, c_toughness, description) values ('5184','Throne of the God-Pharaoh','{2}','10','3','7','//gatherer.wizards.com/Handlers/Image.ashx?multiverseid=426939&type=card','none','none','At the beginning of your end step, each opponent loses life equal to the number of tapped creatures you control.');
insert into card_color (id_card, id_color) values (5184,1);
insert into card_type (id_card, id_type) values (5184,3);
insert into card_supertype (id_card, id_supertype) values (5184,3);
insert into card(id, name, manaCost, cmc, rarity_id, set_id, imageUrl, c_power, c_toughness, description) values ('5185','Watchers of the Dead','{2}','10','2','7','//gatherer.wizards.com/Handlers/Image.ashx?multiverseid=426940&type=card','2','2','Exile Watchers of the Dead: Each opponent chooses two cards in his or her graveyard and exiles the rest.');
insert into card_color (id_card, id_color) values (5185,1);
insert into card_type (id_card, id_type) values (5185,3);
insert into card_type (id_card, id_type) values (5185,1);
insert into card(id, name, manaCost, cmc, rarity_id, set_id, imageUrl, c_power, c_toughness, description) values ('5186','Canyon Slough','null','10','3','7','//gatherer.wizards.com/Handlers/Image.ashx?multiverseid=426941&type=card','none','none','({T}: Add {B} or {R} to your mana pool.)
Canyon Slough enters the battlefield tapped.
Cycling {2} ({2}, Discard this card: Draw a card.)');
insert into card_color (id_card, id_color) values (5186,3);
insert into card_color (id_card, id_color) values (5186,4);
insert into card_type (id_card, id_type) values (5186,2);
insert into card(id, name, manaCost, cmc, rarity_id, set_id, imageUrl, c_power, c_toughness, description) values ('5187','Cascading Cataracts','null','10','3','7','//gatherer.wizards.com/Handlers/Image.ashx?multiverseid=426942&type=card','none','none','Indestructible
{T}: Add {C} to your mana pool.
{5}, {T}: Add five mana in any combination of colors to your mana pool.');
insert into card_color (id_card, id_color) values (5187,1);
insert into card_type (id_card, id_type) values (5187,2);
insert into card(id, name, manaCost, cmc, rarity_id, set_id, imageUrl, c_power, c_toughness, description) values ('5188','Cradle of the Accursed','null','10','1','7','//gatherer.wizards.com/Handlers/Image.ashx?multiverseid=426943&type=card','none','none','{T}: Add {C} to your mana pool.
{3}, {T}, Sacrifice Cradle of the Accursed: Create a 2/2 black Zombie creature token. Activate this ability only any time you could cast a sorcery.');
insert into card_color (id_card, id_color) values (5188,1);
insert into card_type (id_card, id_type) values (5188,2);
insert into card(id, name, manaCost, cmc, rarity_id, set_id, imageUrl, c_power, c_toughness, description) values ('5189','Evolving Wilds','null','10','1','7','//gatherer.wizards.com/Handlers/Image.ashx?multiverseid=426944&type=card','none','none','{T}, Sacrifice Evolving Wilds: Search your library for a basic land card and put it onto the battlefield tapped. Then shuffle your library.');
insert into card_color (id_card, id_color) values (5189,1);
insert into card_type (id_card, id_type) values (5189,2);
insert into card(id, name, manaCost, cmc, rarity_id, set_id, imageUrl, c_power, c_toughness, description) values ('5190','Fetid Pools','null','10','3','7','//gatherer.wizards.com/Handlers/Image.ashx?multiverseid=426945&type=card','none','none','({T}: Add {U} or {B} to your mana pool.)
Fetid Pools enters the battlefield tapped.
Cycling {2} ({2}, Discard this card: Draw a card.)');
insert into card_color (id_card, id_color) values (5190,6);
insert into card_color (id_card, id_color) values (5190,3);
insert into card_type (id_card, id_type) values (5190,2);
insert into card(id, name, manaCost, cmc, rarity_id, set_id, imageUrl, c_power, c_toughness, description) values ('5191','Grasping Dunes','null','10','2','7','//gatherer.wizards.com/Handlers/Image.ashx?multiverseid=426946&type=card','none','none','{T}: Add {C} to your mana pool.
{1}, {T}, Sacrifice Grasping Dunes: Put a -1/-1 counter on target creature. Activate this ability only any time you could cast a sorcery.');
insert into card_color (id_card, id_color) values (5191,1);
insert into card_type (id_card, id_type) values (5191,2);
insert into card(id, name, manaCost, cmc, rarity_id, set_id, imageUrl, c_power, c_toughness, description) values ('5192','Irrigated Farmland','null','10','3','7','//gatherer.wizards.com/Handlers/Image.ashx?multiverseid=426947&type=card','none','none','({T}: Add {W} or {U} to your mana pool.)
Irrigated Farmland enters the battlefield tapped.
Cycling {2} ({2}, Discard this card: Draw a card.)');
insert into card_color (id_card, id_color) values (5192,2);
insert into card_color (id_card, id_color) values (5192,6);
insert into card_type (id_card, id_type) values (5192,2);
insert into card(id, name, manaCost, cmc, rarity_id, set_id, imageUrl, c_power, c_toughness, description) values ('5193','Painted Bluffs','null','10','1','7','//gatherer.wizards.com/Handlers/Image.ashx?multiverseid=426948&type=card','none','none','{T}: Add {C} to your mana pool.
{1}, {T}: Add one mana of any color to your mana pool.');
insert into card_color (id_card, id_color) values (5193,1);
insert into card_type (id_card, id_type) values (5193,2);
insert into card(id, name, manaCost, cmc, rarity_id, set_id, imageUrl, c_power, c_toughness, description) values ('5194','Scattered Groves','null','10','3','7','//gatherer.wizards.com/Handlers/Image.ashx?multiverseid=426949&type=card','none','none','({T}: Add {G} or {W} to your mana pool.)
Scattered Groves enters the battlefield tapped.
Cycling {2} ({2}, Discard this card: Draw a card.)');
insert into card_color (id_card, id_color) values (5194,2);
insert into card_color (id_card, id_color) values (5194,5);
insert into card_type (id_card, id_type) values (5194,2);
insert into card(id, name, manaCost, cmc, rarity_id, set_id, imageUrl, c_power, c_toughness, description) values ('5195','Sheltered Thicket','null','10','3','7','//gatherer.wizards.com/Handlers/Image.ashx?multiverseid=426950&type=card','none','none','({T}: Add {R} or {G} to your mana pool.)
Sheltered Thicket enters the battlefield tapped.
Cycling {2} ({2}, Discard this card: Draw a card.)');
insert into card_color (id_card, id_color) values (5195,4);
insert into card_color (id_card, id_color) values (5195,5);
insert into card_type (id_card, id_type) values (5195,2);
insert into card(id, name, manaCost, cmc, rarity_id, set_id, imageUrl, c_power, c_toughness, description) values ('5196','Sunscorched Desert','null','10','1','7','//gatherer.wizards.com/Handlers/Image.ashx?multiverseid=426951&type=card','none','none','When Sunscorched Desert enters the battlefield, it deals 1 damage to target player.
{T}: Add {C} to your mana pool.');
insert into card_color (id_card, id_color) values (5196,1);
insert into card_type (id_card, id_type) values (5196,2);
insert into card(id, name, manaCost, cmc, rarity_id, set_id, imageUrl, c_power, c_toughness, description) values ('5197','Plains','null','10','6','7','//gatherer.wizards.com/Handlers/Image.ashx?multiverseid=426952&type=card','none','none','null');
insert into card_color (id_card, id_color) values (5197,2);
insert into card_type (id_card, id_type) values (5197,2);
insert into card_supertype (id_card, id_supertype) values (5197,2);
insert into card(id, name, manaCost, cmc, rarity_id, set_id, imageUrl, c_power, c_toughness, description) values ('5198','Island','null','10','6','7','//gatherer.wizards.com/Handlers/Image.ashx?multiverseid=426953&type=card','none','none','null');
insert into card_color (id_card, id_color) values (5198,6);
insert into card_type (id_card, id_type) values (5198,2);
insert into card_supertype (id_card, id_supertype) values (5198,2);
insert into card(id, name, manaCost, cmc, rarity_id, set_id, imageUrl, c_power, c_toughness, description) values ('5199','Swamp','null','10','6','7','//gatherer.wizards.com/Handlers/Image.ashx?multiverseid=426954&type=card','none','none','null');
insert into card_color (id_card, id_color) values (5199,3);
insert into card_type (id_card, id_type) values (5199,2);
insert into card_supertype (id_card, id_supertype) values (5199,2);
insert into card(id, name, manaCost, cmc, rarity_id, set_id, imageUrl, c_power, c_toughness, description) values ('5200','Mountain','null','10','6','7','//gatherer.wizards.com/Handlers/Image.ashx?multiverseid=426955&type=card','none','none','null');
insert into card_color (id_card, id_color) values (5200,4);
insert into card_type (id_card, id_type) values (5200,2);
insert into card_supertype (id_card, id_supertype) values (5200,2);
insert into card(id, name, manaCost, cmc, rarity_id, set_id, imageUrl, c_power, c_toughness, description) values ('5201','Forest','null','10','6','7','//gatherer.wizards.com/Handlers/Image.ashx?multiverseid=426956&type=card','none','none','null');
insert into card_color (id_card, id_color) values (5201,5);
insert into card_type (id_card, id_type) values (5201,2);
insert into card_supertype (id_card, id_supertype) values (5201,2);
insert into card(id, name, manaCost, cmc, rarity_id, set_id, imageUrl, c_power, c_toughness, description) values ('5202','Plains','null','10','6','7','//gatherer.wizards.com/Handlers/Image.ashx?multiverseid=426957&type=card','none','none','null');
insert into card_color (id_card, id_color) values (5202,2);
insert into card_type (id_card, id_type) values (5202,2);
insert into card_supertype (id_card, id_supertype) values (5202,2);
insert into card(id, name, manaCost, cmc, rarity_id, set_id, imageUrl, c_power, c_toughness, description) values ('5203','Plains','null','10','6','7','//gatherer.wizards.com/Handlers/Image.ashx?multiverseid=426958&type=card','none','none','null');
insert into card_color (id_card, id_color) values (5203,2);
insert into card_type (id_card, id_type) values (5203,2);
insert into card_supertype (id_card, id_supertype) values (5203,2);
insert into card(id, name, manaCost, cmc, rarity_id, set_id, imageUrl, c_power, c_toughness, description) values ('5204','Plains','null','10','6','7','//gatherer.wizards.com/Handlers/Image.ashx?multiverseid=426959&type=card','none','none','null');
insert into card_color (id_card, id_color) values (5204,2);
insert into card_type (id_card, id_type) values (5204,2);
insert into card_supertype (id_card, id_supertype) values (5204,2);
insert into card(id, name, manaCost, cmc, rarity_id, set_id, imageUrl, c_power, c_toughness, description) values ('5205','Island','null','10','6','7','//gatherer.wizards.com/Handlers/Image.ashx?multiverseid=426960&type=card','none','none','null');
insert into card_color (id_card, id_color) values (5205,6);
insert into card_type (id_card, id_type) values (5205,2);
insert into card_supertype (id_card, id_supertype) values (5205,2);
insert into card(id, name, manaCost, cmc, rarity_id, set_id, imageUrl, c_power, c_toughness, description) values ('5206','Island','null','10','6','7','//gatherer.wizards.com/Handlers/Image.ashx?multiverseid=426961&type=card','none','none','null');
insert into card_color (id_card, id_color) values (5206,6);
insert into card_type (id_card, id_type) values (5206,2);
insert into card_supertype (id_card, id_supertype) values (5206,2);
insert into card(id, name, manaCost, cmc, rarity_id, set_id, imageUrl, c_power, c_toughness, description) values ('5207','Island','null','10','6','7','//gatherer.wizards.com/Handlers/Image.ashx?multiverseid=426962&type=card','none','none','null');
insert into card_color (id_card, id_color) values (5207,6);
insert into card_type (id_card, id_type) values (5207,2);
insert into card_supertype (id_card, id_supertype) values (5207,2);
insert into card(id, name, manaCost, cmc, rarity_id, set_id, imageUrl, c_power, c_toughness, description) values ('5208','Swamp','null','10','6','7','//gatherer.wizards.com/Handlers/Image.ashx?multiverseid=426963&type=card','none','none','null');
insert into card_color (id_card, id_color) values (5208,3);
insert into card_type (id_card, id_type) values (5208,2);
insert into card_supertype (id_card, id_supertype) values (5208,2);
insert into card(id, name, manaCost, cmc, rarity_id, set_id, imageUrl, c_power, c_toughness, description) values ('5209','Swamp','null','10','6','7','//gatherer.wizards.com/Handlers/Image.ashx?multiverseid=426964&type=card','none','none','null');
insert into card_color (id_card, id_color) values (5209,3);
insert into card_type (id_card, id_type) values (5209,2);
insert into card_supertype (id_card, id_supertype) values (5209,2);
insert into card(id, name, manaCost, cmc, rarity_id, set_id, imageUrl, c_power, c_toughness, description) values ('5210','Swamp','null','10','6','7','//gatherer.wizards.com/Handlers/Image.ashx?multiverseid=426965&type=card','none','none','null');
insert into card_color (id_card, id_color) values (5210,3);
insert into card_type (id_card, id_type) values (5210,2);
insert into card_supertype (id_card, id_supertype) values (5210,2);
insert into card(id, name, manaCost, cmc, rarity_id, set_id, imageUrl, c_power, c_toughness, description) values ('5211','Mountain','null','10','6','7','//gatherer.wizards.com/Handlers/Image.ashx?multiverseid=426966&type=card','none','none','null');
insert into card_color (id_card, id_color) values (5211,4);
insert into card_type (id_card, id_type) values (5211,2);
insert into card_supertype (id_card, id_supertype) values (5211,2);
insert into card(id, name, manaCost, cmc, rarity_id, set_id, imageUrl, c_power, c_toughness, description) values ('5212','Mountain','null','10','6','7','//gatherer.wizards.com/Handlers/Image.ashx?multiverseid=426967&type=card','none','none','null');
insert into card_color (id_card, id_color) values (5212,4);
insert into card_type (id_card, id_type) values (5212,2);
insert into card_supertype (id_card, id_supertype) values (5212,2);
insert into card(id, name, manaCost, cmc, rarity_id, set_id, imageUrl, c_power, c_toughness, description) values ('5213','Mountain','null','10','6','7','//gatherer.wizards.com/Handlers/Image.ashx?multiverseid=426968&type=card','none','none','null');
insert into card_color (id_card, id_color) values (5213,4);
insert into card_type (id_card, id_type) values (5213,2);
insert into card_supertype (id_card, id_supertype) values (5213,2);
insert into card(id, name, manaCost, cmc, rarity_id, set_id, imageUrl, c_power, c_toughness, description) values ('5214','Forest','null','10','6','7','//gatherer.wizards.com/Handlers/Image.ashx?multiverseid=426969&type=card','none','none','null');
insert into card_color (id_card, id_color) values (5214,5);
insert into card_type (id_card, id_type) values (5214,2);
insert into card_supertype (id_card, id_supertype) values (5214,2);
insert into card(id, name, manaCost, cmc, rarity_id, set_id, imageUrl, c_power, c_toughness, description) values ('5215','Forest','null','10','6','7','//gatherer.wizards.com/Handlers/Image.ashx?multiverseid=426970&type=card','none','none','null');
insert into card_color (id_card, id_color) values (5215,5);
insert into card_type (id_card, id_type) values (5215,2);
insert into card_supertype (id_card, id_supertype) values (5215,2);
insert into card(id, name, manaCost, cmc, rarity_id, set_id, imageUrl, c_power, c_toughness, description) values ('5216','Forest','null','10','6','7','//gatherer.wizards.com/Handlers/Image.ashx?multiverseid=426971&type=card','none','none','null');
insert into card_color (id_card, id_color) values (5216,5);
insert into card_type (id_card, id_type) values (5216,2);
insert into card_supertype (id_card, id_supertype) values (5216,2);
insert into card(id, name, manaCost, cmc, rarity_id, set_id, imageUrl, c_power, c_toughness, description) values ('5217','Gideon, Martial Paragon','{4}{W}','10','4','7','//gatherer.wizards.com/Handlers/Image.ashx?multiverseid=429662&type=card','none','none','+2: Untap all creatures you control. Those creatures get +1/+1 until end of turn.
0: Until end of turn, Gideon, Martial Paragon becomes a 5/5 Human Soldier creature with indestructible that§s still a planeswalker. Prevent all damage that would be dealt to him this turn.
−10: Creatures you control get +2/+2 until end of turn. Tap all creatures your opponents control.');
insert into card_color (id_card, id_color) values (5217,2);
insert into card_type (id_card, id_type) values (5217,5);
insert into card(id, name, manaCost, cmc, rarity_id, set_id, imageUrl, c_power, c_toughness, description) values ('5218','Companion of the Trials','{2}{W}','10','2','7','//gatherer.wizards.com/Handlers/Image.ashx?multiverseid=429663&type=card','2','2','Flying
{1}{W}: Untap target creature. Activate this ability only if you control a Gideon planeswalker.');
insert into card_color (id_card, id_color) values (5218,2);
insert into card_type (id_card, id_type) values (5218,1);
insert into card(id, name, manaCost, cmc, rarity_id, set_id, imageUrl, c_power, c_toughness, description) values ('5219','Gideon§s Resolve','{4}{W}','10','3','7','//gatherer.wizards.com/Handlers/Image.ashx?multiverseid=429664&type=card','none','none','When Gideon§s Resolve enters the battlefield, you may search your library and/or graveyard for a card named Gideon, Martial Paragon, reveal it, and put it into your hand. If you search your library this way, shuffle it.
Creatures you control get +1/+1.');
insert into card_color (id_card, id_color) values (5219,2);
insert into card_type (id_card, id_type) values (5219,4);
insert into card(id, name, manaCost, cmc, rarity_id, set_id, imageUrl, c_power, c_toughness, description) values ('5220','Graceful Cat','{2}{W}','10','1','7','//gatherer.wizards.com/Handlers/Image.ashx?multiverseid=429665&type=card','2','2','Whenever Graceful Cat attacks, it gets +1/+1 until end of turn.');
insert into card_color (id_card, id_color) values (5220,2);
insert into card_type (id_card, id_type) values (5220,1);
insert into card(id, name, manaCost, cmc, rarity_id, set_id, imageUrl, c_power, c_toughness, description) values ('5221','Stone Quarry','null','10','1','7','//gatherer.wizards.com/Handlers/Image.ashx?multiverseid=429666&type=card','none','none','Stone Quarry enters the battlefield tapped.
{T}: Add {R} or {W} to your mana pool.');
insert into card_color (id_card, id_color) values (5221,4);
insert into card_color (id_card, id_color) values (5221,2);
insert into card_type (id_card, id_type) values (5221,2);
insert into card(id, name, manaCost, cmc, rarity_id, set_id, imageUrl, c_power, c_toughness, description) values ('5222','Liliana, Death Wielder','{5}{B}{B}','10','4','7','//gatherer.wizards.com/Handlers/Image.ashx?multiverseid=429667&type=card','none','none','+2: Put a -1/-1 counter on up to one target creature.
−3: Destroy target creature with a -1/-1 counter on it.
−10: Return all creature cards from your graveyard to the battlefield.');
insert into card_color (id_card, id_color) values (5222,3);
insert into card_type (id_card, id_type) values (5222,5);
insert into card(id, name, manaCost, cmc, rarity_id, set_id, imageUrl, c_power, c_toughness, description) values ('5223','Desiccated Naga','{2}{B}','10','2','7','//gatherer.wizards.com/Handlers/Image.ashx?multiverseid=429668&type=card','3','2','{3}{B}: Target opponent loses 2 life and you gain 2 life. Activate this ability only if you control a Liliana planeswalker.');
insert into card_color (id_card, id_color) values (5223,3);
insert into card_type (id_card, id_type) values (5223,1);
insert into card(id, name, manaCost, cmc, rarity_id, set_id, imageUrl, c_power, c_toughness, description) values ('5224','Liliana§s Influence','{4}{B}{B}','10','3','7','//gatherer.wizards.com/Handlers/Image.ashx?multiverseid=429669&type=card','none','none','Put a -1/-1 counter on each creature you don§t control. You may search your library and/or graveyard for a card named Liliana, Death Wielder, reveal it, and put it into your hand. If you search your library this way, shuffle it.');
insert into card_color (id_card, id_color) values (5224,3);
insert into card_type (id_card, id_type) values (5224,6);
insert into card(id, name, manaCost, cmc, rarity_id, set_id, imageUrl, c_power, c_toughness, description) values ('5225','Tattered Mummy','{1}{B}','10','1','7','//gatherer.wizards.com/Handlers/Image.ashx?multiverseid=429670&type=card','1','2','When Tattered Mummy dies, each opponent loses 2 life.');
insert into card_color (id_card, id_color) values (5225,3);
insert into card_type (id_card, id_type) values (5225,1);
insert into card(id, name, manaCost, cmc, rarity_id, set_id, imageUrl, c_power, c_toughness, description) values ('5226','Foul Orchard','null','10','1','7','//gatherer.wizards.com/Handlers/Image.ashx?multiverseid=429671&type=card','none','none','Foul Orchard enters the battlefield tapped.
{T}: Add {B} or {G} to your mana pool.');
insert into card_color (id_card, id_color) values (5226,3);
insert into card_color (id_card, id_color) values (5226,5);
insert into card_type (id_card, id_type) values (5226,2);
insert into card(id, name, manaCost, cmc, rarity_id, set_id, imageUrl, c_power, c_toughness, description) values ('5227','Cinder Barrens','null','10','1','7','//gatherer.wizards.com/Handlers/Image.ashx?multiverseid=429672&type=card','none','none','Cinder Barrens enters the battlefield tapped.
{T}: Add {B} or {R} to your mana pool.');
insert into card_color (id_card, id_color) values (5227,3);
insert into card_color (id_card, id_color) values (5227,4);
insert into card_type (id_card, id_type) values (5227,2);
insert into card(id, name, manaCost, cmc, rarity_id, set_id, imageUrl, c_power, c_toughness, description) values ('5228','Forsaken Sanctuary','null','10','1','7','//gatherer.wizards.com/Handlers/Image.ashx?multiverseid=429673&type=card','none','none','Forsaken Sanctuary enters the battlefield tapped.
{T}: Add {W} or {B} to your mana pool.');
insert into card_color (id_card, id_color) values (5228,2);
insert into card_color (id_card, id_color) values (5228,3);
insert into card_type (id_card, id_type) values (5228,2);
insert into card(id, name, manaCost, cmc, rarity_id, set_id, imageUrl, c_power, c_toughness, description) values ('5229','Highland Lake','null','10','1','7','//gatherer.wizards.com/Handlers/Image.ashx?multiverseid=429674&type=card','none','none','Highland Lake enters the battlefield tapped.
{T}: Add {U} or {R} to your mana pool.');
insert into card_color (id_card, id_color) values (5229,6);
insert into card_color (id_card, id_color) values (5229,4);
insert into card_type (id_card, id_type) values (5229,2);
insert into card(id, name, manaCost, cmc, rarity_id, set_id, imageUrl, c_power, c_toughness, description) values ('5230','Meandering River','null','10','1','7','//gatherer.wizards.com/Handlers/Image.ashx?multiverseid=429675&type=card','none','none','Meandering River enters the battlefield tapped.
{T}: Add {W} or {U} to your mana pool.');
insert into card_color (id_card, id_color) values (5230,2);
insert into card_color (id_card, id_color) values (5230,6);
insert into card_type (id_card, id_type) values (5230,2);
insert into card(id, name, manaCost, cmc, rarity_id, set_id, imageUrl, c_power, c_toughness, description) values ('5231','Submerged Boneyard','null','10','1','7','//gatherer.wizards.com/Handlers/Image.ashx?multiverseid=429676&type=card','none','none','Submerged Boneyard enters the battlefield tapped.
{T}: Add {U} or {B} to your mana pool.');
insert into card_color (id_card, id_color) values (5231,6);
insert into card_color (id_card, id_color) values (5231,3);
insert into card_type (id_card, id_type) values (5231,2);
insert into card(id, name, manaCost, cmc, rarity_id, set_id, imageUrl, c_power, c_toughness, description) values ('5232','Timber Gorge','null','10','1','7','//gatherer.wizards.com/Handlers/Image.ashx?multiverseid=429677&type=card','none','none','Timber Gorge enters the battlefield tapped.
{T}: Add {R} or {G} to your mana pool.');
insert into card_color (id_card, id_color) values (5232,4);
insert into card_color (id_card, id_color) values (5232,5);
insert into card_type (id_card, id_type) values (5232,2);
insert into card(id, name, manaCost, cmc, rarity_id, set_id, imageUrl, c_power, c_toughness, description) values ('5233','Tranquil Expanse','null','10','1','7','//gatherer.wizards.com/Handlers/Image.ashx?multiverseid=429678&type=card','none','none','Tranquil Expanse enters the battlefield tapped.
{T}: Add {G} or {W} to your mana pool.');
insert into card_color (id_card, id_color) values (5233,5);
insert into card_color (id_card, id_color) values (5233,2);
insert into card_type (id_card, id_type) values (5233,2);
insert into card(id, name, manaCost, cmc, rarity_id, set_id, imageUrl, c_power, c_toughness, description) values ('5234','Woodland Stream','null','10','1','7','//gatherer.wizards.com/Handlers/Image.ashx?multiverseid=429679&type=card','none','none','Woodland Stream enters the battlefield tapped.
{T}: Add {G} or {U} to your mana pool.');
insert into card_color (id_card, id_color) values (5234,5);
insert into card_color (id_card, id_color) values (5234,6);
insert into card_type (id_card, id_type) values (5234,2);
